-- phpMyAdmin SQL Dump
-- version 5.2.0
-- https://www.phpmyadmin.net/
--
-- Host: localhost:3306
-- Generation Time: Apr 09, 2025 at 10:39 AM
-- Server version: 8.0.30
-- PHP Version: 8.3.17

SET SQL_MODE = "NO_AUTO_VALUE_ON_ZERO";
START TRANSACTION;
SET time_zone = "+00:00";


/*!40101 SET @OLD_CHARACTER_SET_CLIENT=@@CHARACTER_SET_CLIENT */;
/*!40101 SET @OLD_CHARACTER_SET_RESULTS=@@CHARACTER_SET_RESULTS */;
/*!40101 SET @OLD_COLLATION_CONNECTION=@@COLLATION_CONNECTION */;
/*!40101 SET NAMES utf8mb4 */;

--
-- Database: `eterna-watch`
--

-- --------------------------------------------------------

--
-- Table structure for table `attributes`
--

CREATE TABLE `attributes` (
  `id` bigint UNSIGNED NOT NULL,
  `attribute_name` varchar(100) COLLATE utf8mb4_unicode_ci NOT NULL,
  `created_at` timestamp NULL DEFAULT NULL,
  `updated_at` timestamp NULL DEFAULT NULL
) ENGINE=InnoDB DEFAULT CHARSET=utf8mb4 COLLATE=utf8mb4_unicode_ci;

--
-- Dumping data for table `attributes`
--

INSERT INTO `attributes` (`id`, `attribute_name`, `created_at`, `updated_at`) VALUES
(1, 'Màu sắc', '2025-04-03 14:46:30', '2025-04-03 14:46:30'),
(2, 'Chống nước', '2025-04-03 14:46:30', '2025-04-03 14:46:30'),
(3, 'Chất liệu dây', '2025-04-03 14:46:30', '2025-04-03 14:46:30'),
(4, 'Chất liệu mặt kính', '2025-04-03 14:46:30', '2025-04-03 14:46:30'),
(5, 'Kiểu máy', '2025-04-03 14:46:30', '2025-04-03 14:46:30'),
(6, 'Đường kính mặt', '2025-04-03 14:46:30', '2025-04-03 14:46:30');

-- --------------------------------------------------------

--
-- Table structure for table `attribute_values`
--

CREATE TABLE `attribute_values` (
  `id` bigint UNSIGNED NOT NULL,
  `attribute_id` bigint UNSIGNED NOT NULL,
  `value_name` varchar(100) COLLATE utf8mb4_unicode_ci NOT NULL,
  `note` varchar(100) COLLATE utf8mb4_unicode_ci DEFAULT NULL,
  `created_at` timestamp NULL DEFAULT NULL,
  `updated_at` timestamp NULL DEFAULT NULL
) ENGINE=InnoDB DEFAULT CHARSET=utf8mb4 COLLATE=utf8mb4_unicode_ci;

--
-- Dumping data for table `attribute_values`
--

INSERT INTO `attribute_values` (`id`, `attribute_id`, `value_name`, `note`, `created_at`, `updated_at`) VALUES
(1, 1, 'Đen', '#000000', '2025-04-03 14:46:30', '2025-04-03 14:46:30'),
(2, 1, 'Trắng', '#FFFFFF', '2025-04-03 14:46:30', '2025-04-03 14:46:30'),
(3, 1, 'Xanh', '#0000FF', '2025-04-03 14:46:30', '2025-04-03 14:46:30'),
(4, 2, '3 ATM', 'Chịu nước nhẹ', '2025-04-03 14:46:30', '2025-04-03 14:46:30'),
(5, 2, '5 ATM', 'Rửa tay, đi mưa', '2025-04-03 14:46:30', '2025-04-03 14:46:30'),
(6, 2, '10 ATM', 'Bơi lội', '2025-04-03 14:46:30', '2025-04-03 14:46:30'),
(7, 3, 'Thép không gỉ', NULL, '2025-04-03 14:46:30', '2025-04-03 14:46:30'),
(8, 3, 'Dây da', NULL, '2025-04-03 14:46:30', '2025-04-03 14:46:30'),
(9, 3, 'Dây cao su', NULL, '2025-04-03 14:46:30', '2025-04-03 14:46:30'),
(10, 4, 'Kính Sapphire', 'Chống xước tốt', '2025-04-03 14:46:30', '2025-04-03 14:46:30'),
(11, 4, 'Kính khoáng', 'Giá rẻ hơn, dễ trầy', '2025-04-03 14:46:30', '2025-04-03 14:46:30'),
(12, 4, 'Plexiglass', 'Nhựa tổng hợp', '2025-04-03 14:46:30', '2025-04-03 14:46:30'),
(13, 5, 'Quartz', 'Máy pin', '2025-04-03 14:46:30', '2025-04-03 14:46:30'),
(14, 5, 'Automatic', 'Máy cơ tự động', '2025-04-03 14:46:30', '2025-04-03 14:46:30'),
(15, 5, 'Hand-Winding', 'Máy cơ lên dây cót', '2025-04-03 14:46:30', '2025-04-03 14:46:30'),
(16, 6, '36mm', 'Nhỏ gọn', '2025-04-03 14:46:30', '2025-04-03 14:46:30'),
(17, 6, '40mm', 'Vừa phải', '2025-04-03 14:46:30', '2025-04-03 14:46:30'),
(18, 6, '44mm', 'Lớn', '2025-04-03 14:46:30', '2025-04-03 14:46:30');

-- --------------------------------------------------------

--
-- Table structure for table `banners`
--

CREATE TABLE `banners` (
  `id` bigint UNSIGNED NOT NULL,
  `image_link` varchar(255) COLLATE utf8mb4_unicode_ci NOT NULL,
  `redirect_link` varchar(255) COLLATE utf8mb4_unicode_ci DEFAULT NULL,
  `created_at` timestamp NULL DEFAULT NULL,
  `updated_at` timestamp NULL DEFAULT NULL
) ENGINE=InnoDB DEFAULT CHARSET=utf8mb4 COLLATE=utf8mb4_unicode_ci;

--
-- Dumping data for table `banners`
--

INSERT INTO `banners` (`id`, `image_link`, `redirect_link`, `created_at`, `updated_at`) VALUES
(1, 'storage/banners/1743847903.jpg', 'banner1', '2025-04-05 10:11:43', '2025-04-05 10:11:43');

-- --------------------------------------------------------

--
-- Table structure for table `brands`
--

CREATE TABLE `brands` (
  `id` bigint UNSIGNED NOT NULL,
  `name` varchar(255) COLLATE utf8mb4_unicode_ci NOT NULL,
  `parent_id` bigint UNSIGNED DEFAULT NULL,
  `created_at` timestamp NULL DEFAULT NULL,
  `updated_at` timestamp NULL DEFAULT NULL
) ENGINE=InnoDB DEFAULT CHARSET=utf8mb4 COLLATE=utf8mb4_unicode_ci;

--
-- Dumping data for table `brands`
--

INSERT INTO `brands` (`id`, `name`, `parent_id`, `created_at`, `updated_at`) VALUES
(1, 'Rolex', NULL, '2025-04-03 14:46:21', '2025-04-03 14:46:21'),
(2, 'Omega', NULL, '2025-04-03 14:46:21', '2025-04-03 14:46:21'),
(3, 'TAG Heuer', NULL, '2025-04-03 14:46:21', '2025-04-03 14:46:21'),
(4, 'Seiko', NULL, '2025-04-03 14:46:21', '2025-04-03 14:46:21'),
(5, 'Casio', NULL, '2025-04-03 14:46:21', '2025-04-03 14:46:21'),
(6, 'Tissot', NULL, '2025-04-03 14:46:21', '2025-04-03 14:46:21'),
(7, 'Citizen', NULL, '2025-04-03 14:46:21', '2025-04-03 14:46:21'),
(8, 'Fossil', NULL, '2025-04-03 14:46:21', '2025-04-03 14:46:21'),
(9, 'Garmin', NULL, '2025-04-03 14:46:21', '2025-04-03 14:46:21'),
(10, 'Apple', NULL, '2025-04-03 14:46:21', '2025-04-03 14:46:21'),
(11, 'Submariner2', 1, '2025-04-03 14:46:21', '2025-04-07 15:02:19'),
(12, 'Daytona', 1, '2025-04-03 14:46:21', '2025-04-03 14:46:21'),
(13, 'Datejust', 1, '2025-04-03 14:46:21', '2025-04-03 14:46:21'),
(14, 'Speedmaster', 2, '2025-04-03 14:46:21', '2025-04-03 14:46:21'),
(15, 'Seamaster', 2, '2025-04-03 14:46:21', '2025-04-03 14:46:21'),
(16, 'Constellation', 2, '2025-04-03 14:46:21', '2025-04-03 14:46:21'),
(17, 'Carrera', 3, '2025-04-03 14:46:21', '2025-04-03 14:46:21'),
(18, 'Aquaracer', 3, '2025-04-03 14:46:21', '2025-04-03 14:46:21'),
(19, 'Monaco', 3, '2025-04-03 14:46:21', '2025-04-03 14:46:21'),
(20, 'Presage', 4, '2025-04-03 14:46:21', '2025-04-03 14:46:21'),
(21, 'Prospex', 4, '2025-04-03 14:46:21', '2025-04-03 14:46:21'),
(22, 'Seiko 5', 4, '2025-04-03 14:46:21', '2025-04-03 14:46:21'),
(23, 'G-Shock', 5, '2025-04-03 14:46:21', '2025-04-03 14:46:21'),
(24, 'Edifice', 5, '2025-04-03 14:46:21', '2025-04-03 14:46:21'),
(25, 'Sheen', 5, '2025-04-03 14:46:21', '2025-04-03 14:46:21'),
(26, 'PRX', 6, '2025-04-03 14:46:21', '2025-04-03 14:46:21'),
(27, 'Le Locle', 6, '2025-04-03 14:46:21', '2025-04-03 14:46:21'),
(28, 'Seastar', 6, '2025-04-03 14:46:21', '2025-04-03 14:46:21'),
(29, 'Eco-Drive', 7, '2025-04-03 14:46:21', '2025-04-03 14:46:21'),
(30, 'Promaster', 7, '2025-04-03 14:46:21', '2025-04-03 14:46:21'),
(31, 'Quartz', 7, '2025-04-03 14:46:21', '2025-04-03 14:46:21'),
(32, 'Hybrid', 8, '2025-04-03 14:46:21', '2025-04-03 14:46:21'),
(33, 'Smartwatch', 8, '2025-04-03 14:46:21', '2025-04-03 14:46:21'),
(34, 'Chronograph', 8, '2025-04-03 14:46:21', '2025-04-03 14:46:21'),
(35, 'Fenix', 9, '2025-04-03 14:46:21', '2025-04-03 14:46:21'),
(36, 'Forerunner', 9, '2025-04-03 14:46:21', '2025-04-03 14:46:21'),
(37, 'Venu', 9, '2025-04-03 14:46:21', '2025-04-03 14:46:21'),
(38, 'Apple Watch Series 9', 10, '2025-04-03 14:46:21', '2025-04-03 14:46:21'),
(39, 'Apple Watch SE', 10, '2025-04-03 14:46:21', '2025-04-03 14:46:21'),
(40, 'Apple Watch Ultra', 10, '2025-04-03 14:46:21', '2025-04-03 14:46:21'),
(41, 'thương hiệu 1', 5, '2025-04-07 15:02:37', '2025-04-07 15:02:37');

-- --------------------------------------------------------

--
-- Table structure for table `carts`
--

CREATE TABLE `carts` (
  `id` bigint UNSIGNED NOT NULL,
  `user_id` bigint UNSIGNED NOT NULL,
  `created_at` timestamp NULL DEFAULT NULL,
  `updated_at` timestamp NULL DEFAULT NULL
) ENGINE=InnoDB DEFAULT CHARSET=utf8mb4 COLLATE=utf8mb4_unicode_ci;

--
-- Dumping data for table `carts`
--

INSERT INTO `carts` (`id`, `user_id`, `created_at`, `updated_at`) VALUES
(1, 3, '2025-04-05 09:20:34', '2025-04-05 09:20:34'),
(2, 4, '2025-04-05 11:30:52', '2025-04-05 11:30:52'),
(3, 5, '2025-04-05 12:44:58', '2025-04-05 12:44:58'),
(4, 6, '2025-04-05 15:55:11', '2025-04-05 15:55:11'),
(6, 8, '2025-04-07 12:31:40', '2025-04-07 12:31:40');

-- --------------------------------------------------------

--
-- Table structure for table `cart_details`
--

CREATE TABLE `cart_details` (
  `id` bigint UNSIGNED NOT NULL,
  `cart_id` bigint UNSIGNED NOT NULL,
  `variant_id` bigint UNSIGNED NOT NULL,
  `quantity` int NOT NULL DEFAULT '1',
  `price` decimal(10,2) NOT NULL,
  `created_at` timestamp NULL DEFAULT NULL,
  `updated_at` timestamp NULL DEFAULT NULL
) ENGINE=InnoDB DEFAULT CHARSET=utf8mb4 COLLATE=utf8mb4_unicode_ci;

--
-- Dumping data for table `cart_details`
--

INSERT INTO `cart_details` (`id`, `cart_id`, `variant_id`, `quantity`, `price`, `created_at`, `updated_at`) VALUES
(3, 2, 217, 1, '2470000.00', '2025-04-05 11:30:57', '2025-04-05 11:30:57'),
(4, 3, 176, 1, '4230000.00', '2025-04-05 12:44:58', '2025-04-05 12:44:58'),
(5, 3, 178, 16, '4050000.00', '2025-04-05 12:45:38', '2025-04-05 12:46:46'),
(7, 4, 26, 1, '470000.00', '2025-04-05 15:56:43', '2025-04-05 15:56:43'),
(13, 6, 137, 1, '4310000.00', '2025-04-07 12:31:40', '2025-04-07 12:31:40');

-- --------------------------------------------------------

--
-- Table structure for table `categories`
--

CREATE TABLE `categories` (
  `id` bigint UNSIGNED NOT NULL,
  `name` varchar(255) COLLATE utf8mb4_unicode_ci NOT NULL,
  `parent_id` bigint UNSIGNED DEFAULT NULL,
  `status` enum('active','inactive') COLLATE utf8mb4_unicode_ci NOT NULL DEFAULT 'active',
  `created_at` timestamp NULL DEFAULT NULL,
  `updated_at` timestamp NULL DEFAULT NULL
) ENGINE=InnoDB DEFAULT CHARSET=utf8mb4 COLLATE=utf8mb4_unicode_ci;

--
-- Dumping data for table `categories`
--

INSERT INTO `categories` (`id`, `name`, `parent_id`, `status`, `created_at`, `updated_at`) VALUES
(1, 'Đồng hồ nam', NULL, 'active', '2025-04-03 14:46:21', '2025-04-03 14:46:21'),
(2, 'Đồng hồ nữ', NULL, 'active', '2025-04-03 14:46:21', '2025-04-03 14:46:21'),
(3, 'Đồng hồ đôi', NULL, 'active', '2025-04-03 14:46:21', '2025-04-03 14:46:21'),
(4, 'Đồng hồ thông minh', NULL, 'active', '2025-04-03 14:46:21', '2025-04-03 14:46:21'),
(5, 'Phụ kiện đồng hồ', NULL, 'active', '2025-04-03 14:46:21', '2025-04-03 14:46:21'),
(6, 'Đồng hồ cơ', 1, 'active', '2025-04-03 14:46:21', '2025-04-03 14:46:21'),
(7, 'Đồng hồ quartz', 1, 'active', '2025-04-03 14:46:21', '2025-04-03 14:46:21'),
(8, 'Đồng hồ lặn', 1, 'active', '2025-04-03 14:46:21', '2025-04-03 14:46:21'),
(9, 'Đồng hồ thể thao', 1, 'active', '2025-04-03 14:46:21', '2025-04-03 14:46:21'),
(10, 'Đồng hồ cao cấp', 1, 'active', '2025-04-03 14:46:21', '2025-04-03 14:46:21'),
(11, 'Đồng hồ thời trang', 2, 'active', '2025-04-03 14:46:21', '2025-04-03 14:46:21'),
(12, 'Đồng hồ đính đá', 2, 'active', '2025-04-03 14:46:21', '2025-04-03 14:46:21'),
(13, 'Đồng hồ dây da', 2, 'active', '2025-04-03 14:46:21', '2025-04-03 14:46:21'),
(14, 'Đồng hồ dây kim loại', 2, 'active', '2025-04-03 14:46:21', '2025-04-03 14:46:21'),
(15, 'Đồng hồ thông minh', 2, 'active', '2025-04-03 14:46:21', '2025-04-03 14:46:21'),
(16, 'Đồng hồ cặp tình nhân', 3, 'active', '2025-04-03 14:46:21', '2025-04-03 14:46:21'),
(17, 'Đồng hồ cưới', 3, 'active', '2025-04-03 14:46:21', '2025-04-03 14:46:21'),
(18, 'Đồng hồ anniversary', 3, 'active', '2025-04-03 14:46:21', '2025-04-03 14:46:21'),
(19, 'Apple Watch', 4, 'active', '2025-04-03 14:46:21', '2025-04-03 14:46:21'),
(20, 'Samsung Galaxy Watch', 4, 'active', '2025-04-03 14:46:21', '2025-04-03 14:46:21'),
(21, 'Garmin', 4, 'active', '2025-04-03 14:46:21', '2025-04-03 14:46:21'),
(22, 'Xiaomi', 4, 'active', '2025-04-03 14:46:21', '2025-04-03 14:46:21'),
(23, 'HUAWEI', 4, 'active', '2025-04-03 14:46:21', '2025-04-03 14:46:21'),
(24, 'Dây đồng hồ', 5, 'active', '2025-04-03 14:46:21', '2025-04-03 14:46:21'),
(25, 'Hộp đựng đồng hồ', 5, 'active', '2025-04-03 14:46:21', '2025-04-03 14:46:21'),
(26, 'Pin đồng hồ', 5, 'active', '2025-04-03 14:46:21', '2025-04-03 14:46:21'),
(27, 'Kính đồng hồ', 5, 'active', '2025-04-03 14:46:21', '2025-04-03 14:46:21'),
(28, 'Dịch vụ bảo trì', 5, 'active', '2025-04-03 14:46:21', '2025-04-03 14:46:21');

-- --------------------------------------------------------

--
-- Table structure for table `comments`
--

CREATE TABLE `comments` (
  `id` bigint UNSIGNED NOT NULL,
  `user_id` bigint UNSIGNED NOT NULL,
  `entity_id` bigint UNSIGNED NOT NULL,
  `entity_type` varchar(255) COLLATE utf8mb4_unicode_ci NOT NULL,
  `content` text COLLATE utf8mb4_unicode_ci NOT NULL,
  `rating` int DEFAULT NULL,
  `parent_id` bigint UNSIGNED DEFAULT NULL,
  `created_at` timestamp NULL DEFAULT NULL,
  `updated_at` timestamp NULL DEFAULT NULL,
  `status` enum('pending','approved','rejected') COLLATE utf8mb4_unicode_ci NOT NULL DEFAULT 'pending'
) ENGINE=InnoDB DEFAULT CHARSET=utf8mb4 COLLATE=utf8mb4_unicode_ci;

--
-- Dumping data for table `comments`
--

INSERT INTO `comments` (`id`, `user_id`, `entity_id`, `entity_type`, `content`, `rating`, `parent_id`, `created_at`, `updated_at`, `status`) VALUES
(1, 4, 35, 'pending', 'Voluptatem fuga molestiae itaque modi inventore autem error. Soluta veniam est nihil ut neque.', NULL, NULL, '2025-04-03 14:46:34', '2025-04-06 15:11:28', 'pending'),
(2, 24, 24, 'approved', 'Temporibus exercitationem cumque placeat molestias quo. Repudiandae pariatur exercitationem ducimus eaque assumenda aut. Adipisci labore iste dolor pariatur. Sed quod dicta nobis sunt ea in tempora.', NULL, NULL, '2025-04-03 14:46:34', '2025-04-06 15:11:33', 'approved'),
(3, 22, 36, 'rejected', 'Nihil velit omnis ab repellat exercitationem dolorum. Deserunt sed sunt nobis voluptatem nisi. Neque voluptatem quod animi minima dolor. At est laborum magni voluptatem fugiat.', NULL, NULL, '2025-04-03 14:46:34', '2025-04-06 15:11:38', 'pending'),
(4, 32, 1, 'product', 'Aspernatur nam est animi itaque quas quas ut. Officiis qui ut ipsa et qui molestiae quasi. At ut aspernatur voluptatem est accusantium consequatur.', 5, NULL, '2025-04-03 14:46:34', '2025-04-06 16:00:32', 'approved'),
(5, 32, 23, 'product', 'Consequatur commodi assumenda culpa. Expedita molestiae quidem possimus adipisci sunt sint. Voluptas qui minus mollitia.', 2, NULL, '2025-04-03 14:46:34', '2025-04-06 16:01:08', 'rejected'),
(6, 6, 49, 'post', 'Vero quos qui fuga recusandae labore amet. Culpa culpa maiores voluptates aut occaecati. Velit voluptas consectetur necessitatibus.', NULL, NULL, '2025-04-03 14:46:34', '2025-04-03 14:46:34', 'rejected'),
(7, 33, 20, 'product', 'Alias cumque libero consequatur ullam sunt. Beatae maxime vitae nisi at velit ea. Eos nobis commodi qui sunt enim voluptas sit.', 5, NULL, '2025-04-03 14:46:34', '2025-04-06 16:31:18', 'approved'),
(8, 14, 47, 'post', 'Voluptatem at alias quo sunt consequatur. Blanditiis dolorem nemo sunt voluptates. Fugiat reprehenderit quis aliquid.', NULL, NULL, '2025-04-03 14:46:34', '2025-04-06 15:46:24', 'approved'),
(9, 40, 10, 'product', 'Ullam ut fugiat dolore earum. Maiores eius rerum id nemo ut modi ut. Repellat et tempora atque esse praesentium. Dolorem minima molestias qui incidunt qui quae.', 2, NULL, '2025-04-03 14:46:34', '2025-04-07 15:08:26', 'rejected'),
(10, 7, 3, 'product', 'Velit nobis esse deserunt eum sint quis. Cumque et amet et ipsam non. Recusandae ipsum minus a quam nostrum sint. Nesciunt iusto id quidem id qui possimus. Nemo est voluptatibus amet perspiciatis voluptatem sint eius.', 3, NULL, '2025-04-03 14:46:34', '2025-04-03 14:46:34', 'pending'),
(11, 1, 19, 'product', 'Non sapiente explicabo omnis consequatur. Facere laudantium quam dolorem quasi dolore repellendus sed. Aut quaerat id culpa ratione sed vel. Incidunt dolorem vitae odio esse. Veritatis repudiandae repudiandae recusandae corrupti amet dolorem in in.', 3, NULL, '2025-04-03 14:46:34', '2025-04-03 14:46:34', 'pending'),
(12, 27, 27, 'product', 'Ea adipisci consequatur voluptatem esse. Enim eius est laboriosam eos consectetur laudantium optio ipsum. Aut sequi vitae similique ducimus. Enim aut doloremque quam est blanditiis. Earum sit ut soluta dolorem quo inventore.', 2, NULL, '2025-04-03 14:46:34', '2025-04-03 14:46:34', 'pending'),
(13, 24, 48, 'product', 'Quia reiciendis sint minus alias voluptatem quis. Ut facilis distinctio reiciendis autem reprehenderit omnis sapiente cupiditate. Cum commodi harum ut officia fugit odio.', 2, NULL, '2025-04-03 14:46:34', '2025-04-03 14:46:34', 'pending'),
(14, 23, 10, 'post', 'Corrupti asperiores omnis sapiente dolores asperiores et. Tenetur molestiae sit aliquam error iusto nihil eligendi. Asperiores sit non necessitatibus id dolorum est nemo.', NULL, NULL, '2025-04-03 14:46:34', '2025-04-03 14:46:34', 'approved'),
(15, 38, 74, 'post', 'Ipsam assumenda cupiditate rerum. Quisquam architecto excepturi rem nihil repudiandae cupiditate. Qui consequuntur est ut ut. Et molestias pariatur neque aperiam ex.', NULL, NULL, '2025-04-03 14:46:34', '2025-04-06 15:46:31', 'rejected'),
(16, 33, 41, 'product', 'Qui rerum corporis mollitia. Corrupti aut illum voluptas ut nam ut. Quisquam delectus necessitatibus velit harum possimus.', 1, NULL, '2025-04-03 14:46:34', '2025-04-03 14:46:34', 'pending'),
(17, 31, 39, 'product', 'Sunt distinctio temporibus id praesentium. Sequi repellendus recusandae sit sunt accusamus numquam. Sapiente ut iste porro quidem neque non. Neque sapiente quisquam consequatur dolor nihil dignissimos.', 5, NULL, '2025-04-03 14:46:34', '2025-04-03 14:46:34', 'pending'),
(18, 37, 16, 'post', 'Sequi id debitis aut facilis consequatur libero. Quia accusantium ipsa accusamus. Alias et eos animi dicta adipisci id sint animi.', NULL, NULL, '2025-04-03 14:46:34', '2025-04-07 15:08:13', 'approved'),
(19, 20, 78, 'post', 'Et in omnis autem quia rerum at dolore. Illo voluptatem qui autem voluptatem. Voluptas voluptatibus deleniti necessitatibus cupiditate. Veritatis consequatur blanditiis neque animi sint nihil.', NULL, NULL, '2025-04-03 14:46:34', '2025-04-03 14:46:34', 'pending'),
(20, 4, 41, 'post', 'Et dolorem dolores beatae nihil eum. Ad dolores rerum velit accusantium sint ex. Molestiae ipsa omnis suscipit adipisci mollitia eaque enim.', NULL, NULL, '2025-04-03 14:46:34', '2025-04-03 14:46:34', 'pending'),
(21, 5, 28, 'product', 'dsf', 5, NULL, '2025-04-06 03:03:36', '2025-04-06 03:03:36', 'pending'),
(22, 5, 28, 'product', 'hehe', NULL, 21, '2025-04-06 03:49:49', '2025-04-06 03:49:49', 'pending'),
(23, 20, 28, 'product', 'haha', NULL, 21, '2025-04-06 03:51:43', '2025-04-06 03:51:43', 'pending'),
(24, 5, 1, 'post', 'sadasd', NULL, NULL, '2025-04-06 03:53:26', '2025-04-06 03:53:26', 'pending'),
(25, 5, 1, 'post', 'ádasd', NULL, 24, '2025-04-06 03:53:32', '2025-04-06 03:53:32', 'pending'),
(26, 7, 1, 'post', 'hehe', NULL, NULL, '2025-04-07 15:09:28', '2025-04-07 15:09:28', 'pending'),
(27, 7, 1, 'post', 'hhhhh', NULL, 24, '2025-04-07 15:09:40', '2025-04-07 15:09:40', 'pending');

-- --------------------------------------------------------

--
-- Table structure for table `contacts`
--

CREATE TABLE `contacts` (
  `id` bigint UNSIGNED NOT NULL,
  `name` varchar(255) COLLATE utf8mb4_unicode_ci NOT NULL,
  `email` varchar(255) COLLATE utf8mb4_unicode_ci NOT NULL,
  `message` text COLLATE utf8mb4_unicode_ci NOT NULL,
  `status` enum('pending','processed') COLLATE utf8mb4_unicode_ci NOT NULL DEFAULT 'pending',
  `sent_at` timestamp NOT NULL DEFAULT CURRENT_TIMESTAMP
) ENGINE=InnoDB DEFAULT CHARSET=utf8mb4 COLLATE=utf8mb4_unicode_ci;

--
-- Dumping data for table `contacts`
--

INSERT INTO `contacts` (`id`, `name`, `email`, `message`, `status`, `sent_at`) VALUES
(1, 'nguyễn quốc việt', 'vietblog03@gmail.com', 'tin nhắn nè', 'pending', '2025-04-05 16:45:55');

-- --------------------------------------------------------

--
-- Table structure for table `failed_jobs`
--

CREATE TABLE `failed_jobs` (
  `id` bigint UNSIGNED NOT NULL,
  `uuid` varchar(255) COLLATE utf8mb4_unicode_ci NOT NULL,
  `connection` text COLLATE utf8mb4_unicode_ci NOT NULL,
  `queue` text COLLATE utf8mb4_unicode_ci NOT NULL,
  `payload` longtext COLLATE utf8mb4_unicode_ci NOT NULL,
  `exception` longtext COLLATE utf8mb4_unicode_ci NOT NULL,
  `failed_at` timestamp NOT NULL DEFAULT CURRENT_TIMESTAMP
) ENGINE=InnoDB DEFAULT CHARSET=utf8mb4 COLLATE=utf8mb4_unicode_ci;

-- --------------------------------------------------------

--
-- Table structure for table `migrations`
--

CREATE TABLE `migrations` (
  `id` int UNSIGNED NOT NULL,
  `migration` varchar(255) COLLATE utf8mb4_unicode_ci NOT NULL,
  `batch` int NOT NULL
) ENGINE=InnoDB DEFAULT CHARSET=utf8mb4 COLLATE=utf8mb4_unicode_ci;

--
-- Dumping data for table `migrations`
--

INSERT INTO `migrations` (`id`, `migration`, `batch`) VALUES
(1, '2014_10_12_000000_create_users_table', 1),
(2, '2014_10_12_100000_create_password_reset_tokens_table', 1),
(3, '2019_08_19_000000_create_failed_jobs_table', 1),
(4, '2019_12_14_000001_create_personal_access_tokens_table', 1),
(5, '2025_02_17_052230_create_categories_table', 1),
(6, '2025_02_17_061905_create_brands_table', 1),
(7, '2025_02_17_062216_create_products_table', 1),
(8, '2025_02_17_062217_create_attributes_table', 1),
(9, '2025_02_17_062218_create_attribute_values_table', 1),
(10, '2025_02_17_062219_create_product_variants_table', 1),
(11, '2025_02_17_062220_create_variant_attributes_table', 1),
(12, '2025_02_17_062225_create_product_has_attributes_table', 1),
(13, '2025_02_17_065826_create_user_addresses_table', 1),
(14, '2025_02_17_070034_create_carts_table', 1),
(15, '2025_02_17_070256_create_cart_details_table', 1),
(16, '2025_02_17_070730_create_vouchers_table', 1),
(17, '2025_02_17_070736_create_reviews_table', 1),
(18, '2025_02_27_011649_create_posts_table', 1),
(19, '2025_02_27_012157_create_tags_table', 1),
(20, '2025_02_27_013220_create_post_tag_table', 1),
(21, '2025_02_27_013928_create_post_categories_table', 1),
(22, '2025_02_27_051833_create_comments_table', 1),
(23, '2025_03_02_030203_create_orders_table', 1),
(24, '2025_03_02_091546_create_order_items_table', 1),
(25, '2025_03_02_231246_create_status_history_table', 1),
(26, '2025_03_03_035338_create_payments_table', 1),
(27, '2025_03_04_124408_create_shipments_table', 1),
(28, '2025_03_09_100259_create_settings_table', 1),
(29, '2025_03_14_033147_create_wishlists_table', 1),
(30, '2025_03_23_062529_create_contacts_table', 1),
(31, '2025_03_26_152607_add_deleted_at_to_vouchers_table', 1),
(32, '2025_03_26_154018_create_banners_table', 1),
(33, '2025_04_03_123330_create_permission_tables', 1),
(34, '2025_04_03_135612_add_roles_to_users_table', 1),
(35, '2025_04_03_180820_create_settings__name', 2);

-- --------------------------------------------------------

--
-- Table structure for table `model_has_permissions`
--

CREATE TABLE `model_has_permissions` (
  `permission_id` bigint UNSIGNED NOT NULL,
  `model_type` varchar(255) COLLATE utf8mb4_unicode_ci NOT NULL,
  `model_id` bigint UNSIGNED NOT NULL
) ENGINE=InnoDB DEFAULT CHARSET=utf8mb4 COLLATE=utf8mb4_unicode_ci;

-- --------------------------------------------------------

--
-- Table structure for table `model_has_roles`
--

CREATE TABLE `model_has_roles` (
  `role_id` bigint UNSIGNED NOT NULL,
  `model_type` varchar(255) COLLATE utf8mb4_unicode_ci NOT NULL,
  `model_id` bigint UNSIGNED NOT NULL
) ENGINE=InnoDB DEFAULT CHARSET=utf8mb4 COLLATE=utf8mb4_unicode_ci;

--
-- Dumping data for table `model_has_roles`
--

INSERT INTO `model_has_roles` (`role_id`, `model_type`, `model_id`) VALUES
(1, 'App\\Models\\User', 1);

-- --------------------------------------------------------

--
-- Table structure for table `orders`
--

CREATE TABLE `orders` (
  `id` bigint UNSIGNED NOT NULL,
  `order_code` varchar(50) COLLATE utf8mb4_unicode_ci NOT NULL,
  `user_id` bigint UNSIGNED NOT NULL,
  `voucher_id` bigint UNSIGNED DEFAULT NULL,
  `total_amount` decimal(10,2) NOT NULL DEFAULT '0.00',
  `status` enum('pending','confirmed','processing','completed','cancelled') COLLATE utf8mb4_unicode_ci NOT NULL DEFAULT 'pending',
  `shipping_method` enum('fixed','store','free') COLLATE utf8mb4_unicode_ci NOT NULL DEFAULT 'fixed',
  `created_at` timestamp NULL DEFAULT NULL,
  `updated_at` timestamp NULL DEFAULT NULL
) ENGINE=InnoDB DEFAULT CHARSET=utf8mb4 COLLATE=utf8mb4_unicode_ci;

--
-- Dumping data for table `orders`
--

INSERT INTO `orders` (`id`, `order_code`, `user_id`, `voucher_id`, `total_amount`, `status`, `shipping_method`, `created_at`, `updated_at`) VALUES
(1, 'ORD-20250403-LVOC', 6, 5, '4056500.00', 'completed', 'fixed', '2023-03-05 12:07:37', '2025-04-03 14:46:39'),
(2, 'ORD-20250403-DK5W', 15, 5, '29421500.00', 'completed', 'free', '2023-09-29 10:50:46', '2025-04-03 14:46:39'),
(3, 'ORD-20250403-L5XC', 12, 5, '27417000.00', 'completed', 'fixed', '2025-03-25 01:32:06', '2025-04-03 14:46:39'),
(4, 'ORD-20250403-FFPT', 5, 2, '56297000.00', 'completed', 'store', '2023-07-17 21:57:35', '2025-04-03 14:46:39'),
(5, 'ORD-20250403-VE8D', 10, 5, '114000.00', 'completed', 'free', '2022-04-25 20:44:22', '2025-04-03 14:46:39'),
(6, 'ORD-20250403-4OYZ', 20, 3, '2120000.00', 'completed', 'fixed', '2024-03-27 12:51:56', '2025-04-03 14:46:39'),
(7, 'ORD-20250403-C9AX', 1, 3, '31340000.00', 'completed', 'fixed', '2023-10-17 20:11:02', '2025-04-03 14:46:39'),
(8, 'ORD-20250403-G8TS', 26, 2, '703000.00', 'completed', 'free', '2025-03-22 16:20:33', '2025-04-05 12:53:42'),
(9, 'ORD-20250403-COUY', 4, 4, '50810000.00', 'completed', 'fixed', '2021-11-17 02:16:09', '2025-04-03 14:46:39'),
(10, 'ORD-20250403-JST4', 14, 1, '5082500.00', 'confirmed', 'store', '2023-09-10 11:22:32', '2025-04-05 11:39:24'),
(11, 'ORD-20250403-VFTZ', 15, 1, '28376500.00', 'confirmed', 'store', '2024-04-17 02:33:05', '2025-04-05 12:23:53'),
(12, 'ORD-20250403-SVEY', 26, 2, '38237500.00', 'completed', 'fixed', '2025-03-25 17:58:27', '2025-04-03 14:46:39'),
(13, 'ORD-20250403-2BQO', 25, 2, '11922500.00', 'completed', 'free', '2022-06-25 13:25:43', '2025-04-03 14:46:39'),
(14, 'ORD-20250403-RCU9', 22, 1, '15228500.00', 'pending', 'free', '2025-01-30 07:21:46', '2025-04-03 14:46:39'),
(15, 'ORD-20250403-IVB5', 23, 3, '70850000.00', 'completed', 'store', '2025-01-05 12:39:20', '2025-04-03 14:46:39'),
(16, 'ORD-20250403-V2XL', 35, 5, '39425000.00', 'completed', 'store', '2025-03-21 19:37:58', '2025-04-03 14:46:39'),
(17, 'ORD-20250403-XOVC', 12, 1, '12559000.00', 'pending', 'store', '2024-12-25 23:23:08', '2025-04-03 14:46:39'),
(18, 'ORD-20250403-PNGK', 20, 1, '26419500.00', 'completed', 'fixed', '2024-10-10 08:19:56', '2025-04-03 14:46:39'),
(19, 'ORD-20250403-RGUD', 9, 2, '4427000.00', 'completed', 'free', '2024-04-09 07:43:30', '2025-04-03 14:46:39'),
(20, 'ORD-20250403-K6OD', 33, 4, '27940000.00', 'completed', 'free', '2024-11-04 11:08:21', '2025-04-03 14:46:39'),
(21, 'ORD-20250403-JNZ2', 35, 2, '12036500.00', 'completed', 'store', '2025-03-25 08:13:24', '2025-04-03 14:46:39'),
(22, 'ORD-20250403-KF0Z', 26, 3, '23780000.00', 'completed', 'fixed', '2025-03-25 03:14:58', '2025-04-03 14:46:39'),
(23, 'ORD-20250403-UZGM', 33, 4, '25330000.00', 'completed', 'fixed', '2025-03-04 01:02:10', '2025-04-03 14:46:39'),
(24, 'ORD-20250403-OVJK', 28, 3, '52820000.00', 'completed', 'fixed', '2022-06-05 19:02:04', '2025-04-03 14:46:39'),
(25, 'ORD-20250403-3S9V', 11, 5, '30685000.00', 'completed', 'store', '2022-04-13 10:02:01', '2025-04-03 14:46:39'),
(26, 'ORD-20250403-WXOC', 33, 4, '1860000.00', 'completed', 'store', '2024-11-30 02:16:19', '2025-04-03 14:46:39'),
(27, 'ORD-20250403-NE3T', 1, 1, '4009000.00', 'completed', 'fixed', '2024-02-06 01:12:53', '2025-04-03 14:46:39'),
(28, 'ORD-20250403-AYC3', 2, 5, '47120000.00', 'completed', 'fixed', '2024-03-17 22:19:31', '2025-04-03 14:46:39'),
(29, 'ORD-20250403-RVLF', 18, 4, '28050000.00', 'cancelled', 'free', '2024-01-19 20:17:53', '2025-04-03 14:46:40'),
(30, 'ORD-20250403-JUYG', 28, 2, '8863500.00', 'completed', 'free', '2023-01-09 23:19:33', '2025-04-03 14:46:40'),
(31, 'ORD-20250403-NTYS', 21, 5, '22847500.00', 'completed', 'store', '2024-08-26 09:50:12', '2025-04-03 14:46:40'),
(32, 'ORD-20250403-5SUL', 12, 2, '16739000.00', 'completed', 'fixed', '2023-10-19 07:34:27', '2025-04-03 14:46:40'),
(33, 'ORD-20250403-I7XZ', 28, 3, '8690000.00', 'completed', 'store', '2021-01-14 05:47:23', '2025-04-03 14:46:40'),
(34, 'ORD-20250403-IOJT', 30, 4, '32270000.00', 'completed', 'free', '2024-11-17 15:00:08', '2025-04-03 14:46:40'),
(35, 'ORD-20250403-IZSD', 25, 3, '28980000.00', 'completed', 'store', '2023-03-18 14:51:55', '2025-04-03 14:46:40'),
(36, 'ORD-20250403-UZC6', 1, 4, '25950000.00', 'pending', 'fixed', '2024-12-30 15:46:41', '2025-04-03 14:46:40'),
(37, 'ORD-20250403-PZEO', 27, 3, '20500000.00', 'completed', 'fixed', '2022-04-06 09:36:46', '2025-04-03 14:46:40'),
(38, 'ORD-20250403-LGT5', 13, 1, '14136000.00', 'completed', 'free', '2024-09-07 21:51:49', '2025-04-03 14:46:40'),
(39, 'ORD-20250403-7NLN', 8, 3, '26440000.00', 'completed', 'free', '2023-12-28 18:50:58', '2025-04-03 14:46:40'),
(40, 'ORD-20250403-MDEF', 30, 1, '25089500.00', 'completed', 'fixed', '2024-09-21 04:12:39', '2025-04-03 14:46:40'),
(41, 'ORD-20250403-3PBR', 30, 2, '21897500.00', 'completed', 'free', '2024-09-17 08:43:16', '2025-04-03 14:46:40'),
(42, 'ORD-20250403-F8FW', 29, 2, '15295000.00', 'completed', 'store', '2024-07-03 11:08:46', '2025-04-03 14:46:40'),
(43, 'ORD-20250403-QUFM', 6, 3, '42020000.00', 'completed', 'store', '2022-08-15 17:06:14', '2025-04-03 14:46:40'),
(44, 'ORD-20250403-RH4V', 11, 4, '1390000.00', 'completed', 'store', '2025-03-23 00:05:54', '2025-04-03 14:46:40'),
(45, 'ORD-20250403-K1OJ', 31, 5, '41752500.00', 'completed', 'free', '2024-11-03 07:58:04', '2025-04-03 14:46:40'),
(46, 'ORD-20250403-6T7U', 24, 4, '22340000.00', 'completed', 'store', '2024-03-26 00:55:35', '2025-04-03 14:46:40'),
(47, 'ORD-20250403-HUT0', 6, 3, '13250000.00', 'completed', 'store', '2024-07-15 14:45:44', '2025-04-03 14:46:40'),
(48, 'ORD-20250403-0SZT', 4, 4, '25540000.00', 'completed', 'fixed', '2023-08-15 13:43:11', '2025-04-03 14:46:40'),
(49, 'ORD-20250403-PMBS', 27, 1, '3800000.00', 'completed', 'free', '2024-01-07 07:42:11', '2025-04-03 14:46:40'),
(50, 'ORD-20250403-P6KT', 1, 2, '20510500.00', 'completed', 'free', '2024-10-11 19:01:36', '2025-04-03 14:46:40'),
(51, 'ORD-20250403-VTFJ', 32, 5, '27170000.00', 'completed', 'store', '2023-09-20 20:08:52', '2025-04-03 14:46:40'),
(52, 'ORD-20250403-RJAU', 35, 5, '11096000.00', 'completed', 'free', '2025-03-26 00:19:46', '2025-04-03 14:46:40'),
(53, 'ORD-20250403-DMBF', 37, 2, '25792500.00', 'pending', 'free', '2024-07-19 19:47:56', '2025-04-03 14:46:40'),
(54, 'ORD-20250403-ZBJD', 15, 2, '11153000.00', 'pending', 'free', '2024-08-04 19:26:10', '2025-04-03 14:46:40'),
(55, 'ORD-20250403-QDPA', 34, 4, '19920000.00', 'completed', 'free', '2025-01-29 16:44:38', '2025-04-03 14:46:40'),
(56, 'ORD-20250403-LHUP', 7, 2, '46939500.00', 'cancelled', 'fixed', '2024-07-26 03:55:20', '2025-04-03 14:46:40'),
(57, 'ORD-20250403-EBZI', 17, 5, '48687500.00', 'completed', 'store', '2024-04-06 00:00:25', '2025-04-03 14:46:40'),
(58, 'ORD-20250403-3H21', 9, 5, '7068000.00', 'completed', 'store', '2024-11-14 15:22:21', '2025-04-03 14:46:40'),
(59, 'ORD-20250403-FOGV', 18, 5, '41648000.00', 'completed', 'free', '2024-01-13 06:07:28', '2025-04-03 14:46:40'),
(60, 'ORD-20250403-1YYD', 7, 1, '21346500.00', 'completed', 'store', '2022-05-19 20:28:24', '2025-04-03 14:46:40'),
(61, 'ORD-20250403-GT1F', 22, 5, '28405000.00', 'pending', 'fixed', '2024-09-17 11:07:49', '2025-04-03 14:46:40'),
(62, 'ORD-20250403-TLT9', 14, 5, '14991000.00', 'completed', 'fixed', '2024-10-10 03:52:43', '2025-04-03 14:46:40'),
(63, 'ORD-20250403-KS2R', 32, 5, '21394000.00', 'pending', 'store', '2025-01-30 11:38:21', '2025-04-03 14:46:40'),
(64, 'ORD-20250403-A7LU', 8, 2, '34836500.00', 'completed', 'free', '2024-06-04 12:32:33', '2025-04-03 14:46:40'),
(65, 'ORD-20250403-N3ZL', 7, 4, '33780000.00', 'pending', 'free', '2023-10-15 04:14:24', '2025-04-03 14:46:40'),
(66, 'ORD-20250403-NK4P', 31, 1, '418000.00', 'completed', 'fixed', '2024-07-18 00:59:31', '2025-04-03 14:46:40'),
(67, 'ORD-20250403-JMQA', 28, 4, '2360000.00', 'completed', 'store', '2023-03-13 18:20:58', '2025-04-03 14:46:40'),
(68, 'ORD-20250403-SS8X', 2, 5, '12160000.00', 'completed', 'fixed', '2021-09-24 19:13:55', '2025-04-03 14:46:40'),
(69, 'ORD-20250403-DCDN', 29, 2, '17717500.00', 'completed', 'free', '2024-11-18 19:01:25', '2025-04-03 14:46:40'),
(70, 'ORD-20250403-MLLJ', 39, 5, '12445000.00', 'pending', 'store', '2022-12-19 11:56:57', '2025-04-03 14:46:40'),
(71, 'ORD-20250403-G4OG', 31, 3, '7150000.00', 'pending', 'free', '2025-02-02 01:03:24', '2025-04-03 14:46:40'),
(72, 'ORD-20250403-TTQN', 36, 3, '39810000.00', 'completed', 'store', '2023-08-09 08:05:32', '2025-04-03 14:46:40'),
(73, 'ORD-20250403-VUQP', 36, 4, '42760000.00', 'completed', 'store', '2023-09-02 23:16:53', '2025-04-03 14:46:40'),
(74, 'ORD-20250403-B00C', 20, 1, '9462000.00', 'cancelled', 'store', '2023-01-02 20:01:12', '2025-04-03 14:46:40'),
(75, 'ORD-20250403-GL93', 8, 2, '12540000.00', 'completed', 'fixed', '2024-08-21 22:40:40', '2025-04-03 14:46:40'),
(76, 'ORD-20250403-AGTF', 2, 1, '4522000.00', 'completed', 'fixed', '2022-04-01 04:08:31', '2025-04-03 14:46:40'),
(77, 'ORD-20250403-HY5F', 25, 1, '44944500.00', 'completed', 'free', '2023-03-23 16:08:41', '2025-04-03 14:46:40'),
(78, 'ORD-20250403-BC5Y', 14, 1, '21470000.00', 'completed', 'store', '2024-06-05 03:00:26', '2025-04-03 14:46:40'),
(79, 'ORD-20250403-EQJK', 27, 4, '5370000.00', 'completed', 'store', '2024-05-03 01:20:04', '2025-04-03 14:46:40'),
(80, 'ORD-20250403-YMKE', 35, 5, '22534000.00', 'completed', 'free', '2025-03-25 22:30:05', '2025-04-03 14:46:40'),
(81, 'ORD-20250403-SJWP', 11, 4, '7100000.00', 'completed', 'store', '2021-11-24 09:56:06', '2025-04-03 14:46:40'),
(82, 'ORD-20250403-I0RK', 40, 5, '36518000.00', 'completed', 'free', '2020-12-29 22:38:20', '2025-04-03 14:46:41'),
(83, 'ORD-20250403-OZ98', 37, 1, '23094500.00', 'completed', 'free', '2023-03-31 07:36:21', '2025-04-03 14:46:41'),
(84, 'ORD-20250403-0QUR', 2, 4, '15200000.00', 'completed', 'free', '2024-06-28 08:57:32', '2025-04-03 14:46:41'),
(85, 'ORD-20250403-W7DV', 2, 2, '12568500.00', 'completed', 'fixed', '2023-03-14 07:35:48', '2025-04-03 14:46:41'),
(86, 'ORD-20250403-SJ7A', 24, 3, '24350000.00', 'completed', 'store', '2021-01-06 15:10:31', '2025-04-03 14:46:41'),
(87, 'ORD-20250403-1TPK', 37, 5, '12777500.00', 'completed', 'store', '2022-05-10 02:21:15', '2025-04-03 14:46:41'),
(88, 'ORD-20250403-DOPU', 5, 4, '28020000.00', 'completed', 'store', '2022-03-06 23:29:16', '2025-04-03 14:46:41'),
(89, 'ORD-20250403-OFTM', 26, 4, '3050000.00', 'completed', 'free', '2025-03-16 15:03:11', '2025-04-03 14:46:41'),
(90, 'ORD-20250403-EB9X', 37, 2, '13908000.00', 'cancelled', 'free', '2021-12-09 10:16:53', '2025-04-03 14:46:41'),
(91, 'ORD-20250403-TUPR', 9, 3, '8320000.00', 'pending', 'store', '2025-01-13 17:56:56', '2025-04-03 14:46:41'),
(92, 'ORD-20250403-ATTK', 21, 2, '836000.00', 'completed', 'fixed', '2025-01-03 07:11:02', '2025-04-03 14:46:41'),
(93, 'ORD-20250403-EORX', 14, 4, '25420000.00', 'cancelled', 'fixed', '2023-11-10 15:12:50', '2025-04-03 14:46:41'),
(94, 'ORD-20250403-EJTN', 35, 2, '33706000.00', 'completed', 'fixed', '2025-03-20 16:19:56', '2025-04-03 14:46:41'),
(95, 'ORD-20250403-S0VV', 19, 2, '12958000.00', 'cancelled', 'store', '2025-01-21 00:31:02', '2025-04-03 14:46:41'),
(96, 'ORD-20250403-S23J', 25, 2, '26305500.00', 'completed', 'free', '2025-03-18 10:36:18', '2025-04-03 14:46:41'),
(97, 'ORD-20250403-O6QW', 24, 4, '27150000.00', 'completed', 'free', '2021-05-20 09:25:08', '2025-04-03 14:46:41'),
(98, 'ORD-20250403-JU4Y', 5, 3, '22890000.00', 'pending', 'fixed', '2021-07-28 19:45:37', '2025-04-03 14:46:41'),
(99, 'ORD-20250403-JBRZ', 1, 3, '25230000.00', 'completed', 'fixed', '2024-10-29 19:56:07', '2025-04-03 14:46:41'),
(100, 'ORD-20250403-P9YM', 33, 4, '35950000.00', 'completed', 'free', '2024-12-12 20:56:26', '2025-04-03 14:46:41'),
(101, 'ORD-20250403-WSHU', 3, 3, '19060000.00', 'completed', 'store', '2024-09-21 22:29:15', '2025-04-03 14:46:41'),
(102, 'ORD-20250403-SYQM', 26, 5, '28196000.00', 'completed', 'free', '2025-03-25 06:49:26', '2025-04-03 14:46:41'),
(103, 'ORD-20250403-B5QW', 22, 4, '34750000.00', 'completed', 'store', '2024-11-22 10:04:28', '2025-04-03 14:46:41'),
(104, 'ORD-20250403-CRVD', 17, 4, '10880000.00', 'completed', 'fixed', '2025-01-30 10:55:29', '2025-04-03 14:46:41'),
(105, 'ORD-20250403-KRI2', 11, 1, '55290000.00', 'completed', 'store', '2023-02-02 00:37:04', '2025-04-03 14:46:41'),
(106, 'ORD-20250403-EPAH', 15, 2, '21289500.00', 'completed', 'fixed', '2024-07-25 05:53:57', '2025-04-03 14:46:41'),
(107, 'ORD-20250403-WB45', 3, 2, '66452500.00', 'pending', 'free', '2022-08-20 09:26:38', '2025-04-03 14:46:41'),
(108, 'ORD-20250403-LIHS', 26, 2, '13395000.00', 'pending', 'store', '2025-03-17 04:50:10', '2025-04-03 14:46:41'),
(109, 'ORD-20250403-A8HD', 3, 1, '12597000.00', 'completed', 'free', '2023-02-27 09:51:52', '2025-04-03 14:46:41'),
(110, 'ORD-20250403-SOGZ', 34, 5, '15656000.00', 'completed', 'fixed', '2025-02-27 04:54:26', '2025-04-03 14:46:41'),
(111, 'ORD-20250403-MUWJ', 11, 2, '17993000.00', 'pending', 'store', '2022-03-03 12:11:18', '2025-04-03 14:46:41'),
(112, 'ORD-20250403-QGW6', 32, 3, '5260000.00', 'pending', 'fixed', '2022-04-29 05:18:09', '2025-04-03 14:46:41'),
(113, 'ORD-20250403-TCIC', 32, 4, '42980000.00', 'completed', 'fixed', '2022-12-20 18:42:50', '2025-04-03 14:46:41'),
(114, 'ORD-20250403-ZMRP', 29, 4, '38910000.00', 'completed', 'fixed', '2023-09-13 10:11:00', '2025-04-03 14:46:41'),
(115, 'ORD-20250403-LCXH', 37, 3, '23000000.00', 'completed', 'free', '2022-02-20 05:00:58', '2025-04-03 14:46:41'),
(116, 'ORD-20250403-0MYB', 2, 2, '29896500.00', 'completed', 'store', '2023-11-27 18:23:00', '2025-04-03 14:46:41'),
(117, 'ORD-20250403-TULA', 7, 1, '13651500.00', 'completed', 'store', '2023-04-25 04:46:57', '2025-04-03 14:46:41'),
(118, 'ORD-20250403-0ZAY', 24, 5, '28414500.00', 'completed', 'fixed', '2022-02-02 05:11:04', '2025-04-03 14:46:41'),
(119, 'ORD-20250403-QR4L', 29, 2, '17366000.00', 'completed', 'store', '2023-09-07 20:16:47', '2025-04-03 14:46:41'),
(120, 'ORD-20250403-LDP3', 37, 2, '15228500.00', 'completed', 'free', '2022-02-10 02:22:20', '2025-04-03 14:46:41'),
(121, 'ORD-20250403-MQJJ', 8, 3, '32940000.00', 'completed', 'fixed', '2024-06-08 14:19:43', '2025-04-03 14:46:41'),
(122, 'ORD-20250403-RB5T', 5, 2, '17252000.00', 'pending', 'fixed', '2022-03-13 06:11:18', '2025-04-03 14:46:41'),
(123, 'ORD-20250403-UXXR', 7, 5, '21451000.00', 'completed', 'store', '2023-06-28 09:22:11', '2025-04-03 14:46:41'),
(124, 'ORD-20250403-SGC2', 40, 4, '11600000.00', 'completed', 'fixed', '2021-04-20 06:41:51', '2025-04-03 14:46:41'),
(125, 'ORD-20250403-CFZR', 29, 1, '28623500.00', 'completed', 'store', '2023-11-27 11:00:42', '2025-04-03 14:46:41'),
(126, 'ORD-20250403-8JZP', 23, 1, '10307500.00', 'completed', 'fixed', '2024-12-12 02:42:29', '2025-04-03 14:46:41'),
(127, 'ORD-20250403-VVEV', 23, 5, '11115000.00', 'completed', 'fixed', '2025-03-11 17:31:04', '2025-04-03 14:46:41'),
(128, 'ORD-20250403-V4LY', 22, 2, '42674000.00', 'completed', 'fixed', '2025-01-21 23:25:31', '2025-04-03 14:46:41'),
(129, 'ORD-20250403-QEZ2', 22, 1, '18354000.00', 'cancelled', 'store', '2025-02-12 14:46:58', '2025-04-03 14:46:41'),
(130, 'ORD-20250403-FLYG', 1, 4, '21730000.00', 'completed', 'fixed', '2024-06-17 18:02:25', '2025-04-03 14:46:41'),
(131, 'ORD-20250403-K1XQ', 8, 3, '20700000.00', 'completed', 'fixed', '2024-07-30 07:21:05', '2025-04-03 14:46:41'),
(132, 'ORD-20250403-OKZC', 35, 4, '34320000.00', 'completed', 'free', '2025-03-18 13:51:01', '2025-04-03 14:46:41'),
(133, 'ORD-20250403-BHN3', 27, 5, '25013500.00', 'completed', 'free', '2023-02-14 14:16:17', '2025-04-03 14:46:41'),
(134, 'ORD-20250403-BTCU', 28, 4, '20100000.00', 'completed', 'store', '2023-02-28 03:25:38', '2025-04-03 14:46:41'),
(135, 'ORD-20250403-PA3S', 27, 3, '7900000.00', 'completed', 'fixed', '2024-05-26 01:33:06', '2025-04-03 14:46:41'),
(136, 'ORD-20250403-ILYN', 20, 2, '4379500.00', 'pending', 'free', '2023-01-04 09:17:02', '2025-04-03 14:46:41'),
(137, 'ORD-20250403-WRCQ', 13, 1, '10972500.00', 'completed', 'fixed', '2023-09-21 03:49:05', '2025-04-03 14:46:41'),
(138, 'ORD-20250403-YYW9', 38, 2, '30267000.00', 'completed', 'store', '2022-06-07 05:10:02', '2025-04-03 14:46:41'),
(139, 'ORD-20250403-94BW', 40, 5, '13186000.00', 'completed', 'free', '2023-02-15 23:05:14', '2025-04-03 14:46:41'),
(140, 'ORD-20250403-WCOF', 14, 2, '7932500.00', 'pending', 'store', '2022-10-16 07:52:04', '2025-04-03 14:46:42'),
(141, 'ORD-20250403-BSLB', 28, 4, '40000000.00', 'pending', 'fixed', '2021-03-08 08:53:57', '2025-04-03 14:46:42'),
(142, 'ORD-20250403-1VQP', 16, 2, '13357000.00', 'completed', 'free', '2024-04-30 00:13:28', '2025-04-03 14:46:42'),
(143, 'ORD-20250403-7D4D', 38, 4, '20560000.00', 'cancelled', 'free', '2021-09-29 08:36:09', '2025-04-03 14:46:42'),
(144, 'ORD-20250403-LCGF', 20, 5, '17033500.00', 'cancelled', 'free', '2024-01-18 20:08:42', '2025-04-03 14:46:42'),
(145, 'ORD-20250403-3F7M', 20, 1, '34029000.00', 'pending', 'free', '2022-10-29 10:30:56', '2025-04-03 14:46:42'),
(146, 'ORD-20250403-8WFN', 17, 5, '2869000.00', 'cancelled', 'store', '2024-08-17 21:20:48', '2025-04-03 14:46:42'),
(147, 'ORD-20250403-CFVU', 23, 3, '65320000.00', 'completed', 'store', '2025-01-19 07:14:38', '2025-04-03 14:46:42'),
(148, 'ORD-20250403-FYRX', 24, 1, '13898500.00', 'completed', 'store', '2022-07-29 14:39:29', '2025-04-03 14:46:42'),
(149, 'ORD-20250403-LGKB', 21, 3, '31300000.00', 'completed', 'free', '2025-01-16 01:18:39', '2025-04-03 14:46:42'),
(150, 'ORD-20250403-5JK5', 11, 2, '28082000.00', 'completed', 'store', '2024-06-10 15:16:30', '2025-04-03 14:46:42'),
(151, 'ORD-20250403-YFEU', 29, 5, '13784500.00', 'completed', 'free', '2024-12-26 14:54:17', '2025-04-03 14:46:42'),
(152, 'ORD-20250403-DWRY', 7, 2, '30172000.00', 'completed', 'fixed', '2023-09-29 12:55:05', '2025-04-03 14:46:42'),
(153, 'ORD-20250403-MOBW', 14, 4, '27270000.00', 'completed', 'fixed', '2022-10-26 14:55:41', '2025-04-03 14:46:42'),
(154, 'ORD-20250403-9KBC', 37, 2, '15209500.00', 'completed', 'store', '2022-10-31 04:54:37', '2025-04-03 14:46:42'),
(155, 'ORD-20250403-A0JF', 28, 5, '20947500.00', 'pending', 'free', '2021-08-07 13:55:38', '2025-04-03 14:46:42'),
(156, 'ORD-20250403-W8IL', 23, 4, '40790000.00', 'pending', 'fixed', '2025-01-30 14:58:38', '2025-04-03 14:46:42'),
(157, 'ORD-20250403-6MC5', 39, 2, '3581500.00', 'pending', 'fixed', '2023-07-29 22:07:26', '2025-04-03 14:46:42'),
(158, 'ORD-20250403-VBMF', 13, 3, '16430000.00', 'completed', 'store', '2025-01-20 16:52:51', '2025-04-03 14:46:42'),
(159, 'ORD-20250403-KIYU', 14, 4, '50000.00', 'completed', 'free', '2023-04-12 08:19:26', '2025-04-03 14:46:42'),
(160, 'ORD-20250403-SMXR', 16, 2, '13300000.00', 'completed', 'fixed', '2024-06-09 20:06:45', '2025-04-03 14:46:42'),
(161, 'ORD-20250403-AE3L', 34, 2, '7495500.00', 'completed', 'free', '2025-01-25 04:53:06', '2025-04-03 14:46:42'),
(162, 'ORD-20250403-U7QM', 8, 3, '9730000.00', 'completed', 'fixed', '2025-01-14 22:00:07', '2025-04-03 14:46:42'),
(163, 'ORD-20250403-YCUZ', 39, 4, '11780000.00', 'completed', 'free', '2023-04-14 19:18:54', '2025-04-03 14:46:42'),
(164, 'ORD-20250403-MIIB', 2, 4, '11690000.00', 'completed', 'store', '2024-10-31 15:36:51', '2025-04-03 14:46:42'),
(165, 'ORD-20250403-HUT5', 17, 1, '15276000.00', 'completed', 'fixed', '2024-03-24 15:29:13', '2025-04-03 14:46:42'),
(166, 'ORD-20250403-KPTL', 35, 5, '19237500.00', 'completed', 'store', '2025-03-25 19:04:15', '2025-04-03 14:46:42'),
(167, 'ORD-20250403-GWS0', 11, 3, '40900000.00', 'completed', 'free', '2022-10-28 21:49:34', '2025-04-03 14:46:42'),
(168, 'ORD-20250403-JFXK', 37, 4, '16700000.00', 'completed', 'free', '2021-11-04 21:45:47', '2025-04-03 14:46:42'),
(169, 'ORD-20250403-RSJO', 6, 4, '41800000.00', 'completed', 'store', '2023-10-30 10:45:58', '2025-04-03 14:46:42'),
(170, 'ORD-20250403-5H3E', 2, 3, '21260000.00', 'completed', 'fixed', '2023-01-08 04:30:00', '2025-04-03 14:46:42'),
(171, 'ORD-20250403-CEXN', 4, 3, '25050000.00', 'completed', 'free', '2021-08-17 05:24:05', '2025-04-03 14:46:42'),
(172, 'ORD-20250403-GCWY', 3, 4, '15880000.00', 'completed', 'fixed', '2023-01-17 10:04:06', '2025-04-03 14:46:42'),
(173, 'ORD-20250403-WDXW', 20, 5, '79771500.00', 'completed', 'free', '2024-03-08 18:35:46', '2025-04-03 14:46:42'),
(174, 'ORD-20250403-MFBH', 34, 2, '16093000.00', 'completed', 'free', '2025-03-20 10:55:07', '2025-04-03 14:46:42'),
(175, 'ORD-20250403-LJ2B', 26, 3, '12210000.00', 'completed', 'fixed', '2025-03-16 01:40:48', '2025-04-03 14:46:42'),
(176, 'ORD-20250403-5VGB', 36, 5, '44441000.00', 'completed', 'store', '2024-05-31 08:27:28', '2025-04-03 14:46:42'),
(177, 'ORD-20250403-MTOM', 5, 3, '18900000.00', 'completed', 'fixed', '2023-06-13 02:00:50', '2025-04-03 14:46:42'),
(178, 'ORD-20250403-PMZA', 12, 2, '13338000.00', 'pending', 'free', '2024-10-24 00:57:52', '2025-04-03 14:46:42'),
(179, 'ORD-20250403-82TS', 25, 1, '15608500.00', 'completed', 'free', '2024-11-24 02:17:47', '2025-04-03 14:46:42'),
(180, 'ORD-20250403-O0GB', 23, 3, '18260000.00', 'completed', 'store', '2025-01-26 00:39:43', '2025-04-03 14:46:42'),
(181, 'ORD-20250403-PWH6', 18, 3, '17890000.00', 'completed', 'fixed', '2021-01-09 17:47:45', '2025-04-03 14:46:42'),
(182, 'ORD-20250403-IGXW', 26, 4, '37510000.00', 'pending', 'fixed', '2025-03-22 19:01:21', '2025-04-03 14:46:42'),
(183, 'ORD-20250403-HAH0', 35, 4, '8130000.00', 'completed', 'free', '2025-03-19 09:03:55', '2025-04-03 14:46:42'),
(184, 'ORD-20250403-ETPX', 23, 1, '45391000.00', 'completed', 'store', '2025-02-02 22:32:57', '2025-04-03 14:46:42'),
(185, 'ORD-20250403-SRUW', 21, 2, '9652000.00', 'completed', 'fixed', '2025-03-18 02:58:57', '2025-04-03 14:46:42'),
(186, 'ORD-20250403-BGXB', 1, 2, '7495500.00', 'completed', 'fixed', '2024-05-02 08:55:33', '2025-04-03 14:46:42'),
(187, 'ORD-20250403-TTSJ', 18, 4, '12750000.00', 'completed', 'free', '2023-09-13 14:09:17', '2025-04-03 14:46:42'),
(188, 'ORD-20250403-I67H', 30, 3, '37630000.00', 'completed', 'free', '2024-10-20 04:19:34', '2025-04-03 14:46:42'),
(189, 'ORD-20250403-ZRSG', 37, 2, '16644000.00', 'completed', 'free', '2024-12-12 20:54:26', '2025-04-03 14:46:42'),
(190, 'ORD-20250403-EO2J', 11, 4, '1760000.00', 'pending', 'store', '2024-03-10 06:17:03', '2025-04-03 14:46:42'),
(191, 'ORD-20250403-CHXT', 32, 5, '24358000.00', 'completed', 'fixed', '2024-01-03 07:13:22', '2025-04-03 14:46:42'),
(192, 'ORD-20250403-CNSD', 17, 5, '13946000.00', 'pending', 'store', '2022-02-28 14:25:13', '2025-04-03 14:46:42'),
(193, 'ORD-20250403-UQOX', 31, 4, '56250000.00', 'completed', 'fixed', '2024-09-09 01:41:21', '2025-04-03 14:46:42'),
(194, 'ORD-20250403-3TZN', 20, 1, '26448000.00', 'pending', 'fixed', '2023-04-20 07:12:40', '2025-04-03 14:46:42'),
(195, 'ORD-20250403-MVMW', 1, 3, '18520000.00', 'completed', 'fixed', '2024-07-25 03:06:56', '2025-04-03 14:46:42'),
(196, 'ORD-20250403-5RVY', 21, 3, '40150000.00', 'completed', 'fixed', '2024-12-05 20:19:35', '2025-04-03 14:46:42'),
(197, 'ORD-20250403-9AS6', 32, 4, '30180000.00', 'completed', 'free', '2024-12-21 16:13:56', '2025-04-03 14:46:42'),
(198, 'ORD-20250403-MCCD', 24, 2, '13224000.00', 'completed', 'fixed', '2021-08-12 12:12:15', '2025-04-03 14:46:42'),
(199, 'ORD-20250403-CWV1', 23, 2, '45182000.00', 'pending', 'fixed', '2024-12-06 07:34:10', '2025-04-03 14:46:42'),
(200, 'ORD-20250403-SC3N', 33, 3, '16600000.00', 'completed', 'store', '2025-03-11 02:53:19', '2025-04-03 14:46:42'),
(201, 'ORD-20250403-JJKT', 18, 2, '14991000.00', 'cancelled', 'free', '2022-02-23 19:31:48', '2025-04-03 14:46:42'),
(202, 'ORD-20250403-YOZK', 38, 2, '8151000.00', 'completed', 'fixed', '2022-03-13 02:42:03', '2025-04-03 14:46:42'),
(203, 'ORD-20250403-I4HS', 18, 4, '42250000.00', 'pending', 'store', '2021-07-25 09:43:03', '2025-04-03 14:46:42'),
(204, 'ORD-20250403-ED9D', 27, 2, '49932000.00', 'completed', 'free', '2024-09-08 17:50:14', '2025-04-03 14:46:42'),
(205, 'ORD-20250403-O3J0', 37, 1, '45505000.00', 'completed', 'fixed', '2025-03-15 22:52:24', '2025-04-03 14:46:43'),
(206, 'ORD-20250403-IWWF', 10, 4, '54510000.00', 'completed', 'free', '2024-11-28 19:19:49', '2025-04-03 14:46:43'),
(207, 'ORD-20250403-BZKF', 30, 2, '3249000.00', 'completed', 'store', '2025-01-11 03:27:27', '2025-04-03 14:46:43'),
(208, 'ORD-20250403-NZOE', 1, 3, '10480000.00', 'completed', 'free', '2025-02-20 05:49:29', '2025-04-03 14:46:43'),
(209, 'ORD-20250403-1ACO', 14, 3, '55440000.00', 'completed', 'store', '2025-01-10 11:14:19', '2025-04-03 14:46:43'),
(210, 'ORD-20250403-YHI4', 6, 4, '18700000.00', 'completed', 'fixed', '2025-01-14 13:17:52', '2025-04-03 14:46:43'),
(211, 'ORD-20250403-WQJG', 21, 1, '3249000.00', 'completed', 'free', '2025-03-20 02:48:27', '2025-04-03 14:46:43'),
(212, 'ORD-20250403-UNV7', 39, 3, '5800000.00', 'pending', 'free', '2022-08-26 05:39:03', '2025-04-03 14:46:43'),
(213, 'ORD-20250403-ZTDD', 28, 2, '4797500.00', 'completed', 'free', '2024-02-20 12:03:14', '2025-04-03 14:46:43'),
(214, 'ORD-20250403-HIWH', 33, 4, '26320000.00', 'cancelled', 'fixed', '2025-01-16 16:46:13', '2025-04-03 14:46:43'),
(215, 'ORD-20250403-JOXT', 30, 1, '17936000.00', 'completed', 'store', '2025-03-23 13:51:29', '2025-04-03 14:46:43'),
(216, 'ORD-20250403-YAMD', 22, 4, '38650000.00', 'pending', 'fixed', '2024-11-27 16:06:41', '2025-04-03 14:46:43'),
(217, 'ORD-20250403-WIOI', 34, 1, '10706500.00', 'completed', 'fixed', '2025-02-25 12:11:27', '2025-04-03 14:46:43'),
(218, 'ORD-20250403-WPIX', 19, 3, '15100000.00', 'completed', 'store', '2025-03-13 06:59:43', '2025-04-03 14:46:43'),
(219, 'ORD-20250403-BUMF', 35, 2, '9072500.00', 'completed', 'fixed', '2025-03-26 09:24:19', '2025-04-03 14:46:43'),
(220, 'ORD-20250403-4S5D', 36, 3, '13020000.00', 'completed', 'free', '2024-11-05 10:00:54', '2025-04-03 14:46:43'),
(221, 'ORD-20250403-K3BE', 3, 4, '26170000.00', 'pending', 'store', '2023-08-19 11:12:16', '2025-04-03 14:46:43'),
(222, 'ORD-20250403-ARUN', 30, 4, '13330000.00', 'completed', 'store', '2024-12-01 19:40:01', '2025-04-03 14:46:43'),
(223, 'ORD-20250403-ABVQ', 37, 3, '39660000.00', 'completed', 'store', '2024-07-04 05:31:28', '2025-04-03 14:46:43'),
(224, 'ORD-20250403-MBR0', 40, 3, '22320000.00', 'completed', 'free', '2024-01-28 12:47:48', '2025-04-03 14:46:43'),
(225, 'ORD-20250403-ITWO', 34, 2, '4417500.00', 'completed', 'free', '2025-02-17 15:14:30', '2025-04-03 14:46:43'),
(226, 'ORD-20250403-CI47', 5, 1, '24937500.00', 'completed', 'store', '2023-05-29 03:53:03', '2025-04-03 14:46:43'),
(227, 'ORD-20250403-RN0I', 21, 4, '6100000.00', 'pending', 'store', '2025-02-17 05:27:50', '2025-04-03 14:46:43'),
(228, 'ORD-20250403-CSA7', 16, 3, '12250000.00', 'completed', 'fixed', '2024-01-15 08:15:09', '2025-04-03 14:46:43'),
(229, 'ORD-20250403-HJUA', 30, 5, '31179000.00', 'completed', 'free', '2024-09-01 00:36:42', '2025-04-03 14:46:43'),
(230, 'ORD-20250403-7UTZ', 25, 3, '7010000.00', 'completed', 'free', '2022-07-27 19:21:47', '2025-04-03 14:46:43'),
(231, 'ORD-20250403-XTGT', 9, 1, '3942500.00', 'completed', 'store', '2025-01-31 21:17:49', '2025-04-03 14:46:43'),
(232, 'ORD-20250403-NIHV', 5, 4, '17480000.00', 'completed', 'fixed', '2024-02-07 10:29:21', '2025-04-03 14:46:43'),
(233, 'ORD-20250403-8TRT', 1, 2, '8436000.00', 'pending', 'free', '2024-12-20 08:46:28', '2025-04-03 14:46:43'),
(234, 'ORD-20250403-BHQT', 15, 4, '2670000.00', 'completed', 'fixed', '2024-06-18 16:21:59', '2025-04-03 14:46:43'),
(235, 'ORD-20250403-TMBJ', 12, 5, '20434500.00', 'completed', 'fixed', '2024-05-28 17:57:35', '2025-04-03 14:46:43'),
(236, 'ORD-20250403-TBUX', 11, 3, '52210000.00', 'completed', 'store', '2022-11-04 08:29:08', '2025-04-03 14:46:43'),
(237, 'ORD-20250403-ADQQ', 10, 4, '45420000.00', 'completed', 'store', '2024-05-25 03:14:10', '2025-04-03 14:46:43'),
(238, 'ORD-20250403-MES3', 33, 1, '3629000.00', 'completed', 'store', '2024-10-05 01:56:03', '2025-04-03 14:46:43'),
(239, 'ORD-20250403-1XUO', 22, 3, '9740000.00', 'completed', 'store', '2025-02-20 13:41:07', '2025-04-03 14:46:43'),
(240, 'ORD-20250403-PIFK', 21, 1, '37363500.00', 'completed', 'store', '2024-07-26 23:34:25', '2025-04-03 14:46:43'),
(241, 'ORD-20250403-7TCP', 11, 5, '18487000.00', 'completed', 'fixed', '2023-07-29 11:41:16', '2025-04-03 14:46:43'),
(242, 'ORD-20250403-IIER', 30, 4, '16700000.00', 'completed', 'store', '2025-01-27 22:56:33', '2025-04-03 14:46:43'),
(243, 'ORD-20250403-TNGQ', 27, 4, '1220000.00', 'completed', 'fixed', '2022-01-07 21:31:51', '2025-04-03 14:46:43'),
(244, 'ORD-20250403-34MS', 17, 4, '5460000.00', 'completed', 'fixed', '2022-02-27 20:46:41', '2025-04-03 14:46:43'),
(245, 'ORD-20250403-J7R9', 3, 1, '14848500.00', 'completed', 'fixed', '2024-11-17 02:20:35', '2025-04-03 14:46:43'),
(246, 'ORD-20250403-UREK', 24, 5, '35397000.00', 'cancelled', 'store', '2021-02-15 13:04:45', '2025-04-03 14:46:43'),
(247, 'ORD-20250403-CZQO', 1, 5, '47395500.00', 'completed', 'free', '2024-09-09 00:05:10', '2025-04-03 14:46:43'),
(248, 'ORD-20250403-JI41', 11, 3, '29100000.00', 'completed', 'fixed', '2023-02-09 15:57:10', '2025-04-03 14:46:43'),
(249, 'ORD-20250403-I4DP', 29, 1, '32784500.00', 'completed', 'fixed', '2023-06-17 00:36:20', '2025-04-03 14:46:43'),
(250, 'ORD-20250403-SPIN', 18, 4, '13680000.00', 'completed', 'store', '2023-12-28 12:01:50', '2025-04-03 14:46:43'),
(251, 'ORD-20250403-AKIP', 37, 2, '63232000.00', 'cancelled', 'free', '2022-11-03 00:02:01', '2025-04-03 14:46:43'),
(252, 'ORD-20250403-QMOG', 7, 1, '39187500.00', 'pending', 'store', '2024-08-16 17:42:26', '2025-04-03 14:46:43'),
(253, 'ORD-20250403-8FSO', 40, 2, '19465500.00', 'completed', 'store', '2024-11-02 11:28:46', '2025-04-03 14:46:43'),
(254, 'ORD-20250403-V3GE', 30, 1, '38199500.00', 'completed', 'store', '2025-02-28 04:15:08', '2025-04-03 14:46:43'),
(255, 'ORD-20250403-5XM9', 14, 2, '18259000.00', 'completed', 'free', '2023-07-14 01:27:36', '2025-04-03 14:46:43'),
(256, 'ORD-20250403-6HYC', 10, 1, '18620000.00', 'completed', 'fixed', '2024-03-31 18:19:34', '2025-04-03 14:46:43'),
(257, 'ORD-20250403-RHX0', 17, 5, '28737500.00', 'completed', 'free', '2023-05-19 22:12:45', '2025-04-03 14:46:43'),
(258, 'ORD-20250403-YCSZ', 9, 4, '34840000.00', 'completed', 'free', '2024-08-10 10:09:53', '2025-04-03 14:46:43'),
(259, 'ORD-20250403-TIE4', 3, 5, '31416500.00', 'completed', 'fixed', '2023-10-06 05:12:26', '2025-04-03 14:46:43'),
(260, 'ORD-20250403-UIUG', 14, 5, '17432500.00', 'completed', 'fixed', '2024-08-26 16:53:54', '2025-04-03 14:46:43'),
(261, 'ORD-20250403-DLLM', 15, 3, '23360000.00', 'completed', 'store', '2024-02-15 04:15:24', '2025-04-03 14:46:43'),
(262, 'ORD-20250403-INFL', 14, 5, '13870000.00', 'completed', 'fixed', '2022-08-04 04:26:32', '2025-04-03 14:46:43'),
(263, 'ORD-20250403-DQ2B', 37, 3, '13510000.00', 'pending', 'free', '2022-03-11 20:49:19', '2025-04-03 14:46:43'),
(264, 'ORD-20250403-DLRC', 4, 5, '18810000.00', 'completed', 'store', '2021-10-02 10:28:28', '2025-04-03 14:46:43'),
(265, 'ORD-20250403-LLCL', 32, 4, '20350000.00', 'completed', 'fixed', '2024-05-11 06:30:14', '2025-04-03 14:46:43'),
(266, 'ORD-20250403-UZQ2', 30, 4, '44650000.00', 'completed', 'free', '2025-03-17 09:31:37', '2025-04-03 14:46:43'),
(267, 'ORD-20250403-Z5BP', 15, 3, '7740000.00', 'completed', 'store', '2025-02-14 06:20:06', '2025-04-03 14:46:43'),
(268, 'ORD-20250403-2D9V', 38, 1, '28357500.00', 'completed', 'free', '2023-01-07 08:13:37', '2025-04-03 14:46:43'),
(269, 'ORD-20250403-ZHG3', 11, 3, '24300000.00', 'cancelled', 'free', '2023-01-26 19:32:58', '2025-04-03 14:46:43'),
(270, 'ORD-20250403-KYDQ', 20, 1, '50141000.00', 'pending', 'fixed', '2022-08-07 22:17:05', '2025-04-03 14:46:43'),
(271, 'ORD-20250403-NZDG', 23, 4, '8020000.00', 'pending', 'free', '2024-11-18 07:36:27', '2025-04-03 14:46:43'),
(272, 'ORD-20250403-NVPM', 8, 4, '16810000.00', 'completed', 'store', '2023-10-19 06:08:25', '2025-04-03 14:46:43'),
(273, 'ORD-20250403-LO9G', 40, 4, '9140000.00', 'completed', 'fixed', '2024-11-26 06:48:21', '2025-04-03 14:46:43'),
(274, 'ORD-20250403-FJCJ', 18, 2, '3135000.00', 'completed', 'free', '2024-01-21 17:00:23', '2025-04-03 14:46:43'),
(275, 'ORD-20250403-BQPX', 21, 2, '10801500.00', 'pending', 'fixed', '2025-01-06 15:45:50', '2025-04-03 14:46:43'),
(276, 'ORD-20250403-ZKVZ', 11, 1, '21014000.00', 'completed', 'store', '2022-06-11 05:30:03', '2025-04-03 14:46:43'),
(277, 'ORD-20250403-GHAU', 16, 2, '6222500.00', 'completed', 'fixed', '2024-01-24 21:12:11', '2025-04-03 14:46:43'),
(278, 'ORD-20250403-JMZC', 6, 2, '18135500.00', 'pending', 'free', '2024-10-24 13:25:20', '2025-04-03 14:46:44'),
(279, 'ORD-20250403-KKTL', 13, 4, '17210000.00', 'completed', 'fixed', '2023-04-25 17:31:38', '2025-04-03 14:46:44'),
(280, 'ORD-20250403-CGAG', 37, 2, '4541000.00', 'completed', 'store', '2024-04-28 00:05:41', '2025-04-03 14:46:44'),
(281, 'ORD-20250403-JGH2', 28, 3, '4720000.00', 'pending', 'fixed', '2024-10-18 06:53:58', '2025-04-03 14:46:44'),
(282, 'ORD-20250403-2QMP', 16, 1, '20852500.00', 'completed', 'fixed', '2024-11-08 19:31:46', '2025-04-03 14:46:44'),
(283, 'ORD-20250403-OUED', 22, 1, '34390000.00', 'completed', 'free', '2025-03-05 11:21:43', '2025-04-03 14:46:44'),
(284, 'ORD-20250403-YPOI', 30, 1, '29070000.00', 'cancelled', 'free', '2025-02-15 17:11:42', '2025-04-03 14:46:44'),
(285, 'ORD-20250403-CPXH', 9, 4, '21410000.00', 'pending', 'free', '2025-03-10 05:50:43', '2025-04-03 14:46:44'),
(286, 'ORD-20250403-5PNM', 36, 5, '47690000.00', 'completed', 'free', '2025-03-20 09:31:12', '2025-04-03 14:46:44'),
(287, 'ORD-20250403-T6LN', 35, 3, '16850000.00', 'completed', 'store', '2025-03-27 11:04:37', '2025-04-03 14:46:44'),
(288, 'ORD-20250403-WJSY', 35, 4, '24370000.00', 'pending', 'free', '2025-03-21 20:43:39', '2025-04-03 14:46:44'),
(289, 'ORD-20250403-LC0C', 19, 3, '4600000.00', 'completed', 'fixed', '2025-03-23 03:22:53', '2025-04-03 14:46:44'),
(290, 'ORD-20250403-VYNW', 29, 3, '26060000.00', 'completed', 'store', '2023-11-21 16:53:09', '2025-04-03 14:46:44'),
(291, 'ORD-20250403-EVEM', 14, 2, '20368000.00', 'completed', 'fixed', '2023-12-02 18:37:01', '2025-04-03 14:46:44'),
(292, 'ORD-20250403-URAT', 36, 2, '28671000.00', 'completed', 'fixed', '2024-07-23 10:16:49', '2025-04-03 14:46:44'),
(293, 'ORD-20250403-AFTI', 12, 4, '39640000.00', 'completed', 'fixed', '2023-10-03 22:27:44', '2025-04-03 14:46:44'),
(294, 'ORD-20250403-CMV1', 2, 3, '32620000.00', 'completed', 'free', '2023-10-04 22:41:05', '2025-04-03 14:46:44'),
(295, 'ORD-20250403-6ULM', 35, 4, '8720000.00', 'completed', 'free', '2025-03-21 08:09:05', '2025-04-03 14:46:44'),
(296, 'ORD-20250403-41OJ', 28, 5, '16777000.00', 'completed', 'store', '2024-01-03 01:28:30', '2025-04-03 14:46:44'),
(297, 'ORD-20250403-6OWF', 1, 3, '5660000.00', 'completed', 'fixed', '2024-06-22 17:19:38', '2025-04-03 14:46:44'),
(298, 'ORD-20250403-TT9D', 3, 3, '20110000.00', 'completed', 'store', '2024-04-30 21:22:42', '2025-04-03 14:46:44'),
(299, 'ORD-20250403-WM5F', 13, 5, '21897500.00', 'completed', 'fixed', '2023-11-25 11:25:21', '2025-04-03 14:46:44'),
(300, 'ORD-20250403-4DZK', 13, 3, '45230000.00', 'completed', 'free', '2025-02-18 06:24:01', '2025-04-03 14:46:44'),
(301, 'ORD-20250403-GY6E', 34, 4, '14280000.00', 'completed', 'store', '2025-03-09 11:53:18', '2025-04-03 14:46:44'),
(302, 'ORD-20250403-QRLZ', 23, 5, '34076500.00', 'pending', 'fixed', '2024-12-12 22:06:32', '2025-04-03 14:46:44'),
(303, 'ORD-20250403-PZQL', 8, 2, '6906500.00', 'completed', 'store', '2024-01-24 03:05:35', '2025-04-03 14:46:44'),
(304, 'ORD-20250403-SBVF', 37, 4, '13820000.00', 'completed', 'fixed', '2025-02-21 19:35:29', '2025-04-03 14:46:44'),
(305, 'ORD-20250403-RKTE', 19, 1, '48041500.00', 'pending', 'free', '2025-01-27 11:45:58', '2025-04-03 14:46:44'),
(306, 'ORD-20250403-J3TH', 27, 2, '14668000.00', 'completed', 'store', '2024-10-10 03:12:03', '2025-04-03 14:46:44'),
(307, 'ORD-20250403-IUSM', 27, 4, '26230000.00', 'completed', 'free', '2023-12-25 19:38:58', '2025-04-03 14:46:44'),
(308, 'ORD-20250403-DF1H', 40, 5, '41363000.00', 'pending', 'free', '2023-04-27 11:30:27', '2025-04-03 14:46:44'),
(309, 'ORD-20250403-NKKH', 33, 5, '20681500.00', 'completed', 'fixed', '2025-01-19 02:05:59', '2025-04-03 14:46:44'),
(310, 'ORD-20250403-VIZ6', 5, 3, '44920000.00', 'completed', 'free', '2021-12-18 00:39:42', '2025-04-03 14:46:44'),
(311, 'ORD-20250403-AV4B', 27, 4, '3830000.00', 'completed', 'store', '2023-11-03 04:57:56', '2025-04-03 14:46:44'),
(312, 'ORD-20250403-7ST5', 25, 4, '34970000.00', 'completed', 'fixed', '2022-07-08 09:40:12', '2025-04-03 14:46:44'),
(313, 'ORD-20250403-O5UZ', 29, 3, '1710000.00', 'completed', 'store', '2025-03-23 21:32:09', '2025-04-03 14:46:44'),
(314, 'ORD-20250403-1RXG', 15, 3, '14400000.00', 'completed', 'free', '2025-01-12 22:32:01', '2025-04-03 14:46:44'),
(315, 'ORD-20250403-2OOH', 31, 3, '33560000.00', 'pending', 'free', '2024-07-31 22:27:44', '2025-04-03 14:46:44'),
(316, 'ORD-20250403-REJO', 33, 4, '2720000.00', 'completed', 'store', '2024-11-19 16:25:58', '2025-04-03 14:46:44'),
(317, 'ORD-20250403-RL6E', 12, 3, '21540000.00', 'completed', 'store', '2024-08-12 09:39:06', '2025-04-03 14:46:44'),
(318, 'ORD-20250403-7LPD', 5, 1, '9072500.00', 'completed', 'store', '2023-09-04 00:40:40', '2025-04-03 14:46:44'),
(319, 'ORD-20250403-UXDF', 35, 4, '5420000.00', 'completed', 'store', '2025-03-18 10:09:08', '2025-04-03 14:46:44'),
(320, 'ORD-20250403-JYSY', 32, 3, '1600000.00', 'completed', 'store', '2022-10-17 13:49:38', '2025-04-03 14:46:44'),
(321, 'ORD-20250403-RDZU', 38, 5, '30704000.00', 'completed', 'store', '2023-03-30 13:36:44', '2025-04-03 14:46:44'),
(322, 'ORD-20250403-KXUE', 14, 3, '29690000.00', 'completed', 'free', '2022-08-01 03:07:16', '2025-04-03 14:46:44'),
(323, 'ORD-20250403-91RB', 33, 3, '39620000.00', 'completed', 'fixed', '2024-11-14 03:04:12', '2025-04-03 14:46:44'),
(324, 'ORD-20250403-PHV8', 23, 4, '5390000.00', 'pending', 'fixed', '2025-01-30 00:11:07', '2025-04-03 14:46:44'),
(325, 'ORD-20250403-5AEA', 17, 5, '25365000.00', 'completed', 'free', '2024-10-11 08:03:01', '2025-04-03 14:46:44'),
(326, 'ORD-20250403-FVTD', 26, 5, '43244000.00', 'completed', 'fixed', '2025-03-19 23:49:46', '2025-04-03 14:46:44'),
(327, 'ORD-20250403-IMJJ', 13, 5, '11181500.00', 'completed', 'free', '2023-09-12 18:39:35', '2025-04-03 14:46:44'),
(328, 'ORD-20250403-ZTI6', 11, 2, '19142500.00', 'completed', 'free', '2021-09-16 20:07:29', '2025-04-03 14:46:44'),
(329, 'ORD-20250403-2JSS', 11, 3, '3770000.00', 'completed', 'free', '2024-04-25 22:41:02', '2025-04-03 14:46:45'),
(330, 'ORD-20250403-OTTS', 9, 2, '25346000.00', 'cancelled', 'fixed', '2024-05-17 19:13:29', '2025-04-03 14:46:45'),
(331, 'ORD-20250403-YCUI', 21, 2, '5633500.00', 'completed', 'fixed', '2025-01-01 16:40:37', '2025-04-03 14:46:45'),
(332, 'ORD-20250403-HYLH', 3, 5, '6631000.00', 'cancelled', 'fixed', '2022-10-27 02:03:06', '2025-04-03 14:46:45'),
(333, 'ORD-20250403-OHXQ', 33, 1, '10317000.00', 'completed', 'fixed', '2025-02-04 21:03:25', '2025-04-03 14:46:45'),
(334, 'ORD-20250403-K6MO', 10, 2, '9376500.00', 'completed', 'free', '2024-09-05 17:26:11', '2025-04-03 14:46:45'),
(335, 'ORD-20250403-GOH6', 17, 5, '28984500.00', 'completed', 'store', '2023-02-10 15:04:12', '2025-04-03 14:46:45'),
(336, 'ORD-20250403-EZOC', 12, 4, '4010000.00', 'completed', 'fixed', '2024-05-14 07:23:12', '2025-04-03 14:46:45'),
(337, 'ORD-20250403-A9JF', 21, 2, '3420000.00', 'completed', 'free', '2025-01-21 09:46:12', '2025-04-03 14:46:45'),
(338, 'ORD-20250403-EGSK', 1, 3, '24900000.00', 'completed', 'fixed', '2025-01-13 10:15:10', '2025-04-03 14:46:45'),
(339, 'ORD-20250403-4B4N', 30, 4, '18580000.00', 'completed', 'store', '2025-03-04 10:24:06', '2025-04-03 14:46:45'),
(340, 'ORD-20250403-CMIA', 30, 5, '10678000.00', 'completed', 'free', '2024-08-27 00:12:22', '2025-04-03 14:46:45'),
(341, 'ORD-20250403-ULXI', 21, 3, '28250000.00', 'completed', 'fixed', '2024-10-17 08:06:42', '2025-04-03 14:46:45'),
(342, 'ORD-20250403-UBLX', 30, 3, '50400000.00', 'completed', 'free', '2024-10-08 18:53:05', '2025-04-03 14:46:45'),
(343, 'ORD-20250403-FEOR', 24, 5, '28642500.00', 'completed', 'free', '2023-09-26 13:57:35', '2025-04-03 14:46:45'),
(344, 'ORD-20250403-BJEB', 6, 1, '34599000.00', 'completed', 'fixed', '2024-01-22 12:56:51', '2025-04-03 14:46:45'),
(345, 'ORD-20250403-QRU8', 15, 4, '3900000.00', 'completed', 'store', '2023-11-08 05:10:18', '2025-04-03 14:46:45'),
(346, 'ORD-20250403-FUXT', 37, 1, '22439000.00', 'completed', 'fixed', '2024-02-13 21:54:23', '2025-04-03 14:46:45'),
(347, 'ORD-20250403-D5JH', 38, 3, '18750000.00', 'completed', 'fixed', '2021-09-07 07:30:29', '2025-04-03 14:46:45'),
(348, 'ORD-20250403-RWQT', 17, 1, '9234000.00', 'completed', 'store', '2024-01-24 07:21:08', '2025-04-03 14:46:45'),
(349, 'ORD-20250403-ERDR', 14, 2, '3781000.00', 'completed', 'fixed', '2024-10-04 08:32:05', '2025-04-03 14:46:45'),
(350, 'ORD-20250403-FI9S', 35, 3, '24230000.00', 'completed', 'store', '2025-03-20 20:48:46', '2025-04-03 14:46:45'),
(351, 'ORD-20250403-D1EV', 5, 4, '20090000.00', 'completed', 'free', '2023-03-09 21:46:13', '2025-04-03 14:46:45'),
(352, 'ORD-20250403-W0HB', 29, 5, '10469000.00', 'completed', 'store', '2023-03-08 03:55:09', '2025-04-03 14:46:45'),
(353, 'ORD-20250403-QJ8V', 33, 3, '8640000.00', 'completed', 'free', '2024-11-22 06:01:29', '2025-04-03 14:46:45'),
(354, 'ORD-20250403-BWBY', 36, 5, '34304500.00', 'completed', 'fixed', '2025-01-19 06:41:52', '2025-04-03 14:46:45'),
(355, 'ORD-20250403-FDLY', 4, 4, '31440000.00', 'completed', 'fixed', '2023-05-15 13:36:56', '2025-04-03 14:46:45'),
(356, 'ORD-20250403-ITCB', 13, 2, '18430000.00', 'completed', 'free', '2023-09-01 04:06:42', '2025-04-03 14:46:45'),
(357, 'ORD-20250403-WIND', 27, 2, '5054000.00', 'completed', 'free', '2022-02-09 18:10:00', '2025-04-03 14:46:45'),
(358, 'ORD-20250403-PGJF', 37, 3, '35950000.00', 'completed', 'fixed', '2024-08-07 23:27:04', '2025-04-03 14:46:45'),
(359, 'ORD-20250403-QXGS', 34, 3, '15720000.00', 'pending', 'store', '2025-03-21 15:03:39', '2025-04-03 14:46:45'),
(360, 'ORD-20250403-MUMI', 33, 1, '40669500.00', 'completed', 'fixed', '2024-12-30 03:17:54', '2025-04-03 14:46:45'),
(361, 'ORD-20250403-N6TP', 3, 4, '2700000.00', 'completed', 'fixed', '2024-12-23 08:45:57', '2025-04-03 14:46:45'),
(362, 'ORD-20250403-MRF4', 39, 3, '34270000.00', 'completed', 'store', '2024-06-15 23:56:30', '2025-04-03 14:46:45'),
(363, 'ORD-20250403-8Y12', 11, 1, '13737000.00', 'completed', 'free', '2021-09-23 13:57:32', '2025-04-03 14:46:45'),
(364, 'ORD-20250403-0W8I', 7, 1, '14744000.00', 'completed', 'free', '2024-02-09 16:51:26', '2025-04-03 14:46:45'),
(365, 'ORD-20250403-7DCI', 1, 4, '31880000.00', 'completed', 'store', '2025-01-11 09:27:23', '2025-04-03 14:46:45'),
(366, 'ORD-20250403-ZUBN', 36, 2, '9975000.00', 'completed', 'store', '2023-04-04 21:47:48', '2025-04-03 14:46:45'),
(367, 'ORD-20250403-IK3Q', 11, 2, '32708500.00', 'pending', 'fixed', '2022-06-05 03:14:53', '2025-04-03 14:46:45'),
(368, 'ORD-20250403-WNWE', 3, 5, '22543500.00', 'completed', 'free', '2025-02-24 02:20:11', '2025-04-03 14:46:45'),
(369, 'ORD-20250403-84QZ', 10, 4, '45420000.00', 'cancelled', 'fixed', '2024-09-15 02:19:29', '2025-04-03 14:46:45'),
(370, 'ORD-20250403-MTES', 40, 3, '48850000.00', 'pending', 'fixed', '2022-08-31 12:32:06', '2025-04-03 14:46:45'),
(371, 'ORD-20250403-JHGO', 35, 4, '41560000.00', 'pending', 'store', '2025-03-21 08:16:02', '2025-04-03 14:46:45'),
(372, 'ORD-20250403-KSO9', 38, 1, '29545000.00', 'completed', 'free', '2022-04-13 11:13:17', '2025-04-03 14:46:45'),
(373, 'ORD-20250403-K9CS', 21, 5, '10906000.00', 'completed', 'free', '2024-12-25 07:43:29', '2025-04-03 14:46:45'),
(374, 'ORD-20250403-N8UK', 9, 4, '2100000.00', 'pending', 'fixed', '2024-02-10 20:32:44', '2025-04-03 14:46:45'),
(375, 'ORD-20250403-RN0L', 4, 4, '4100000.00', 'cancelled', 'store', '2023-11-28 07:26:46', '2025-04-03 14:46:45'),
(376, 'ORD-20250403-KKWJ', 1, 2, '14630000.00', 'pending', 'free', '2024-03-29 17:51:23', '2025-04-03 14:46:45'),
(377, 'ORD-20250403-J2OJ', 38, 4, '37340000.00', 'pending', 'free', '2024-03-24 05:13:15', '2025-04-03 14:46:45'),
(378, 'ORD-20250403-RCH2', 4, 5, '50977000.00', 'completed', 'store', '2023-03-01 07:51:37', '2025-04-03 14:46:45'),
(379, 'ORD-20250403-JHWB', 39, 5, '10972500.00', 'completed', 'store', '2021-09-18 20:13:58', '2025-04-03 14:46:45'),
(380, 'ORD-20250403-SQOQ', 18, 5, '33231000.00', 'completed', 'fixed', '2023-06-08 13:23:14', '2025-04-03 14:46:45'),
(381, 'ORD-20250403-SAPQ', 14, 5, '19997500.00', 'completed', 'free', '2022-12-17 15:09:20', '2025-04-03 14:46:45'),
(382, 'ORD-20250403-3GVH', 6, 1, '40090000.00', 'pending', 'store', '2025-02-11 04:00:45', '2025-04-03 14:46:45'),
(383, 'ORD-20250403-96NO', 35, 2, '11903500.00', 'completed', 'free', '2025-03-25 02:48:10', '2025-04-03 14:46:45'),
(384, 'ORD-20250403-USCX', 4, 3, '39600000.00', 'completed', 'free', '2024-06-05 05:39:04', '2025-04-03 14:46:45'),
(385, 'ORD-20250403-DEFS', 19, 3, '44280000.00', 'pending', 'store', '2025-01-14 01:24:50', '2025-04-03 14:46:45'),
(386, 'ORD-20250403-QDJG', 30, 2, '31644500.00', 'completed', 'fixed', '2025-03-03 09:20:28', '2025-04-03 14:46:45'),
(387, 'ORD-20250403-USCH', 24, 3, '34080000.00', 'completed', 'store', '2020-10-26 01:58:50', '2025-04-03 14:46:45'),
(388, 'ORD-20250403-FGE4', 21, 5, '17385000.00', 'pending', 'fixed', '2024-11-20 21:35:02', '2025-04-03 14:46:45'),
(389, 'ORD-20250403-KHCY', 2, 1, '5025500.00', 'completed', 'free', '2021-03-14 21:07:01', '2025-04-03 14:46:45'),
(390, 'ORD-20250403-TMJN', 27, 1, '24605000.00', 'completed', 'free', '2022-03-15 07:47:27', '2025-04-03 14:46:45'),
(391, 'ORD-20250403-YQKT', 12, 1, '11637500.00', 'cancelled', 'fixed', '2024-03-22 12:15:14', '2025-04-03 14:46:45'),
(392, 'ORD-20250403-QOTT', 25, 1, '29659000.00', 'completed', 'fixed', '2024-01-29 04:22:00', '2025-04-03 14:46:45'),
(393, 'ORD-20250403-FAU1', 14, 2, '24937500.00', 'completed', 'free', '2024-02-14 15:24:05', '2025-04-03 14:46:45'),
(394, 'ORD-20250403-Y0NG', 4, 4, '1910000.00', 'completed', 'store', '2020-08-23 19:11:51', '2025-04-03 14:46:45'),
(395, 'ORD-20250403-HHRF', 19, 5, '34380500.00', 'completed', 'free', '2025-01-18 21:31:35', '2025-04-03 14:46:45'),
(396, 'ORD-20250403-4MY5', 32, 2, '12483000.00', 'completed', 'store', '2022-11-28 14:36:57', '2025-04-03 14:46:45'),
(397, 'ORD-20250403-MIYF', 24, 2, '4769000.00', 'completed', 'store', '2025-01-16 02:36:00', '2025-04-03 14:46:45'),
(398, 'ORD-20250403-PDHV', 34, 1, '21973500.00', 'pending', 'free', '2025-03-11 20:06:59', '2025-04-03 14:46:45'),
(399, 'ORD-20250403-6XQK', 2, 1, '12397500.00', 'completed', 'fixed', '2023-10-30 01:44:57', '2025-04-03 14:46:45'),
(400, 'ORD-20250403-XZCF', 31, 5, '12863000.00', 'completed', 'free', '2024-11-20 19:10:01', '2025-04-03 14:46:45'),
(401, 'ORD-20250403-YOVN', 36, 4, '22370000.00', 'completed', 'store', '2025-03-03 04:46:03', '2025-04-03 14:46:45'),
(402, 'ORD-20250403-FRTU', 24, 3, '21400000.00', 'pending', 'fixed', '2024-05-25 12:43:41', '2025-04-03 14:46:45'),
(403, 'ORD-20250403-J7ZH', 4, 5, '33383000.00', 'completed', 'store', '2021-09-21 02:06:51', '2025-04-03 14:46:45'),
(404, 'ORD-20250403-X4WE', 18, 4, '20030000.00', 'completed', 'fixed', '2024-12-31 01:09:09', '2025-04-03 14:46:45'),
(405, 'ORD-20250403-YFH9', 28, 2, '17622500.00', 'completed', 'fixed', '2021-12-01 17:18:17', '2025-04-03 14:46:45'),
(406, 'ORD-20250403-VPJI', 35, 5, '7381500.00', 'pending', 'free', '2025-03-21 01:08:34', '2025-04-03 14:46:45'),
(407, 'ORD-20250403-GJDM', 6, 2, '15114500.00', 'pending', 'store', '2024-05-15 01:42:21', '2025-04-03 14:46:45'),
(408, 'ORD-20250403-BQOE', 19, 1, '12996000.00', 'pending', 'fixed', '2024-12-22 23:29:25', '2025-04-03 14:46:45'),
(409, 'ORD-20250403-GX05', 38, 5, '35378000.00', 'completed', 'free', '2023-03-18 07:00:07', '2025-04-03 14:46:45'),
(410, 'ORD-20250403-EMU4', 8, 1, '4189500.00', 'completed', 'store', '2023-11-18 02:45:18', '2025-04-03 14:46:46'),
(411, 'ORD-20250403-YTMR', 21, 2, '42294000.00', 'pending', 'store', '2025-03-21 13:35:12', '2025-04-03 14:46:46'),
(412, 'ORD-20250403-2XWQ', 10, 2, '7818500.00', 'completed', 'fixed', '2023-07-30 21:21:45', '2025-04-03 14:46:46'),
(413, 'ORD-20250403-GDEN', 4, 4, '2500000.00', 'completed', 'free', '2025-02-05 07:52:41', '2025-04-03 14:46:46'),
(414, 'ORD-20250403-WXAI', 36, 3, '27100000.00', 'completed', 'free', '2023-11-15 08:58:54', '2025-04-03 14:46:46'),
(415, 'ORD-20250403-W0K1', 5, 2, '36983500.00', 'completed', 'free', '2023-02-12 21:24:20', '2025-04-03 14:46:46'),
(416, 'ORD-20250403-JF9T', 6, 2, '22866500.00', 'pending', 'free', '2023-02-20 07:15:54', '2025-04-03 14:46:46'),
(417, 'ORD-20250403-ODXT', 28, 5, '7172500.00', 'completed', 'fixed', '2024-01-22 00:33:44', '2025-04-03 14:46:46'),
(418, 'ORD-20250403-SI0K', 7, 3, '23200000.00', 'completed', 'fixed', '2022-09-04 01:00:04', '2025-04-03 14:46:46'),
(419, 'ORD-20250403-XSAH', 10, 5, '19532000.00', 'completed', 'free', '2024-05-27 15:05:28', '2025-04-03 14:46:46'),
(420, 'ORD-20250403-VD7P', 28, 5, '6042000.00', 'completed', 'store', '2022-11-02 01:44:52', '2025-04-03 14:46:46'),
(421, 'ORD-20250403-NGWP', 38, 3, '4470000.00', 'completed', 'fixed', '2021-11-27 02:24:55', '2025-04-03 14:46:46'),
(422, 'ORD-20250403-APQF', 5, 1, '31701500.00', 'completed', 'store', '2024-05-21 20:04:32', '2025-04-03 14:46:46'),
(423, 'ORD-20250403-N8TH', 25, 3, '22640000.00', 'pending', 'free', '2024-05-07 01:43:17', '2025-04-03 14:46:46'),
(424, 'ORD-20250403-ZKLA', 9, 3, '15430000.00', 'completed', 'fixed', '2024-04-02 19:02:42', '2025-04-03 14:46:46'),
(425, 'ORD-20250403-DA1G', 32, 4, '11930000.00', 'completed', 'free', '2023-03-11 17:23:03', '2025-04-03 14:46:46'),
(426, 'ORD-20250403-YTEY', 1, 1, '15504000.00', 'pending', 'fixed', '2024-11-11 21:38:58', '2025-04-03 14:46:46'),
(427, 'ORD-20250403-NIY6', 29, 4, '13050000.00', 'completed', 'free', '2023-11-13 18:30:07', '2025-04-03 14:46:46'),
(428, 'ORD-20250403-29XD', 3, 5, '5225000.00', 'cancelled', 'fixed', '2022-09-07 01:30:05', '2025-04-03 14:46:46'),
(429, 'ORD-20250403-ZIKZ', 19, 1, '14725000.00', 'pending', 'store', '2025-02-11 23:24:08', '2025-04-03 14:46:46'),
(430, 'ORD-20250403-DWUT', 35, 3, '23890000.00', 'completed', 'free', '2025-03-23 19:12:18', '2025-04-03 14:46:46'),
(431, 'ORD-20250403-B6GQ', 24, 3, '18860000.00', 'pending', 'store', '2024-03-29 09:09:28', '2025-04-03 14:46:46'),
(432, 'ORD-20250403-QRBS', 17, 2, '68219500.00', 'completed', 'free', '2025-03-05 01:13:30', '2025-04-03 14:46:46'),
(433, 'ORD-20250403-3EQU', 16, 2, '4503000.00', 'completed', 'free', '2024-10-22 06:58:50', '2025-04-03 14:46:46'),
(434, 'ORD-20250403-8JCW', 32, 2, '25194000.00', 'completed', 'fixed', '2022-07-04 14:11:11', '2025-04-03 14:46:46');
INSERT INTO `orders` (`id`, `order_code`, `user_id`, `voucher_id`, `total_amount`, `status`, `shipping_method`, `created_at`, `updated_at`) VALUES
(435, 'ORD-20250403-WYKK', 24, 4, '1430000.00', 'pending', 'store', '2024-02-17 19:16:57', '2025-04-03 14:46:46'),
(436, 'ORD-20250403-1DBI', 36, 4, '15600000.00', 'completed', 'store', '2023-12-04 14:02:02', '2025-04-03 14:46:46'),
(437, 'ORD-20250403-WAEV', 37, 5, '1966500.00', 'completed', 'free', '2023-06-06 16:27:28', '2025-04-03 14:46:46'),
(438, 'ORD-20250403-COAQ', 13, 3, '18620000.00', 'completed', 'store', '2023-07-21 20:17:00', '2025-04-03 14:46:46'),
(439, 'ORD-20250403-9JH6', 31, 3, '19380000.00', 'completed', 'store', '2024-09-22 00:16:24', '2025-04-03 14:46:46'),
(440, 'ORD-20250403-FWO2', 1, 4, '13100000.00', 'completed', 'free', '2024-01-09 10:22:44', '2025-04-03 14:46:46'),
(441, 'ORD-20250403-9LDQ', 2, 4, '17450000.00', 'completed', 'store', '2023-11-09 20:38:43', '2025-04-03 14:46:46'),
(442, 'ORD-20250403-HDYG', 23, 1, '12616000.00', 'completed', 'free', '2024-12-15 01:27:34', '2025-04-03 14:46:46'),
(443, 'ORD-20250403-ZUN5', 24, 2, '22192000.00', 'completed', 'fixed', '2020-06-17 12:10:41', '2025-04-03 14:46:46'),
(444, 'ORD-20250403-IEPA', 29, 1, '15295000.00', 'completed', 'store', '2023-04-02 22:40:19', '2025-04-03 14:46:46'),
(445, 'ORD-20250403-VILO', 38, 1, '16815000.00', 'completed', 'fixed', '2022-10-28 15:50:15', '2025-04-03 14:46:46'),
(446, 'ORD-20250403-3S0P', 37, 3, '40840000.00', 'completed', 'free', '2022-01-22 13:06:56', '2025-04-03 14:46:46'),
(447, 'ORD-20250403-EF8E', 12, 1, '23398500.00', 'completed', 'free', '2024-04-06 07:19:41', '2025-04-03 14:46:46'),
(448, 'ORD-20250403-HBK9', 20, 4, '32130000.00', 'completed', 'fixed', '2021-12-07 02:44:30', '2025-04-03 14:46:46'),
(449, 'ORD-20250403-VGC8', 35, 4, '33810000.00', 'completed', 'free', '2025-03-20 12:41:46', '2025-04-03 14:46:46'),
(450, 'ORD-20250403-CZDQ', 34, 5, '47082000.00', 'completed', 'free', '2025-03-25 14:57:55', '2025-04-03 14:46:46'),
(451, 'ORD-20250403-4ZVS', 19, 5, '44460000.00', 'completed', 'store', '2024-12-28 20:10:36', '2025-04-03 14:46:46'),
(452, 'ORD-20250403-LU5F', 8, 3, '9780000.00', 'completed', 'fixed', '2024-12-14 05:32:05', '2025-04-03 14:46:46'),
(453, 'ORD-20250403-RU2A', 11, 3, '43670000.00', 'completed', 'free', '2024-06-26 23:40:25', '2025-04-03 14:46:46'),
(454, 'ORD-20250403-6FZF', 5, 1, '24339000.00', 'pending', 'free', '2022-02-13 06:08:51', '2025-04-03 14:46:46'),
(455, 'ORD-20250403-YLVG', 32, 4, '24160000.00', 'completed', 'free', '2022-12-04 22:59:46', '2025-04-03 14:46:46'),
(456, 'ORD-20250403-R0YE', 6, 2, '20121000.00', 'pending', 'store', '2023-08-24 13:50:00', '2025-04-03 14:46:46'),
(457, 'ORD-20250403-C4D3', 28, 1, '20786000.00', 'completed', 'store', '2021-05-12 23:16:42', '2025-04-03 14:46:46'),
(458, 'ORD-20250403-6337', 25, 2, '14250000.00', 'completed', 'free', '2023-03-23 10:29:12', '2025-04-03 14:46:46'),
(459, 'ORD-20250403-WSOU', 24, 4, '3820000.00', 'pending', 'fixed', '2021-10-24 20:01:37', '2025-04-03 14:46:46'),
(460, 'ORD-20250403-AR3H', 36, 3, '24370000.00', 'completed', 'store', '2024-03-03 09:09:32', '2025-04-03 14:46:46'),
(461, 'ORD-20250403-3FLX', 36, 2, '29687500.00', 'completed', 'store', '2025-02-26 23:02:57', '2025-04-03 14:46:46'),
(462, 'ORD-20250403-ARLK', 2, 3, '40920000.00', 'completed', 'free', '2022-11-20 09:48:52', '2025-04-03 14:46:46'),
(463, 'ORD-20250403-SNXV', 36, 3, '21320000.00', 'pending', 'fixed', '2024-03-27 09:44:05', '2025-04-03 14:46:46'),
(464, 'ORD-20250403-PVUQ', 37, 1, '22420000.00', 'pending', 'fixed', '2022-09-15 18:34:02', '2025-04-03 14:46:46'),
(465, 'ORD-20250403-N41M', 17, 5, '25602500.00', 'completed', 'fixed', '2024-04-18 17:37:16', '2025-04-03 14:46:46'),
(466, 'ORD-20250403-4V8T', 24, 3, '11440000.00', 'completed', 'store', '2023-09-18 06:28:07', '2025-04-03 14:46:46'),
(467, 'ORD-20250403-WXDC', 36, 4, '25010000.00', 'pending', 'store', '2024-04-25 22:08:02', '2025-04-03 14:46:46'),
(468, 'ORD-20250403-GDZO', 23, 3, '28030000.00', 'cancelled', 'fixed', '2024-11-19 11:10:52', '2025-04-03 14:46:46'),
(469, 'ORD-20250403-5EZT', 9, 2, '2831000.00', 'completed', 'free', '2024-11-03 05:29:50', '2025-04-03 14:46:46'),
(470, 'ORD-20250403-WLKL', 29, 1, '8103500.00', 'completed', 'fixed', '2023-01-10 09:44:00', '2025-04-03 14:46:46'),
(471, 'ORD-20250403-U318', 31, 2, '32423500.00', 'completed', 'fixed', '2024-06-19 10:06:19', '2025-04-03 14:46:46'),
(472, 'ORD-20250403-AYLN', 23, 4, '46100000.00', 'completed', 'store', '2024-12-17 00:18:10', '2025-04-03 14:46:46'),
(473, 'ORD-20250403-FRVN', 38, 4, '65620000.00', 'completed', 'free', '2023-02-04 14:47:00', '2025-04-03 14:46:46'),
(474, 'ORD-20250403-5L0M', 32, 4, '15280000.00', 'pending', 'store', '2022-09-24 03:08:07', '2025-04-03 14:46:46'),
(475, 'ORD-20250403-XL8D', 3, 3, '20210000.00', 'completed', 'fixed', '2024-01-18 05:59:42', '2025-04-03 14:46:46'),
(476, 'ORD-20250403-JD0F', 18, 4, '6410000.00', 'completed', 'free', '2021-02-10 00:22:55', '2025-04-03 14:46:46'),
(477, 'ORD-20250403-M5PZ', 22, 4, '37760000.00', 'completed', 'store', '2025-03-21 20:05:57', '2025-04-03 14:46:46'),
(478, 'ORD-20250403-E7SN', 31, 5, '12435500.00', 'completed', 'fixed', '2024-04-17 07:33:05', '2025-04-03 14:46:46'),
(479, 'ORD-20250403-WYGA', 38, 1, '10868000.00', 'pending', 'store', '2023-02-03 05:51:09', '2025-04-03 14:46:46'),
(480, 'ORD-20250403-NSPR', 36, 1, '36850500.00', 'completed', 'fixed', '2023-04-16 19:08:09', '2025-04-03 14:46:46'),
(481, 'ORD-20250403-7UEY', 40, 5, '20026000.00', 'completed', 'store', '2022-05-17 22:40:37', '2025-04-03 14:46:46'),
(482, 'ORD-20250403-3HHQ', 3, 5, '2052000.00', 'completed', 'fixed', '2023-03-21 00:12:53', '2025-04-03 14:46:46'),
(483, 'ORD-20250403-X07E', 26, 5, '1007000.00', 'completed', 'fixed', '2025-03-16 13:01:44', '2025-04-03 14:46:46'),
(484, 'ORD-20250403-OULC', 14, 1, '37753000.00', 'pending', 'fixed', '2024-07-21 12:06:09', '2025-04-03 14:46:46'),
(485, 'ORD-20250403-IO08', 36, 5, '32024500.00', 'completed', 'fixed', '2024-12-22 21:22:41', '2025-04-03 14:46:46'),
(486, 'ORD-20250403-FUYD', 31, 2, '13376000.00', 'completed', 'free', '2024-10-27 23:06:32', '2025-04-03 14:46:46'),
(487, 'ORD-20250403-M3RD', 7, 3, '5200000.00', 'completed', 'store', '2025-02-15 13:05:16', '2025-04-03 14:46:46'),
(488, 'ORD-20250403-EQGO', 11, 3, '21030000.00', 'pending', 'fixed', '2023-07-23 02:59:27', '2025-04-03 14:46:46'),
(489, 'ORD-20250403-YEMO', 11, 3, '6830000.00', 'completed', 'fixed', '2021-11-16 18:52:43', '2025-04-03 14:46:46'),
(490, 'ORD-20250403-P7BF', 31, 1, '11438000.00', 'completed', 'store', '2024-11-10 20:53:48', '2025-04-03 14:46:46'),
(491, 'ORD-20250403-G9JZ', 30, 4, '21170000.00', 'completed', 'store', '2024-08-29 03:22:31', '2025-04-03 14:46:46'),
(492, 'ORD-20250403-0GPS', 5, 5, '8759000.00', 'completed', 'store', '2023-04-17 20:36:00', '2025-04-03 14:46:46'),
(493, 'ORD-20250403-IDXD', 37, 1, '997500.00', 'completed', 'fixed', '2023-12-14 17:53:06', '2025-04-03 14:46:46'),
(494, 'ORD-20250403-Y20N', 40, 2, '28034500.00', 'completed', 'free', '2021-05-27 08:14:48', '2025-04-03 14:46:46'),
(495, 'ORD-20250403-BTWO', 21, 2, '11837000.00', 'pending', 'fixed', '2024-12-06 07:11:46', '2025-04-03 14:46:47'),
(496, 'ORD-20250403-NDLM', 10, 1, '5937500.00', 'completed', 'store', '2024-07-27 21:09:32', '2025-04-03 14:46:47'),
(497, 'ORD-20250403-A8NT', 6, 3, '24790000.00', 'completed', 'store', '2024-08-08 18:19:25', '2025-04-03 14:46:47'),
(498, 'ORD-20250403-GYQ9', 6, 2, '30115000.00', 'completed', 'free', '2023-04-05 03:29:01', '2025-04-03 14:46:47'),
(499, 'ORD-20250403-UMAJ', 35, 3, '25270000.00', 'pending', 'free', '2025-03-26 10:24:17', '2025-04-03 14:46:47'),
(500, 'ORD-20250403-GJEZ', 16, 3, '13560000.00', 'completed', 'store', '2025-03-02 17:23:14', '2025-04-03 14:46:47'),
(501, 'ORD-20250403-WW70', 17, 4, '34660000.00', 'completed', 'store', '2024-01-15 14:55:10', '2025-04-03 14:46:47'),
(502, 'ORD-20250403-SZCQ', 18, 5, '38180500.00', 'completed', 'store', '2021-06-10 01:35:52', '2025-04-03 14:46:47'),
(503, 'ORD-20250403-ERMZ', 3, 3, '37510000.00', 'completed', 'free', '2025-01-18 18:08:28', '2025-04-03 14:46:47'),
(504, 'ORD-20250403-HNLC', 13, 2, '4094500.00', 'completed', 'store', '2022-10-20 02:49:00', '2025-04-03 14:46:47'),
(505, 'ORD-20250403-HSLO', 23, 4, '4780000.00', 'completed', 'free', '2025-03-14 13:43:17', '2025-04-03 14:46:47'),
(506, 'ORD-20250403-VQUW', 36, 3, '27770000.00', 'completed', 'store', '2023-03-28 20:56:34', '2025-04-03 14:46:47'),
(507, 'ORD-20250403-7KLA', 30, 1, '22809500.00', 'completed', 'fixed', '2024-11-27 06:05:21', '2025-04-03 14:46:47'),
(508, 'ORD-20250403-KIA4', 4, 3, '5400000.00', 'completed', 'store', '2023-05-30 17:03:47', '2025-04-03 14:46:47'),
(509, 'ORD-20250403-IBLP', 14, 1, '7106000.00', 'completed', 'free', '2022-08-10 10:09:32', '2025-04-03 14:46:47'),
(510, 'ORD-20250403-F997', 37, 3, '27840000.00', 'completed', 'free', '2021-12-03 21:44:48', '2025-04-03 14:46:47'),
(511, 'ORD-20250403-J5VN', 17, 4, '8760000.00', 'cancelled', 'store', '2024-08-21 15:38:55', '2025-04-03 14:46:47'),
(512, 'ORD-20250403-XGGI', 35, 5, '22268000.00', 'completed', 'fixed', '2025-03-19 15:49:28', '2025-04-03 14:46:47'),
(513, 'ORD-20250403-TPFU', 3, 4, '43180000.00', 'completed', 'free', '2023-05-21 20:36:19', '2025-04-03 14:46:47'),
(514, 'ORD-20250403-CCCM', 30, 3, '51540000.00', 'cancelled', 'free', '2025-01-19 17:15:45', '2025-04-03 14:46:47'),
(515, 'ORD-20250403-H1TP', 29, 5, '26457500.00', 'completed', 'store', '2023-11-30 23:35:12', '2025-04-03 14:46:47'),
(516, 'ORD-20250403-UIXN', 20, 1, '39330000.00', 'completed', 'fixed', '2024-03-20 07:49:57', '2025-04-03 14:46:47'),
(517, 'ORD-20250403-JOHZ', 21, 4, '23410000.00', 'completed', 'fixed', '2024-08-22 15:53:47', '2025-04-03 14:46:47'),
(518, 'ORD-20250403-UHPS', 15, 5, '1187500.00', 'completed', 'free', '2025-01-18 14:43:48', '2025-04-03 14:46:47'),
(519, 'ORD-20250403-C3A8', 24, 3, '23180000.00', 'completed', 'free', '2020-06-07 16:40:14', '2025-04-03 14:46:47'),
(520, 'ORD-20250403-W6TY', 37, 1, '28072500.00', 'completed', 'free', '2024-01-09 13:48:38', '2025-04-03 14:46:47'),
(521, 'ORD-20250403-QMHG', 9, 3, '1900000.00', 'completed', 'fixed', '2024-03-11 20:36:04', '2025-04-03 14:46:47'),
(522, 'ORD-20250403-DTUH', 37, 3, '2450000.00', 'completed', 'free', '2023-10-09 21:00:43', '2025-04-03 14:46:47'),
(523, 'ORD-20250403-EAKR', 4, 1, '35302000.00', 'completed', 'free', '2020-09-25 17:24:39', '2025-04-03 14:46:47'),
(524, 'ORD-20250403-ALLG', 34, 5, '20368000.00', 'completed', 'fixed', '2025-03-16 00:21:34', '2025-04-03 14:46:47'),
(525, 'ORD-20250403-03QA', 22, 5, '28139000.00', 'pending', 'store', '2025-01-09 17:58:20', '2025-04-03 14:46:47'),
(526, 'ORD-20250403-7GR6', 2, 2, '33905500.00', 'completed', 'free', '2023-05-25 15:12:02', '2025-04-03 14:46:47'),
(527, 'ORD-20250403-5ELU', 6, 4, '3890000.00', 'completed', 'fixed', '2023-10-06 23:26:40', '2025-04-03 14:46:47'),
(528, 'ORD-20250403-QBMU', 38, 4, '24800000.00', 'completed', 'store', '2022-09-04 16:40:47', '2025-04-03 14:46:47'),
(529, 'ORD-20250403-LREV', 22, 3, '36880000.00', 'completed', 'free', '2024-12-13 08:47:23', '2025-04-03 14:46:47'),
(530, 'ORD-20250403-IAKZ', 17, 2, '55812500.00', 'completed', 'fixed', '2023-12-24 02:48:00', '2025-04-03 14:46:47'),
(531, 'ORD-20250403-SGCO', 8, 1, '27436000.00', 'completed', 'fixed', '2024-03-29 03:27:46', '2025-04-03 14:46:47'),
(532, 'ORD-20250403-8TFX', 33, 2, '3591000.00', 'completed', 'store', '2025-03-13 17:14:04', '2025-04-03 14:46:47'),
(533, 'ORD-20250403-KNSY', 31, 2, '8189000.00', 'completed', 'store', '2024-11-09 18:19:55', '2025-04-03 14:46:47'),
(534, 'ORD-20250403-OA1O', 28, 3, '10520000.00', 'completed', 'store', '2024-11-07 08:07:14', '2025-04-03 14:46:47'),
(535, 'ORD-20250403-P0K2', 40, 3, '24850000.00', 'completed', 'free', '2024-05-17 02:33:19', '2025-04-03 14:46:47'),
(536, 'ORD-20250403-HYXK', 1, 5, '4607500.00', 'completed', 'free', '2024-10-05 10:38:58', '2025-04-03 14:46:47'),
(537, 'ORD-20250403-S4VI', 2, 4, '19950000.00', 'completed', 'fixed', '2023-03-01 07:13:37', '2025-04-03 14:46:47'),
(538, 'ORD-20250403-13AM', 1, 5, '25498000.00', 'pending', 'fixed', '2024-03-17 10:33:45', '2025-04-03 14:46:47'),
(539, 'ORD-20250403-CLYM', 20, 1, '24386500.00', 'pending', 'store', '2021-10-20 02:58:33', '2025-04-03 14:46:47'),
(540, 'ORD-20250403-CO35', 31, 5, '41059000.00', 'completed', 'free', '2024-09-26 04:56:53', '2025-04-03 14:46:47'),
(541, 'ORD-20250403-MYLI', 9, 4, '16750000.00', 'completed', 'fixed', '2025-03-23 12:54:27', '2025-04-03 14:46:47'),
(542, 'ORD-20250403-UQLX', 37, 5, '14345000.00', 'completed', 'free', '2023-12-05 05:15:40', '2025-04-03 14:46:47'),
(543, 'ORD-20250403-GCF8', 23, 5, '20406000.00', 'completed', 'store', '2025-03-19 04:56:23', '2025-04-03 14:46:47'),
(544, 'ORD-20250403-DI2A', 36, 5, '31454500.00', 'completed', 'store', '2024-08-17 22:23:39', '2025-04-03 14:46:47'),
(545, 'ORD-20250403-ESYP', 38, 5, '38275500.00', 'completed', 'fixed', '2023-03-22 06:03:06', '2025-04-03 14:46:47'),
(546, 'ORD-20250403-AW22', 38, 5, '16416000.00', 'pending', 'free', '2021-11-13 14:37:35', '2025-04-03 14:46:47'),
(547, 'ORD-20250403-SBXG', 30, 1, '3667000.00', 'completed', 'fixed', '2024-10-18 11:39:29', '2025-04-03 14:46:47'),
(548, 'ORD-20250403-YQ7C', 29, 2, '29412000.00', 'completed', 'free', '2024-10-27 15:53:42', '2025-04-03 14:46:47'),
(549, 'ORD-20250403-KQ0T', 22, 5, '27208000.00', 'completed', 'store', '2024-09-01 06:51:37', '2025-04-03 14:46:47'),
(550, 'ORD-20250403-IYZW', 14, 2, '8379000.00', 'completed', 'fixed', '2023-08-11 01:43:04', '2025-04-03 14:46:47'),
(551, 'ORD-20250403-OJHM', 20, 5, '6688000.00', 'completed', 'store', '2024-01-05 01:50:52', '2025-04-03 14:46:47'),
(552, 'ORD-20250403-SYNF', 4, 3, '1200000.00', 'completed', 'free', '2023-11-17 18:19:41', '2025-04-03 14:46:47'),
(553, 'ORD-20250403-0KVX', 8, 4, '750000.00', 'completed', 'free', '2024-09-18 10:52:07', '2025-04-03 14:46:47'),
(554, 'ORD-20250403-PK5G', 9, 2, '38342000.00', 'completed', 'fixed', '2025-02-05 01:09:25', '2025-04-03 14:46:47'),
(555, 'ORD-20250403-AOFJ', 5, 4, '21520000.00', 'completed', 'fixed', '2022-06-16 07:06:37', '2025-04-03 14:46:47'),
(556, 'ORD-20250403-TGZO', 29, 4, '6840000.00', 'completed', 'fixed', '2024-12-22 00:25:28', '2025-04-03 14:46:47'),
(557, 'ORD-20250403-1DII', 27, 3, '30140000.00', 'completed', 'fixed', '2022-04-12 05:54:45', '2025-04-03 14:46:47'),
(558, 'ORD-20250403-9V0O', 21, 4, '14700000.00', 'completed', 'free', '2024-11-10 19:20:14', '2025-04-03 14:46:47'),
(559, 'ORD-20250403-71GX', 24, 3, '35300000.00', 'pending', 'free', '2022-06-07 07:58:16', '2025-04-03 14:46:47'),
(560, 'ORD-20250403-POMY', 40, 4, '37770000.00', 'completed', 'fixed', '2020-04-27 01:02:16', '2025-04-03 14:46:47'),
(561, 'ORD-20250403-OAAR', 36, 5, '9120000.00', 'pending', 'store', '2024-07-21 05:52:28', '2025-04-03 14:46:47'),
(562, 'ORD-20250403-PAFN', 18, 2, '18401500.00', 'cancelled', 'fixed', '2022-01-06 07:07:54', '2025-04-03 14:46:47'),
(563, 'ORD-20250403-3WHH', 13, 3, '38500000.00', 'completed', 'free', '2024-12-11 13:38:31', '2025-04-03 14:46:47'),
(564, 'ORD-20250403-SJXM', 26, 2, '23417500.00', 'completed', 'fixed', '2025-03-16 19:58:22', '2025-04-03 14:46:47'),
(565, 'ORD-20250403-THOX', 25, 3, '15070000.00', 'cancelled', 'store', '2023-06-15 09:46:41', '2025-04-03 14:46:47'),
(566, 'ORD-20250403-47JM', 6, 3, '40160000.00', 'completed', 'fixed', '2023-07-02 09:14:16', '2025-04-03 14:46:47'),
(567, 'ORD-20250403-WFQA', 15, 5, '14003000.00', 'pending', 'store', '2024-07-12 07:09:16', '2025-04-03 14:46:47'),
(568, 'ORD-20250403-WSSX', 15, 4, '17550000.00', 'completed', 'free', '2023-02-13 12:27:57', '2025-04-03 14:46:47'),
(569, 'ORD-20250403-L8KK', 20, 5, '25963500.00', 'completed', 'store', '2023-07-20 15:40:22', '2025-04-03 14:46:47'),
(570, 'ORD-20250403-F1QD', 38, 3, '43750000.00', 'completed', 'store', '2021-10-24 06:35:24', '2025-04-03 14:46:47'),
(571, 'ORD-20250403-FOBV', 27, 5, '7980000.00', 'completed', 'store', '2021-11-19 02:42:36', '2025-04-03 14:46:47'),
(572, 'ORD-20250403-ZMRS', 39, 5, '28604500.00', 'completed', 'store', '2023-04-14 21:00:16', '2025-04-03 14:46:47'),
(573, 'ORD-20250403-R8DR', 28, 1, '5225000.00', 'completed', 'free', '2025-03-12 06:57:53', '2025-04-03 14:46:47'),
(574, 'ORD-20250403-NXNC', 8, 5, '731500.00', 'completed', 'store', '2024-05-20 06:40:58', '2025-04-03 14:46:47'),
(575, 'ORD-20250403-MO02', 9, 1, '12777500.00', 'pending', 'store', '2024-08-09 00:06:10', '2025-04-03 14:46:47'),
(576, 'ORD-20250403-NJQ2', 4, 1, '19684000.00', 'completed', 'fixed', '2020-08-24 09:11:27', '2025-04-03 14:46:47'),
(577, 'ORD-20250403-J3GL', 19, 2, '25365000.00', 'completed', 'free', '2025-01-20 22:06:30', '2025-04-03 14:46:47'),
(578, 'ORD-20250403-83JW', 34, 4, '7650000.00', 'completed', 'free', '2025-03-19 14:37:16', '2025-04-03 14:46:47'),
(579, 'ORD-20250403-WGNU', 1, 4, '6090000.00', 'completed', 'free', '2025-03-22 13:11:02', '2025-04-03 14:46:47'),
(580, 'ORD-20250403-WQG8', 16, 2, '33516000.00', 'completed', 'store', '2025-01-11 11:00:54', '2025-04-03 14:46:48'),
(581, 'ORD-20250403-PCF1', 3, 2, '6498000.00', 'cancelled', 'fixed', '2025-03-11 00:13:32', '2025-04-05 09:21:02'),
(582, 'ORD-20250403-TBZD', 29, 1, '21717000.00', 'completed', 'free', '2023-01-31 15:32:01', '2025-04-03 14:46:48'),
(583, 'ORD-20250403-QFDM', 37, 3, '32260000.00', 'completed', 'free', '2023-02-26 22:08:34', '2025-04-03 14:46:48'),
(584, 'ORD-20250403-6UZD', 21, 2, '8407500.00', 'completed', 'free', '2024-10-12 19:45:27', '2025-04-03 14:46:48'),
(585, 'ORD-20250403-OQ31', 11, 4, '44400000.00', 'completed', 'free', '2023-11-04 00:36:12', '2025-04-03 14:46:48'),
(586, 'ORD-20250403-9GTA', 40, 5, '41391500.00', 'completed', 'free', '2022-06-21 00:16:24', '2025-04-03 14:46:48'),
(587, 'ORD-20250403-H2L2', 29, 4, '35630000.00', 'completed', 'fixed', '2023-12-22 08:08:33', '2025-04-03 14:46:48'),
(588, 'ORD-20250403-YLKQ', 2, 5, '7980000.00', 'pending', 'fixed', '2021-10-22 02:09:25', '2025-04-03 14:46:48'),
(589, 'ORD-20250403-YU5U', 25, 4, '1050000.00', 'completed', 'fixed', '2023-06-26 14:53:17', '2025-04-03 14:46:48'),
(590, 'ORD-20250403-BEQL', 35, 3, '32970000.00', 'completed', 'store', '2025-03-17 14:50:02', '2025-04-03 14:46:48'),
(591, 'ORD-20250403-PZMN', 10, 1, '30618500.00', 'completed', 'store', '2023-07-16 10:43:12', '2025-04-03 14:46:48'),
(592, 'ORD-20250403-EYP7', 13, 4, '18280000.00', 'completed', 'free', '2024-09-11 14:53:42', '2025-04-03 14:46:48'),
(593, 'ORD-20250403-X3U5', 9, 3, '11960000.00', 'completed', 'free', '2024-07-23 14:25:13', '2025-04-03 14:46:48'),
(594, 'ORD-20250403-L0PK', 25, 4, '27130000.00', 'completed', 'store', '2023-08-28 20:52:32', '2025-04-03 14:46:48'),
(595, 'ORD-20250403-3PLW', 5, 1, '14772500.00', 'completed', 'store', '2022-11-08 23:23:27', '2025-04-03 14:46:48'),
(596, 'ORD-20250403-LRPA', 40, 3, '33450000.00', 'completed', 'fixed', '2021-07-11 04:02:20', '2025-04-03 14:46:48'),
(597, 'ORD-20250403-WW9Z', 19, 2, '62985000.00', 'completed', 'fixed', '2025-03-05 11:22:09', '2025-04-03 14:46:48'),
(598, 'ORD-20250403-MMQU', 6, 4, '32700000.00', 'completed', 'store', '2023-01-22 09:12:42', '2025-04-03 14:46:48'),
(599, 'ORD-20250403-GHX4', 30, 5, '28709000.00', 'completed', 'free', '2024-10-25 14:07:15', '2025-04-03 14:46:48'),
(600, 'ORD-20250403-TXBY', 33, 1, '22515000.00', 'completed', 'free', '2025-02-06 00:37:10', '2025-04-03 14:46:48'),
(601, 'ORD-20250403-GYSZ', 3, 1, '11172000.00', 'completed', 'store', '2022-08-18 11:00:51', '2025-04-03 14:46:48'),
(602, 'ORD-20250403-PMRR', 2, 1, '11932000.00', 'completed', 'store', '2021-06-14 18:21:05', '2025-04-03 14:46:48'),
(603, 'ORD-20250403-N0RC', 36, 3, '23870000.00', 'completed', 'free', '2025-01-27 21:08:29', '2025-04-03 14:46:48'),
(604, 'ORD-20250403-2CPI', 28, 5, '7980000.00', 'completed', 'fixed', '2022-09-24 19:33:56', '2025-04-03 14:46:48'),
(605, 'ORD-20250403-W0H7', 34, 5, '2831000.00', 'completed', 'free', '2025-03-15 05:36:05', '2025-04-03 14:46:48'),
(606, 'ORD-20250403-N1SC', 40, 3, '51170000.00', 'cancelled', 'store', '2025-01-24 20:46:09', '2025-04-03 14:46:48'),
(607, 'ORD-20250403-SYVB', 6, 1, '3534000.00', 'completed', 'free', '2024-11-25 22:20:59', '2025-04-03 14:46:48'),
(608, 'ORD-20250403-AM7Z', 4, 2, '2327500.00', 'completed', 'fixed', '2022-10-27 10:26:19', '2025-04-03 14:46:48'),
(609, 'ORD-20250403-ZU7D', 26, 4, '15060000.00', 'completed', 'store', '2025-03-22 07:55:30', '2025-04-03 14:46:48'),
(610, 'ORD-20250403-JRPR', 37, 1, '15618000.00', 'completed', 'free', '2024-03-24 20:59:12', '2025-04-03 14:46:48'),
(611, 'ORD-20250403-X6AY', 35, 4, '34230000.00', 'completed', 'store', '2025-03-26 20:43:23', '2025-04-03 14:46:48'),
(612, 'ORD-20250403-YVIW', 30, 5, '12578000.00', 'completed', 'store', '2025-01-15 04:05:22', '2025-04-03 14:46:48'),
(613, 'ORD-20250403-GJJY', 39, 2, '21840500.00', 'completed', 'free', '2023-12-01 05:35:38', '2025-04-03 14:46:48'),
(614, 'ORD-20250403-DIQG', 36, 3, '21050000.00', 'cancelled', 'free', '2025-01-03 19:06:19', '2025-04-03 14:46:48'),
(615, 'ORD-20250403-OOUL', 1, 2, '2460500.00', 'completed', 'store', '2024-09-04 18:08:40', '2025-04-03 14:46:48'),
(616, 'ORD-20250403-1PZD', 31, 4, '8600000.00', 'pending', 'fixed', '2024-12-24 15:58:26', '2025-04-03 14:46:48'),
(617, 'ORD-20250403-JX7K', 28, 5, '22230000.00', 'completed', 'store', '2022-11-27 10:20:46', '2025-04-03 14:46:48'),
(618, 'ORD-20250403-6P13', 20, 4, '5320000.00', 'completed', 'fixed', '2022-01-31 22:56:15', '2025-04-03 14:46:48'),
(619, 'ORD-20250403-H72Z', 25, 2, '26638000.00', 'completed', 'fixed', '2023-10-29 11:15:54', '2025-04-03 14:46:48'),
(620, 'ORD-20250403-BJJA', 36, 5, '31141000.00', 'completed', 'store', '2023-10-07 14:53:22', '2025-04-03 14:46:48'),
(621, 'ORD-20250403-UZNP', 6, 5, '22211000.00', 'completed', 'fixed', '2025-02-22 03:30:17', '2025-04-03 14:46:48'),
(622, 'ORD-20250403-BMYR', 28, 4, '58250000.00', 'completed', 'free', '2022-12-08 17:04:38', '2025-04-03 14:46:48'),
(623, 'ORD-20250403-0P60', 34, 2, '39273000.00', 'completed', 'fixed', '2024-12-28 10:28:57', '2025-04-03 14:46:48'),
(624, 'ORD-20250403-DH4Z', 32, 5, '35045500.00', 'completed', 'store', '2022-10-21 00:20:50', '2025-04-03 14:46:48'),
(625, 'ORD-20250403-EPSM', 9, 4, '7550000.00', 'completed', 'store', '2025-01-11 08:08:24', '2025-04-03 14:46:48'),
(626, 'ORD-20250403-6Y0P', 7, 4, '4720000.00', 'pending', 'fixed', '2025-03-19 07:09:44', '2025-04-03 14:46:48'),
(627, 'ORD-20250403-W1AF', 2, 2, '25023000.00', 'pending', 'store', '2024-04-13 19:59:48', '2025-04-03 14:46:48'),
(628, 'ORD-20250403-LRTE', 4, 1, '35739000.00', 'completed', 'store', '2020-09-01 16:24:15', '2025-04-03 14:46:48'),
(629, 'ORD-20250403-BKC3', 15, 4, '33860000.00', 'completed', 'fixed', '2023-10-09 14:25:14', '2025-04-03 14:46:48'),
(630, 'ORD-20250403-LSR0', 6, 2, '28756500.00', 'completed', 'store', '2022-12-10 05:34:04', '2025-04-03 14:46:48'),
(631, 'ORD-20250403-T7MI', 7, 4, '42420000.00', 'completed', 'fixed', '2022-08-09 02:14:54', '2025-04-03 14:46:48'),
(632, 'ORD-20250403-G3LY', 38, 3, '22320000.00', 'pending', 'store', '2023-07-05 02:45:15', '2025-04-03 14:46:48'),
(633, 'ORD-20250403-9CHP', 20, 3, '36560000.00', 'completed', 'free', '2024-07-22 20:05:01', '2025-04-03 14:46:48'),
(634, 'ORD-20250403-AFDQ', 11, 2, '31369000.00', 'completed', 'fixed', '2024-03-14 16:33:22', '2025-04-03 14:46:48'),
(635, 'ORD-20250403-BOJ4', 8, 5, '36242500.00', 'completed', 'store', '2025-02-22 14:06:08', '2025-04-03 14:46:48'),
(636, 'ORD-20250403-BH0W', 19, 1, '15219000.00', 'completed', 'fixed', '2025-01-30 08:52:32', '2025-04-03 14:46:48'),
(637, 'ORD-20250403-D9RZ', 9, 5, '31188500.00', 'completed', 'free', '2025-03-10 15:57:30', '2025-04-03 14:46:48'),
(638, 'ORD-20250403-HTAJ', 17, 3, '38840000.00', 'cancelled', 'free', '2023-06-10 20:40:39', '2025-04-03 14:46:48'),
(639, 'ORD-20250403-G7UJ', 3, 2, '33497000.00', 'completed', 'fixed', '2022-09-24 11:19:15', '2025-04-03 14:46:48'),
(640, 'ORD-20250403-VQ8S', 2, 2, '11590000.00', 'completed', 'free', '2023-10-07 19:05:14', '2025-04-03 14:46:48'),
(641, 'ORD-20250403-43JU', 22, 3, '5560000.00', 'completed', 'fixed', '2024-11-28 05:47:06', '2025-04-03 14:46:48'),
(642, 'ORD-20250403-CT65', 1, 4, '39020000.00', 'completed', 'free', '2024-05-28 16:48:54', '2025-04-03 14:46:48'),
(643, 'ORD-20250403-WRXI', 36, 5, '38731500.00', 'completed', 'free', '2025-01-09 22:59:37', '2025-04-03 14:46:48'),
(644, 'ORD-20250403-R5Q4', 33, 1, '570000.00', 'completed', 'store', '2025-02-28 18:28:32', '2025-04-03 14:46:48'),
(645, 'ORD-20250403-BWJ4', 20, 5, '3990000.00', 'completed', 'free', '2021-09-23 21:32:35', '2025-04-03 14:46:48'),
(646, 'ORD-20250403-DISA', 1, 4, '12220000.00', 'completed', 'free', '2024-08-28 19:33:41', '2025-04-03 14:46:48'),
(647, 'ORD-20250403-CGKW', 29, 4, '0.00', 'completed', 'store', '2024-06-22 01:30:29', '2024-06-27 01:30:29'),
(648, 'ORD-20250403-HJVY', 35, 5, '10716000.00', 'pending', 'fixed', '2025-03-21 02:21:53', '2025-04-03 14:46:48'),
(649, 'ORD-20250403-QTF6', 30, 4, '20690000.00', 'completed', 'fixed', '2025-02-17 00:52:49', '2025-04-03 14:46:48'),
(650, 'ORD-20250403-E5CP', 20, 4, '21420000.00', 'completed', 'store', '2021-12-29 22:37:07', '2025-04-03 14:46:48'),
(651, 'ORD-20250403-IFMQ', 19, 2, '24405500.00', 'cancelled', 'free', '2025-01-19 15:35:35', '2025-04-03 14:46:48'),
(652, 'ORD-20250403-CEZL', 22, 2, '20330000.00', 'completed', 'store', '2024-11-09 13:44:45', '2025-04-03 14:46:48'),
(653, 'ORD-20250403-R9TA', 29, 3, '31910000.00', 'completed', 'store', '2023-11-16 05:57:24', '2025-04-03 14:46:48'),
(654, 'ORD-20250403-JJFE', 33, 2, '7296000.00', 'completed', 'store', '2024-11-12 17:46:00', '2025-04-03 14:46:48'),
(655, 'ORD-20250403-2AAM', 4, 3, '1760000.00', 'completed', 'free', '2021-02-13 13:25:57', '2025-04-03 14:46:48'),
(656, 'ORD-20250403-T2JZ', 13, 4, '40990000.00', 'completed', 'free', '2025-02-24 21:47:46', '2025-04-03 14:46:48'),
(657, 'ORD-20250403-KNJV', 26, 2, '17451500.00', 'completed', 'fixed', '2025-03-16 22:54:47', '2025-04-03 14:46:48'),
(658, 'ORD-20250403-DIIO', 6, 5, '33326000.00', 'completed', 'store', '2024-10-16 19:16:29', '2025-04-03 14:46:48'),
(659, 'ORD-20250403-QMHW', 8, 4, '42130000.00', 'completed', 'store', '2024-12-31 13:52:32', '2025-04-03 14:46:48'),
(660, 'ORD-20250403-5SZ6', 19, 3, '15060000.00', 'completed', 'free', '2024-12-01 10:15:41', '2025-04-03 14:46:48'),
(661, 'ORD-20250403-NEYD', 14, 4, '8940000.00', 'completed', 'store', '2025-02-28 22:24:42', '2025-04-03 14:46:48'),
(662, 'ORD-20250403-O1O1', 3, 5, '16739000.00', 'completed', 'free', '2023-10-04 12:13:55', '2025-04-03 14:46:48'),
(663, 'ORD-20250403-MEUG', 23, 5, '1947500.00', 'completed', 'store', '2024-12-16 08:58:11', '2025-04-03 14:46:48'),
(664, 'ORD-20250403-E4TO', 33, 1, '36290000.00', 'completed', 'free', '2024-12-18 18:30:21', '2025-04-03 14:46:48'),
(665, 'ORD-20250403-QFFH', 11, 3, '36470000.00', 'completed', 'store', '2023-01-07 11:52:42', '2025-04-03 14:46:49'),
(666, 'ORD-20250403-MR8F', 1, 2, '8350500.00', 'completed', 'store', '2025-02-17 23:11:22', '2025-04-03 14:46:49'),
(667, 'ORD-20250403-GZWX', 38, 3, '25540000.00', 'completed', 'store', '2024-10-06 19:41:26', '2025-04-03 14:46:49'),
(668, 'ORD-20250403-D1SW', 11, 3, '42320000.00', 'cancelled', 'free', '2023-11-26 21:25:37', '2025-04-03 14:46:49'),
(669, 'ORD-20250403-4T4R', 2, 1, '13167000.00', 'completed', 'fixed', '2023-07-17 12:46:38', '2025-04-03 14:46:49'),
(670, 'ORD-20250403-SIYI', 11, 1, '23256000.00', 'completed', 'store', '2023-06-13 11:56:01', '2025-04-03 14:46:49'),
(671, 'ORD-20250403-RC2R', 21, 5, '12597000.00', 'completed', 'fixed', '2024-07-19 10:43:14', '2025-04-03 14:46:49'),
(672, 'ORD-20250403-PDE5', 29, 4, '17540000.00', 'pending', 'free', '2023-10-24 22:15:32', '2025-04-03 14:46:49'),
(673, 'ORD-20250403-ZV7Z', 17, 5, '33725000.00', 'completed', 'fixed', '2023-01-16 20:19:50', '2025-04-03 14:46:49'),
(674, 'ORD-20250403-EIKB', 38, 2, '34133500.00', 'completed', 'fixed', '2022-11-21 11:39:15', '2025-04-03 14:46:49'),
(675, 'ORD-20250403-GEIB', 34, 5, '2631500.00', 'pending', 'store', '2025-02-06 20:09:41', '2025-04-03 14:46:49'),
(676, 'ORD-20250403-OT3F', 31, 2, '12198000.00', 'pending', 'store', '2024-04-19 10:31:03', '2025-04-03 14:46:49'),
(677, 'ORD-20250403-X67R', 36, 2, '10877500.00', 'pending', 'store', '2023-06-23 08:58:58', '2025-04-03 14:46:49'),
(678, 'ORD-20250403-5BIJ', 29, 2, '5339000.00', 'completed', 'store', '2024-09-08 21:35:46', '2025-04-03 14:46:49'),
(679, 'ORD-20250403-8ZBW', 18, 5, '30856000.00', 'completed', 'fixed', '2024-02-13 00:26:12', '2025-04-03 14:46:49'),
(680, 'ORD-20250403-CCNT', 17, 5, '17062000.00', 'completed', 'store', '2024-07-08 20:57:13', '2025-04-03 14:46:49'),
(681, 'ORD-20250403-GUIK', 4, 2, '5510000.00', 'completed', 'free', '2023-12-26 22:50:52', '2025-04-03 14:46:49'),
(682, 'ORD-20250403-KTMT', 6, 3, '10170000.00', 'pending', 'free', '2024-08-06 21:46:32', '2025-04-03 14:46:49'),
(683, 'ORD-20250403-RMTS', 34, 4, '14040000.00', 'completed', 'fixed', '2025-01-26 23:01:01', '2025-04-03 14:46:49'),
(684, 'ORD-20250403-L7IY', 18, 1, '13167000.00', 'pending', 'fixed', '2024-05-24 19:32:20', '2025-04-03 14:46:49'),
(685, 'ORD-20250403-XONO', 39, 2, '16416000.00', 'completed', 'fixed', '2024-10-28 01:42:54', '2025-04-03 14:46:49'),
(686, 'ORD-20250403-CI5B', 2, 3, '34340000.00', 'completed', 'free', '2021-11-22 14:44:38', '2025-04-03 14:46:49'),
(687, 'ORD-20250403-P9WV', 16, 1, '20330000.00', 'completed', 'fixed', '2024-01-23 20:54:02', '2025-04-03 14:46:49'),
(688, 'ORD-20250403-UBFX', 3, 2, '23617000.00', 'completed', 'free', '2024-03-17 23:06:02', '2025-04-03 14:46:49'),
(689, 'ORD-20250403-QWEF', 24, 3, '26050000.00', 'completed', 'free', '2024-01-18 18:33:36', '2025-04-03 14:46:49'),
(690, 'ORD-20250403-FZB8', 15, 1, '23332000.00', 'cancelled', 'fixed', '2023-10-03 16:42:06', '2025-04-03 14:46:49'),
(691, 'ORD-20250403-1GKK', 22, 2, '31777500.00', 'pending', 'free', '2024-10-29 19:30:45', '2025-04-03 14:46:49'),
(692, 'ORD-20250403-X7US', 34, 3, '19480000.00', 'completed', 'fixed', '2025-01-04 05:31:48', '2025-04-03 14:46:49'),
(693, 'ORD-20250403-HGPI', 23, 5, '30590000.00', 'completed', 'fixed', '2025-02-12 08:05:57', '2025-04-03 14:46:49'),
(694, 'ORD-20250403-U92M', 19, 1, '1463000.00', 'completed', 'free', '2024-11-27 14:45:54', '2025-04-03 14:46:49'),
(695, 'ORD-20250403-18AP', 4, 3, '22600000.00', 'completed', 'free', '2024-09-01 11:49:45', '2025-04-03 14:46:49'),
(696, 'ORD-20250403-ZCKG', 40, 3, '16330000.00', 'completed', 'free', '2022-05-19 12:45:25', '2025-04-03 14:46:49'),
(697, 'ORD-20250403-JVB3', 24, 2, '23835500.00', 'completed', 'store', '2025-01-05 15:35:12', '2025-04-03 14:46:49'),
(698, 'ORD-20250403-PMTV', 2, 3, '6910000.00', 'completed', 'store', '2024-12-19 04:16:12', '2025-04-03 14:46:49'),
(699, 'ORD-20250403-HGDJ', 31, 2, '13195500.00', 'completed', 'store', '2024-04-29 12:05:01', '2025-04-03 14:46:49'),
(700, 'ORD-20250403-7DCC', 39, 3, '9760000.00', 'pending', 'free', '2021-03-07 10:46:08', '2025-04-03 14:46:49'),
(701, 'ORD-20250403-2KXV', 13, 2, '26771000.00', 'completed', 'free', '2023-12-13 04:19:05', '2025-04-03 14:46:49'),
(702, 'ORD-20250403-YPHH', 12, 4, '17970000.00', 'completed', 'store', '2024-07-03 12:52:11', '2025-04-03 14:46:49'),
(703, 'ORD-20250403-QMYC', 38, 4, '47940000.00', 'completed', 'fixed', '2024-08-02 07:53:36', '2025-04-03 14:46:49'),
(704, 'ORD-20250403-ONZZ', 13, 1, '24139500.00', 'completed', 'store', '2024-11-15 04:14:12', '2025-04-03 14:46:49'),
(705, 'ORD-20250403-WKKX', 21, 2, '21356000.00', 'completed', 'free', '2024-10-29 09:38:29', '2025-04-03 14:46:49'),
(706, 'ORD-20250403-KORJ', 40, 4, '18880000.00', 'completed', 'fixed', '2020-08-13 12:59:29', '2025-04-03 14:46:49'),
(707, 'ORD-20250403-CWCB', 10, 2, '15209500.00', 'cancelled', 'free', '2022-08-17 10:13:31', '2025-04-03 14:46:49'),
(708, 'ORD-20250403-ZQ5W', 33, 1, '6840000.00', 'completed', 'free', '2025-02-09 23:04:27', '2025-04-03 14:46:49'),
(709, 'ORD-20250403-NUNO', 10, 2, '21128000.00', 'completed', 'store', '2023-02-09 11:31:45', '2025-04-03 14:46:49'),
(710, 'ORD-20250403-NJS0', 35, 4, '180000.00', 'completed', 'store', '2025-03-25 17:23:21', '2025-04-03 14:46:49'),
(711, 'ORD-20250403-CFC1', 17, 3, '38790000.00', 'completed', 'store', '2022-03-05 12:27:22', '2025-04-03 14:46:49'),
(712, 'ORD-20250403-MBEK', 19, 3, '31780000.00', 'pending', 'store', '2024-11-26 02:34:02', '2025-04-03 14:46:49'),
(713, 'ORD-20250403-U5BH', 13, 4, '14870000.00', 'completed', 'store', '2022-12-11 23:50:16', '2025-04-03 14:46:49'),
(714, 'ORD-20250403-ZV8E', 8, 2, '23560000.00', 'pending', 'fixed', '2024-05-09 17:41:12', '2025-04-03 14:46:49'),
(715, 'ORD-20250403-ZFL8', 36, 3, '7360000.00', 'completed', 'fixed', '2024-04-29 18:59:48', '2025-04-03 14:46:49'),
(716, 'ORD-20250403-MPLL', 23, 2, '4284500.00', 'completed', 'fixed', '2024-12-10 10:18:09', '2025-04-03 14:46:49'),
(717, 'ORD-20250403-ZEO1', 33, 5, '4550500.00', 'completed', 'fixed', '2025-03-11 15:42:34', '2025-04-03 14:46:49'),
(718, 'ORD-20250403-ZOCH', 13, 2, '30789500.00', 'completed', 'fixed', '2023-10-07 16:40:51', '2025-04-03 14:46:49'),
(719, 'ORD-20250403-BEEU', 1, 2, '8341000.00', 'pending', 'store', '2024-04-21 07:02:40', '2025-04-03 14:46:49'),
(720, 'ORD-20250403-EUFJ', 5, 4, '18710000.00', 'completed', 'free', '2023-02-06 06:02:23', '2025-04-03 14:46:49'),
(721, 'ORD-20250403-S5R6', 18, 3, '15180000.00', 'completed', 'free', '2021-10-15 11:48:57', '2025-04-03 14:46:49'),
(722, 'ORD-20250403-HPGP', 37, 2, '29830000.00', 'completed', 'store', '2023-06-14 18:37:02', '2025-04-03 14:46:49'),
(723, 'ORD-20250403-ZQPC', 16, 3, '24510000.00', 'completed', 'free', '2024-02-19 01:27:59', '2025-04-03 14:46:49'),
(724, 'ORD-20250403-PGHX', 13, 2, '30314500.00', 'completed', 'free', '2022-11-17 17:38:33', '2025-04-03 14:46:49'),
(725, 'ORD-20250403-QEKD', 13, 3, '31960000.00', 'pending', 'free', '2024-02-23 16:09:04', '2025-04-03 14:46:49'),
(726, 'ORD-20250403-LYSR', 15, 2, '30561500.00', 'completed', 'store', '2023-07-05 11:13:17', '2025-04-03 14:46:49'),
(727, 'ORD-20250403-D6YL', 14, 4, '18650000.00', 'pending', 'free', '2022-11-20 18:50:44', '2025-04-03 14:46:49'),
(728, 'ORD-20250403-PYO7', 4, 5, '14658500.00', 'completed', 'store', '2022-06-24 02:55:05', '2025-04-03 14:46:49'),
(729, 'ORD-20250403-MLGY', 23, 2, '18259000.00', 'completed', 'store', '2025-01-12 08:38:50', '2025-04-03 14:46:49'),
(730, 'ORD-20250403-DA6X', 38, 2, '36679500.00', 'completed', 'store', '2024-05-21 10:01:25', '2025-04-03 14:46:49'),
(731, 'ORD-20250403-LDU3', 12, 1, '23968500.00', 'completed', 'store', '2024-09-08 07:07:55', '2025-04-03 14:46:49'),
(732, 'ORD-20250403-BWLH', 33, 5, '2622000.00', 'completed', 'store', '2025-02-21 04:03:00', '2025-04-03 14:46:49'),
(733, 'ORD-20250403-6VCP', 10, 1, '9357500.00', 'pending', 'fixed', '2025-01-31 06:57:29', '2025-04-03 14:46:49'),
(734, 'ORD-20250403-H5FL', 38, 1, '5605000.00', 'completed', 'store', '2022-10-30 13:42:33', '2025-04-03 14:46:49'),
(735, 'ORD-20250403-3HCB', 21, 1, '10583000.00', 'pending', 'store', '2024-08-23 07:54:44', '2025-04-03 14:46:49'),
(736, 'ORD-20250403-YXCZ', 14, 4, '9900000.00', 'pending', 'free', '2022-09-15 09:39:33', '2025-04-03 14:46:49'),
(737, 'ORD-20250403-EOAZ', 21, 2, '33801000.00', 'completed', 'store', '2024-08-05 17:32:41', '2025-04-03 14:46:49'),
(738, 'ORD-20250403-7NDN', 3, 1, '17147500.00', 'completed', 'free', '2023-07-29 05:04:26', '2025-04-03 14:46:49'),
(739, 'ORD-20250403-DCNP', 24, 4, '20120000.00', 'completed', 'fixed', '2024-01-23 09:59:48', '2025-04-03 14:46:49'),
(740, 'ORD-20250403-SOWX', 9, 1, '4465000.00', 'pending', 'free', '2025-03-18 20:30:58', '2025-04-03 14:46:49'),
(741, 'ORD-20250403-NSMG', 28, 2, '36594000.00', 'completed', 'store', '2022-11-04 19:27:49', '2025-04-03 14:46:49'),
(742, 'ORD-20250403-VGG3', 28, 1, '30238500.00', 'pending', 'fixed', '2022-07-06 00:12:19', '2025-04-03 14:46:49'),
(743, 'ORD-20250403-QXVB', 39, 1, '29735000.00', 'completed', 'store', '2023-02-04 14:52:18', '2025-04-03 14:46:49'),
(744, 'ORD-20250403-O0FH', 7, 2, '40641000.00', 'completed', 'fixed', '2023-12-26 13:27:04', '2025-04-03 14:46:49'),
(745, 'ORD-20250403-NFSN', 5, 4, '27580000.00', 'completed', 'fixed', '2021-09-03 08:02:12', '2025-04-03 14:46:49'),
(746, 'ORD-20250403-HHKQ', 1, 3, '15700000.00', 'completed', 'free', '2024-10-10 11:51:43', '2025-04-03 14:46:49'),
(747, 'ORD-20250403-V76N', 5, 3, '16800000.00', 'completed', 'fixed', '2024-10-31 18:21:24', '2025-04-03 14:46:49'),
(748, 'ORD-20250403-GNUT', 17, 4, '21830000.00', 'completed', 'fixed', '2024-01-13 11:39:42', '2025-04-03 14:46:49'),
(749, 'ORD-20250403-9LTE', 8, 4, '5860000.00', 'completed', 'store', '2024-12-31 13:36:08', '2025-04-03 14:46:49'),
(750, 'ORD-20250403-MSXW', 13, 4, '6680000.00', 'completed', 'free', '2023-12-10 18:34:07', '2025-04-03 14:46:49'),
(751, 'ORD-20250403-8OHT', 5, 5, '17252000.00', 'completed', 'fixed', '2022-12-06 17:16:50', '2025-04-03 14:46:49'),
(752, 'ORD-20250403-W0KT', 21, 3, '44360000.00', 'completed', 'store', '2025-01-28 14:13:59', '2025-04-03 14:46:49'),
(753, 'ORD-20250403-HYRR', 29, 5, '15190500.00', 'completed', 'fixed', '2023-03-27 13:36:50', '2025-04-03 14:46:50'),
(754, 'ORD-20250403-QOVK', 31, 1, '3515000.00', 'completed', 'free', '2024-10-07 22:57:33', '2025-04-03 14:46:50'),
(755, 'ORD-20250403-MZN4', 27, 2, '16368500.00', 'completed', 'store', '2025-02-18 12:45:31', '2025-04-03 14:46:50'),
(756, 'ORD-20250403-0YVS', 7, 1, '17698500.00', 'completed', 'store', '2022-08-26 01:41:50', '2025-04-03 14:46:50'),
(757, 'ORD-20250403-ICIO', 3, 4, '37800000.00', 'completed', 'store', '2024-02-19 04:32:58', '2025-04-03 14:46:50'),
(758, 'ORD-20250403-YPH5', 29, 1, '16625000.00', 'completed', 'free', '2023-04-11 12:44:59', '2025-04-03 14:46:50'),
(759, 'ORD-20250403-6DC1', 21, 3, '42770000.00', 'completed', 'store', '2025-01-26 17:19:40', '2025-04-03 14:46:50'),
(760, 'ORD-20250403-QOT1', 12, 4, '38600000.00', 'cancelled', 'fixed', '2024-06-13 11:53:32', '2025-04-03 14:46:50'),
(761, 'ORD-20250403-T2ER', 22, 1, '11789500.00', 'completed', 'fixed', '2024-09-14 10:01:51', '2025-04-03 14:46:50'),
(762, 'ORD-20250403-NOEA', 26, 3, '6520000.00', 'completed', 'store', '2025-03-18 16:23:57', '2025-04-03 14:46:50'),
(763, 'ORD-20250403-QVHS', 29, 4, '1100000.00', 'completed', 'store', '2025-01-31 22:31:18', '2025-04-03 14:46:50'),
(764, 'ORD-20250403-RM7P', 22, 3, '36530000.00', 'completed', 'store', '2025-03-16 22:28:38', '2025-04-03 14:46:50'),
(765, 'ORD-20250403-PWWU', 5, 5, '31141000.00', 'completed', 'store', '2021-06-17 10:28:19', '2025-04-03 14:46:50'),
(766, 'ORD-20250403-JSKR', 21, 4, '15170000.00', 'pending', 'fixed', '2024-10-23 23:13:11', '2025-04-03 14:46:50'),
(767, 'ORD-20250403-GQWX', 17, 4, '28050000.00', 'completed', 'free', '2024-11-25 14:29:25', '2025-04-03 14:46:50'),
(768, 'ORD-20250403-W9RF', 30, 1, '17869500.00', 'completed', 'fixed', '2025-02-15 14:43:58', '2025-04-03 14:46:50'),
(769, 'ORD-20250403-ECFZ', 12, 2, '31388000.00', 'completed', 'store', '2024-09-06 17:01:36', '2025-04-03 14:46:50'),
(770, 'ORD-20250403-PN5X', 36, 3, '4300000.00', 'completed', 'free', '2024-04-08 23:31:00', '2025-04-03 14:46:50'),
(771, 'ORD-20250403-LVV1', 14, 1, '8388500.00', 'completed', 'free', '2023-05-07 10:46:21', '2025-04-03 14:46:50'),
(772, 'ORD-20250403-PQ14', 4, 4, '41700000.00', 'completed', 'free', '2024-11-30 21:21:41', '2025-04-03 14:46:50'),
(773, 'ORD-20250403-405W', 36, 5, '20615000.00', 'completed', 'fixed', '2024-09-08 15:42:09', '2025-04-03 14:46:50'),
(774, 'ORD-20250403-1Z2P', 3, 1, '9462000.00', 'completed', 'free', '2024-09-20 02:08:30', '2025-04-03 14:46:50'),
(775, 'ORD-20250403-KN6R', 8, 4, '23040000.00', 'completed', 'store', '2024-01-16 20:41:26', '2025-04-03 14:46:50'),
(776, 'ORD-20250403-CHCG', 15, 2, '4664500.00', 'completed', 'free', '2025-02-03 09:15:51', '2025-04-03 14:46:50'),
(777, 'ORD-20250403-6OM9', 3, 4, '24780000.00', 'cancelled', 'free', '2025-01-28 16:26:53', '2025-04-05 11:35:22'),
(778, 'ORD-20250403-L9DZ', 28, 3, '11350000.00', 'completed', 'free', '2020-10-31 15:02:00', '2025-04-03 14:46:50'),
(779, 'ORD-20250403-QC8S', 34, 1, '3391500.00', 'completed', 'store', '2024-12-25 00:30:09', '2025-04-03 14:46:50'),
(780, 'ORD-20250403-XCLT', 17, 1, '10431000.00', 'completed', 'free', '2023-12-26 23:11:03', '2025-04-03 14:46:50'),
(781, 'ORD-20250403-FKML', 24, 2, '9120000.00', 'cancelled', 'free', '2021-05-19 10:49:43', '2025-04-03 14:46:50'),
(782, 'ORD-20250403-1UTQ', 17, 4, '11790000.00', 'completed', 'free', '2023-07-10 17:03:35', '2025-04-03 14:46:50'),
(783, 'ORD-20250403-O6SJ', 33, 5, '1301500.00', 'completed', 'free', '2024-12-06 19:50:35', '2025-04-03 14:46:50'),
(784, 'ORD-20250403-NKYF', 28, 4, '15200000.00', 'completed', 'fixed', '2023-01-07 06:42:38', '2025-04-03 14:46:50'),
(785, 'ORD-20250403-CY4H', 1, 5, '16900500.00', 'completed', 'free', '2024-09-12 03:30:48', '2025-04-03 14:46:50'),
(786, 'ORD-20250403-ERFX', 8, 5, '12302500.00', 'completed', 'store', '2023-11-12 07:01:46', '2025-04-03 14:46:50'),
(787, 'ORD-20250403-CSJA', 3, 1, '19988000.00', 'completed', 'fixed', '2025-02-11 09:24:02', '2025-04-03 14:46:50'),
(788, 'ORD-20250403-JOEY', 14, 3, '23270000.00', 'completed', 'store', '2024-01-17 03:00:26', '2025-04-03 14:46:50'),
(789, 'ORD-20250403-WF2I', 21, 2, '32024500.00', 'completed', 'free', '2025-02-26 07:52:14', '2025-04-03 14:46:50'),
(790, 'ORD-20250403-FT8M', 16, 1, '32452000.00', 'completed', 'fixed', '2024-05-09 22:32:45', '2025-04-03 14:46:50'),
(791, 'ORD-20250403-R4Z3', 30, 5, '20814500.00', 'completed', 'store', '2024-08-16 09:30:42', '2025-04-03 14:46:50'),
(792, 'ORD-20250403-1I1D', 12, 3, '21480000.00', 'completed', 'fixed', '2023-12-25 16:21:25', '2025-04-03 14:46:50'),
(793, 'ORD-20250403-S1XH', 18, 2, '5662000.00', 'completed', 'free', '2025-03-11 23:46:12', '2025-04-03 14:46:50'),
(794, 'ORD-20250403-FJX7', 17, 5, '16986000.00', 'completed', 'free', '2022-10-27 00:15:20', '2025-04-03 14:46:50'),
(795, 'ORD-20250403-5MFF', 15, 5, '9395500.00', 'pending', 'store', '2023-04-18 12:51:35', '2025-04-03 14:46:50'),
(796, 'ORD-20250403-CSV1', 7, 5, '25621500.00', 'completed', 'free', '2022-08-29 09:03:14', '2025-04-03 14:46:50'),
(797, 'ORD-20250403-IUFQ', 34, 5, '20624500.00', 'completed', 'free', '2025-03-19 20:56:27', '2025-04-03 14:46:50'),
(798, 'ORD-20250403-WMFF', 20, 5, '26362500.00', 'completed', 'free', '2021-10-05 06:52:03', '2025-04-03 14:46:50'),
(799, 'ORD-20250403-AM9B', 18, 5, '40536500.00', 'completed', 'free', '2022-09-24 02:13:55', '2025-04-03 14:46:50'),
(800, 'ORD-20250403-PFSZ', 17, 3, '20380000.00', 'completed', 'free', '2024-11-07 11:17:58', '2025-04-03 14:46:50'),
(801, 'ORD-20250403-CVTJ', 7, 3, '20850000.00', 'completed', 'free', '2024-12-23 16:32:14', '2025-04-03 14:46:50'),
(802, 'ORD-20250403-RYSP', 4, 4, '24500000.00', 'completed', 'fixed', '2020-09-13 13:25:52', '2025-04-03 14:46:50'),
(803, 'ORD-20250403-R6S4', 34, 4, '26610000.00', 'completed', 'store', '2024-12-29 16:57:48', '2025-04-03 14:46:50'),
(804, 'ORD-20250403-KMSK', 25, 5, '8854000.00', 'completed', 'free', '2024-09-01 05:42:51', '2025-04-03 14:46:50'),
(805, 'ORD-20250403-4SFV', 18, 3, '28990000.00', 'completed', 'free', '2023-08-14 18:47:57', '2025-04-03 14:46:50'),
(806, 'ORD-20250403-WGOE', 32, 3, '6280000.00', 'completed', 'free', '2023-01-11 07:17:24', '2025-04-03 14:46:50'),
(807, 'ORD-20250403-6X8C', 2, 2, '37487000.00', 'pending', 'free', '2023-12-27 14:00:48', '2025-04-03 14:46:50'),
(808, 'ORD-20250403-1KTL', 17, 4, '23020000.00', 'completed', 'free', '2023-03-30 22:08:25', '2025-04-03 14:46:50'),
(809, 'ORD-20250403-0WLS', 11, 1, '23769000.00', 'completed', 'free', '2024-09-14 11:30:11', '2025-04-03 14:46:50'),
(810, 'ORD-20250403-DJBD', 28, 1, '35834000.00', 'completed', 'free', '2025-03-11 04:00:06', '2025-04-03 14:46:50'),
(811, 'ORD-20250403-AA3P', 37, 2, '6669000.00', 'pending', 'free', '2023-12-09 07:11:01', '2025-04-03 14:46:50'),
(812, 'ORD-20250403-UBSM', 35, 2, '16862500.00', 'completed', 'fixed', '2025-03-20 13:41:58', '2025-04-03 14:46:50'),
(813, 'ORD-20250403-JZUQ', 17, 5, '41002000.00', 'completed', 'free', '2022-07-04 10:55:09', '2025-04-03 14:46:50'),
(814, 'ORD-20250403-THWY', 37, 5, '5690500.00', 'completed', 'free', '2024-09-05 20:03:19', '2025-04-03 14:46:50'),
(815, 'ORD-20250403-YGCL', 3, 2, '6973000.00', 'pending', 'store', '2023-06-13 12:32:44', '2025-04-03 14:46:50'),
(816, 'ORD-20250403-STUG', 29, 4, '1070000.00', 'cancelled', 'store', '2024-04-13 08:53:36', '2025-04-03 14:46:50'),
(817, 'ORD-20250403-GIU7', 10, 1, '45913500.00', 'completed', 'free', '2024-11-22 19:02:12', '2025-04-03 14:46:50'),
(818, 'ORD-20250403-EFAI', 20, 2, '26315000.00', 'completed', 'store', '2022-08-24 17:53:16', '2025-04-03 14:46:50'),
(819, 'ORD-20250403-ARMJ', 5, 4, '21550000.00', 'completed', 'store', '2023-05-25 11:42:59', '2025-04-03 14:46:50'),
(820, 'ORD-20250403-9DEL', 12, 2, '32309500.00', 'completed', 'fixed', '2024-02-19 06:06:35', '2025-04-03 14:46:50'),
(821, 'ORD-20250403-AMAS', 5, 5, '55413500.00', 'completed', 'fixed', '2023-08-16 23:49:45', '2025-04-03 14:46:50'),
(822, 'ORD-20250403-VPLZ', 30, 4, '35080000.00', 'completed', 'fixed', '2024-08-01 04:19:55', '2025-04-03 14:46:50'),
(823, 'ORD-20250403-NMTB', 40, 2, '13984000.00', 'completed', 'store', '2020-10-08 13:42:48', '2025-04-03 14:46:50'),
(824, 'ORD-20250403-IMZC', 18, 4, '23360000.00', 'pending', 'store', '2024-05-20 22:39:45', '2025-04-03 14:46:50'),
(825, 'ORD-20250403-CKU7', 12, 5, '4047000.00', 'completed', 'store', '2024-09-22 11:00:01', '2025-04-03 14:46:50'),
(826, 'ORD-20250403-B3KS', 30, 1, '3686000.00', 'completed', 'fixed', '2024-10-11 23:32:59', '2025-04-03 14:46:50'),
(827, 'ORD-20250403-6H36', 36, 5, '30466500.00', 'pending', 'fixed', '2023-08-01 05:39:14', '2025-04-03 14:46:50'),
(828, 'ORD-20250403-MFZQ', 18, 5, '51252500.00', 'completed', 'store', '2022-06-20 11:44:13', '2025-04-03 14:46:50'),
(829, 'ORD-20250403-5VYY', 35, 2, '40166000.00', 'pending', 'store', '2025-03-21 08:16:00', '2025-04-03 14:46:50'),
(830, 'ORD-20250403-TGAQ', 18, 5, '12350000.00', 'cancelled', 'store', '2023-03-30 14:09:29', '2025-04-03 14:46:50'),
(831, 'ORD-20250403-2ZTM', 35, 5, '19741000.00', 'completed', 'fixed', '2025-03-21 15:37:07', '2025-04-03 14:46:50'),
(832, 'ORD-20250403-WDZK', 26, 1, '18221000.00', 'pending', 'store', '2025-03-19 14:45:11', '2025-04-03 14:46:50'),
(833, 'ORD-20250403-MH4F', 25, 4, '38990000.00', 'completed', 'free', '2023-11-13 20:41:30', '2025-04-03 14:46:50'),
(834, 'ORD-20250403-WENF', 8, 5, '31255000.00', 'completed', 'store', '2023-09-17 06:45:43', '2025-04-03 14:46:50'),
(835, 'ORD-20250403-LU2Y', 6, 3, '7950000.00', 'completed', 'free', '2023-01-31 18:02:27', '2025-04-03 14:46:50'),
(836, 'ORD-20250403-YIRA', 4, 3, '17480000.00', 'completed', 'store', '2021-06-25 09:37:59', '2025-04-03 14:46:50'),
(837, 'ORD-20250403-0NJ3', 35, 3, '27970000.00', 'completed', 'store', '2025-03-26 06:15:37', '2025-04-03 14:46:50'),
(838, 'ORD-20250403-PX18', 25, 4, '28990000.00', 'completed', 'store', '2024-04-13 18:50:22', '2025-04-03 14:46:51'),
(839, 'ORD-20250403-FW6Q', 27, 1, '14022000.00', 'cancelled', 'store', '2024-06-23 04:56:11', '2025-04-03 14:46:51'),
(840, 'ORD-20250403-2EA3', 11, 4, '51620000.00', 'completed', 'free', '2022-03-22 01:45:42', '2025-04-03 14:46:51'),
(841, 'ORD-20250403-9H3R', 28, 3, '7340000.00', 'completed', 'fixed', '2023-01-05 17:43:29', '2025-04-03 14:46:51'),
(842, 'ORD-20250403-PYXC', 7, 1, '17736500.00', 'completed', 'store', '2024-04-19 23:26:09', '2025-04-03 14:46:51'),
(843, 'ORD-20250403-U0ZA', 7, 5, '15732000.00', 'completed', 'free', '2023-02-26 09:13:48', '2025-04-03 14:46:51'),
(844, 'ORD-20250403-FAYP', 34, 1, '18249500.00', 'completed', 'store', '2025-02-19 01:57:06', '2025-04-03 14:46:51'),
(845, 'ORD-20250403-KYJB', 22, 3, '18750000.00', 'completed', 'free', '2024-10-23 15:30:32', '2025-04-03 14:46:51'),
(846, 'ORD-20250403-KHFT', 17, 4, '38720000.00', 'completed', 'free', '2025-01-12 14:18:47', '2025-04-03 14:46:51'),
(847, 'ORD-20250403-OQ20', 3, 3, '46550000.00', 'completed', 'free', '2023-12-23 22:26:12', '2025-04-03 14:46:51'),
(848, 'ORD-20250403-PZER', 35, 3, '28960000.00', 'completed', 'free', '2025-03-23 06:52:56', '2025-04-03 14:46:51'),
(849, 'ORD-20250403-TPXN', 10, 4, '13670000.00', 'completed', 'store', '2024-07-07 17:32:11', '2025-04-03 14:46:51'),
(850, 'ORD-20250403-71BI', 11, 1, '31758500.00', 'completed', 'store', '2023-02-20 01:57:13', '2025-04-03 14:46:51'),
(851, 'ORD-20250403-FZIX', 6, 5, '28433500.00', 'completed', 'free', '2023-04-22 16:08:10', '2025-04-03 14:46:51'),
(852, 'ORD-20250403-52FG', 18, 3, '16180000.00', 'pending', 'free', '2025-02-26 09:25:27', '2025-04-03 14:46:51'),
(853, 'ORD-20250403-ZTGR', 30, 2, '26628500.00', 'completed', 'free', '2024-12-05 00:03:50', '2025-04-03 14:46:51'),
(854, 'ORD-20250403-T7SL', 27, 3, '7080000.00', 'cancelled', 'fixed', '2023-04-30 00:55:53', '2025-04-03 14:46:51'),
(855, 'ORD-20250403-O5LH', 15, 4, '37350000.00', 'cancelled', 'fixed', '2024-12-07 22:05:27', '2025-04-03 14:46:51'),
(856, 'ORD-20250403-GAY7', 32, 2, '34779500.00', 'pending', 'free', '2022-12-06 06:37:52', '2025-04-03 14:46:51'),
(857, 'ORD-20250403-LR6J', 4, 4, '6890000.00', 'completed', 'store', '2024-04-15 13:56:09', '2025-04-03 14:46:51'),
(858, 'ORD-20250403-J7UV', 15, 5, '11495000.00', 'completed', 'store', '2023-11-06 20:46:32', '2025-04-03 14:46:51'),
(859, 'ORD-20250403-DHEU', 15, 1, '874000.00', 'pending', 'store', '2023-08-16 06:05:36', '2025-04-03 14:46:51'),
(860, 'ORD-20250403-A0HY', 3, 1, '28538000.00', 'cancelled', 'free', '2023-08-31 09:35:36', '2025-04-03 14:46:51'),
(861, 'ORD-20250403-APKA', 31, 4, '21000000.00', 'completed', 'free', '2024-12-04 12:29:14', '2025-04-03 14:46:51'),
(862, 'ORD-20250403-KNC2', 32, 4, '38630000.00', 'completed', 'free', '2022-12-25 02:36:01', '2025-04-03 14:46:51'),
(863, 'ORD-20250403-TPLG', 4, 3, '14740000.00', 'completed', 'free', '2020-08-12 17:08:20', '2025-04-03 14:46:51'),
(864, 'ORD-20250403-8SWI', 30, 1, '4170500.00', 'completed', 'store', '2024-12-13 14:57:37', '2025-04-03 14:46:51'),
(865, 'ORD-20250403-4HBP', 23, 2, '33810500.00', 'cancelled', 'store', '2025-02-14 14:19:10', '2025-04-03 14:46:51'),
(866, 'ORD-20250403-PRVV', 11, 2, '2508000.00', 'completed', 'fixed', '2024-03-20 01:11:23', '2025-04-03 14:46:51'),
(867, 'ORD-20250403-NRCF', 35, 5, '11951000.00', 'completed', 'free', '2025-03-17 21:41:01', '2025-04-03 14:46:51'),
(868, 'ORD-20250403-KFLF', 33, 5, '49903500.00', 'completed', 'store', '2024-10-23 00:30:22', '2025-04-03 14:46:51');
INSERT INTO `orders` (`id`, `order_code`, `user_id`, `voucher_id`, `total_amount`, `status`, `shipping_method`, `created_at`, `updated_at`) VALUES
(869, 'ORD-20250403-J3XW', 32, 3, '12710000.00', 'pending', 'free', '2022-12-26 07:44:38', '2025-04-03 14:46:51'),
(870, 'ORD-20250403-3SWL', 37, 5, '50616000.00', 'completed', 'fixed', '2023-10-07 02:11:47', '2025-04-03 14:46:51'),
(871, 'ORD-20250403-YMYA', 29, 4, '3200000.00', 'cancelled', 'free', '2023-09-30 13:33:07', '2025-04-03 14:46:51'),
(872, 'ORD-20250403-6CKE', 33, 1, '22486500.00', 'completed', 'store', '2024-12-01 01:49:09', '2025-04-03 14:46:51'),
(873, 'ORD-20250403-R2RA', 17, 2, '5272500.00', 'completed', 'store', '2023-12-18 15:03:50', '2025-04-03 14:46:51'),
(874, 'ORD-20250403-UFCA', 7, 5, '18420500.00', 'pending', 'store', '2024-03-16 00:51:28', '2025-04-03 14:46:51'),
(875, 'ORD-20250403-DBER', 33, 2, '33763000.00', 'completed', 'fixed', '2024-11-13 19:11:38', '2025-04-03 14:46:51'),
(876, 'ORD-20250403-NYCB', 40, 1, '35264000.00', 'pending', 'store', '2020-08-29 17:10:56', '2025-04-03 14:46:51'),
(877, 'ORD-20250403-ZEZT', 32, 1, '19902500.00', 'completed', 'fixed', '2023-04-24 20:00:03', '2025-04-03 14:46:51'),
(878, 'ORD-20250403-C0FC', 23, 2, '1292000.00', 'cancelled', 'free', '2024-11-27 15:37:32', '2025-04-03 14:46:51'),
(879, 'ORD-20250403-APSU', 11, 5, '49400000.00', 'completed', 'store', '2022-10-07 03:11:52', '2025-04-03 14:46:51'),
(880, 'ORD-20250403-OUQ6', 18, 5, '14820000.00', 'completed', 'fixed', '2021-02-11 13:09:22', '2025-04-03 14:46:51'),
(881, 'ORD-20250403-MLQC', 37, 2, '33335500.00', 'completed', 'free', '2023-02-08 01:36:56', '2025-04-03 14:46:51'),
(882, 'ORD-20250403-8KWB', 13, 1, '30780000.00', 'completed', 'free', '2023-10-28 10:12:51', '2025-04-03 14:46:51'),
(883, 'ORD-20250403-NLG7', 19, 4, '21180000.00', 'completed', 'store', '2024-11-30 18:44:45', '2025-04-03 14:46:51'),
(884, 'ORD-20250403-IDFS', 13, 4, '31790000.00', 'completed', 'free', '2023-04-07 10:45:28', '2025-04-03 14:46:51'),
(885, 'ORD-20250403-NFHB', 18, 2, '15209500.00', 'completed', 'free', '2021-02-21 09:19:11', '2025-04-03 14:46:51'),
(886, 'ORD-20250403-WFBZ', 17, 4, '43490000.00', 'completed', 'store', '2022-06-20 03:49:14', '2025-04-03 14:46:51'),
(887, 'ORD-20250403-RNHM', 27, 1, '25621500.00', 'completed', 'store', '2022-07-22 11:30:53', '2025-04-03 14:46:51'),
(888, 'ORD-20250403-5FVY', 30, 4, '21870000.00', 'pending', 'free', '2025-02-20 23:56:35', '2025-04-03 14:46:51'),
(889, 'ORD-20250403-YDJR', 13, 2, '18677000.00', 'completed', 'fixed', '2024-09-28 20:32:59', '2025-04-03 14:46:51'),
(890, 'ORD-20250403-8YUN', 39, 2, '6080000.00', 'completed', 'free', '2021-11-15 17:48:03', '2025-04-03 14:46:51'),
(891, 'ORD-20250403-GITI', 40, 3, '2020000.00', 'completed', 'free', '2020-12-21 18:21:17', '2025-04-03 14:46:51'),
(892, 'ORD-20250403-UOXL', 14, 1, '27407500.00', 'completed', 'free', '2024-09-30 12:48:26', '2025-04-03 14:46:51'),
(893, 'ORD-20250403-MNY3', 18, 2, '22895000.00', 'cancelled', 'fixed', '2024-03-07 17:24:39', '2025-04-03 14:46:51'),
(894, 'ORD-20250403-JS9Z', 1, 2, '22258500.00', 'completed', 'store', '2023-12-31 10:34:31', '2025-04-03 14:46:51'),
(895, 'ORD-20250403-42EM', 31, 1, '29108000.00', 'cancelled', 'fixed', '2025-02-06 06:31:25', '2025-04-03 14:46:51'),
(896, 'ORD-20250403-6LY8', 38, 1, '36090500.00', 'cancelled', 'store', '2024-02-02 20:08:57', '2025-04-03 14:46:51'),
(897, 'ORD-20250403-S8UF', 1, 2, '8056000.00', 'pending', 'free', '2024-08-08 12:07:47', '2025-04-03 14:46:51'),
(898, 'ORD-20250403-6ZEH', 4, 2, '2090000.00', 'cancelled', 'fixed', '2023-04-04 02:01:24', '2025-04-03 14:46:51'),
(899, 'ORD-20250403-HE0J', 26, 1, '5168000.00', 'completed', 'fixed', '2025-03-16 15:40:59', '2025-04-03 14:46:51'),
(900, 'ORD-20250403-RWY6', 34, 1, '4769000.00', 'completed', 'free', '2025-02-08 10:36:02', '2025-04-03 14:46:51'),
(901, 'ORD-20250403-W4BJ', 6, 5, '19266000.00', 'cancelled', 'store', '2023-01-05 13:31:41', '2025-04-03 14:46:51'),
(902, 'ORD-20250403-QPD2', 37, 5, '1995000.00', 'completed', 'store', '2023-08-10 01:07:48', '2025-04-03 14:46:51'),
(903, 'ORD-20250403-JFYI', 27, 3, '27720000.00', 'completed', 'fixed', '2021-09-14 04:03:57', '2025-04-03 14:46:51'),
(904, 'ORD-20250403-RKGE', 39, 4, '17130000.00', 'completed', 'free', '2022-03-09 00:50:41', '2025-04-03 14:46:51'),
(905, 'ORD-20250403-DJJQ', 17, 2, '23750000.00', 'completed', 'free', '2025-01-25 01:20:28', '2025-04-03 14:46:51'),
(906, 'ORD-20250403-K5XU', 5, 2, '13879500.00', 'completed', 'free', '2021-07-06 07:09:56', '2025-04-03 14:46:51'),
(907, 'ORD-20250403-IXRN', 2, 3, '750000.00', 'completed', 'free', '2022-04-18 15:59:35', '2025-04-03 14:46:51'),
(908, 'ORD-20250403-FFRE', 5, 3, '23920000.00', 'completed', 'free', '2024-09-19 20:29:07', '2025-04-03 14:46:51'),
(909, 'ORD-20250403-PUNS', 3, 4, '15150000.00', 'completed', 'store', '2022-10-09 08:20:47', '2025-04-03 14:46:51'),
(910, 'ORD-20250403-TM2X', 27, 3, '15190000.00', 'completed', 'store', '2024-09-10 23:08:01', '2025-04-03 14:46:51'),
(911, 'ORD-20250403-QTKP', 37, 1, '20007000.00', 'completed', 'store', '2024-02-25 23:44:00', '2025-04-03 14:46:51'),
(912, 'ORD-20250403-0MKH', 14, 3, '36410000.00', 'completed', 'fixed', '2024-11-30 03:27:49', '2025-04-03 14:46:51'),
(913, 'ORD-20250403-ZLA5', 11, 1, '15675000.00', 'completed', 'fixed', '2024-04-23 10:20:41', '2025-04-03 14:46:51'),
(914, 'ORD-20250403-7CQT', 25, 1, '20776500.00', 'completed', 'store', '2023-03-08 13:04:25', '2025-04-03 14:46:51'),
(915, 'ORD-20250403-AQU3', 8, 4, '27160000.00', 'completed', 'store', '2024-01-23 08:30:43', '2025-04-03 14:46:51'),
(916, 'ORD-20250403-GHB9', 11, 2, '3724000.00', 'completed', 'store', '2023-10-10 13:30:26', '2025-04-03 14:46:51'),
(917, 'ORD-20250403-0EC3', 21, 3, '27060000.00', 'completed', 'fixed', '2024-10-08 17:16:30', '2025-04-03 14:46:51'),
(918, 'ORD-20250403-CZL9', 34, 4, '18970000.00', 'completed', 'store', '2025-01-30 15:54:44', '2025-04-03 14:46:51'),
(919, 'ORD-20250403-VVGJ', 23, 2, '47091500.00', 'completed', 'fixed', '2025-01-14 13:24:33', '2025-04-03 14:46:51'),
(920, 'ORD-20250403-7BHL', 19, 2, '3610000.00', 'completed', 'store', '2025-02-22 00:31:10', '2025-04-03 14:46:51'),
(921, 'ORD-20250403-3D5P', 35, 5, '4465000.00', 'completed', 'fixed', '2025-03-18 03:31:13', '2025-04-03 14:46:51'),
(922, 'ORD-20250403-QIUT', 1, 3, '2800000.00', 'completed', 'free', '2024-05-10 22:54:12', '2025-04-03 14:46:51'),
(923, 'ORD-20250403-AFEG', 12, 1, '35245000.00', 'completed', 'free', '2024-08-23 04:30:56', '2025-04-03 14:46:51'),
(924, 'ORD-20250403-HWQJ', 39, 4, '38450000.00', 'completed', 'fixed', '2020-08-28 15:56:35', '2025-04-03 14:46:51'),
(925, 'ORD-20250403-LJIG', 19, 4, '24020000.00', 'completed', 'free', '2024-12-09 12:06:40', '2025-04-03 14:46:51'),
(926, 'ORD-20250403-4Y0V', 17, 1, '2232500.00', 'completed', 'free', '2023-04-04 02:49:23', '2025-04-03 14:46:52'),
(927, 'ORD-20250403-U3I6', 25, 1, '46274500.00', 'completed', 'fixed', '2024-12-09 04:17:27', '2025-04-03 14:46:52'),
(928, 'ORD-20250403-AK58', 22, 1, '21261000.00', 'pending', 'store', '2024-11-15 00:37:49', '2025-04-03 14:46:52'),
(929, 'ORD-20250403-U5KY', 15, 1, '26866000.00', 'completed', 'free', '2024-01-24 04:41:47', '2025-04-03 14:46:52'),
(930, 'ORD-20250403-M6QV', 8, 2, '11134000.00', 'completed', 'fixed', '2023-11-18 21:08:51', '2025-04-03 14:46:52'),
(931, 'ORD-20250403-9RJI', 32, 3, '7300000.00', 'completed', 'store', '2024-08-10 18:29:46', '2025-04-03 14:46:52'),
(932, 'ORD-20250403-HDE6', 30, 3, '6710000.00', 'completed', 'fixed', '2024-07-29 10:10:11', '2025-04-03 14:46:52'),
(933, 'ORD-20250403-QABP', 6, 5, '13091000.00', 'completed', 'free', '2023-05-01 14:30:18', '2025-04-03 14:46:52'),
(934, 'ORD-20250403-MXRV', 7, 1, '36584500.00', 'completed', 'store', '2023-03-27 06:00:47', '2025-04-03 14:46:52'),
(935, 'ORD-20250403-KAJV', 4, 4, '19670000.00', 'completed', 'store', '2022-10-23 12:24:06', '2025-04-03 14:46:52'),
(936, 'ORD-20250403-SOPY', 29, 4, '25750000.00', 'completed', 'store', '2024-05-20 21:02:40', '2025-04-03 14:46:52'),
(937, 'ORD-20250403-TB2W', 10, 4, '7880000.00', 'completed', 'free', '2024-04-02 13:01:18', '2025-04-03 14:46:52'),
(938, 'ORD-20250403-JXQO', 33, 4, '19520000.00', 'completed', 'store', '2024-11-22 11:46:28', '2025-04-03 14:46:52'),
(939, 'ORD-20250403-PHTT', 31, 5, '24833000.00', 'completed', 'free', '2024-07-02 07:45:15', '2025-04-03 14:46:52'),
(940, 'ORD-20250403-YWHO', 25, 4, '13190000.00', 'completed', 'fixed', '2023-11-12 11:52:24', '2025-04-03 14:46:52'),
(941, 'ORD-20250403-A90F', 19, 2, '23522000.00', 'completed', 'free', '2025-03-21 02:56:24', '2025-04-03 14:46:52'),
(942, 'ORD-20250403-3GSA', 39, 4, '23360000.00', 'completed', 'store', '2022-05-04 15:10:40', '2025-04-03 14:46:52'),
(943, 'ORD-20250403-HNG0', 13, 5, '14478000.00', 'completed', 'fixed', '2023-12-31 02:46:49', '2025-04-03 14:46:52'),
(944, 'ORD-20250403-3HTG', 12, 2, '18306500.00', 'completed', 'store', '2024-09-29 22:22:24', '2025-04-03 14:46:52'),
(945, 'ORD-20250403-KD9J', 18, 1, '9310000.00', 'completed', 'free', '2021-04-20 14:50:11', '2025-04-03 14:46:52'),
(946, 'ORD-20250403-JC08', 35, 5, '23436500.00', 'completed', 'store', '2025-03-20 10:01:09', '2025-04-03 14:46:52'),
(947, 'ORD-20250403-QG8C', 13, 4, '51340000.00', 'completed', 'fixed', '2025-02-19 18:26:34', '2025-04-03 14:46:52'),
(948, 'ORD-20250403-QHNQ', 35, 5, '13765500.00', 'completed', 'store', '2025-03-17 21:14:13', '2025-04-03 14:46:52'),
(949, 'ORD-20250403-NZYN', 19, 5, '26999000.00', 'completed', 'fixed', '2025-01-13 23:41:03', '2025-04-03 14:46:52'),
(950, 'ORD-20250403-UQZF', 15, 2, '17822000.00', 'completed', 'free', '2023-08-04 06:26:58', '2025-04-03 14:46:52'),
(951, 'ORD-20250403-FQEL', 12, 3, '37670000.00', 'pending', 'store', '2025-02-06 13:02:44', '2025-04-03 14:46:52'),
(952, 'ORD-20250403-HBYN', 34, 3, '26530000.00', 'completed', 'fixed', '2025-03-04 08:07:12', '2025-04-03 14:46:52'),
(953, 'ORD-20250403-N7P7', 11, 3, '12990000.00', 'pending', 'store', '2024-06-26 19:54:30', '2025-04-03 14:46:52'),
(954, 'ORD-20250403-ORHI', 27, 3, '27090000.00', 'pending', 'store', '2023-06-27 04:57:44', '2025-04-03 14:46:52'),
(955, 'ORD-20250403-KVLF', 8, 3, '19970000.00', 'completed', 'free', '2024-02-29 23:45:03', '2025-04-03 14:46:52'),
(956, 'ORD-20250403-TUHY', 21, 3, '33490000.00', 'completed', 'fixed', '2024-12-23 03:24:08', '2025-04-03 14:46:52'),
(957, 'ORD-20250403-J0VL', 27, 5, '13395000.00', 'completed', 'free', '2024-05-02 21:29:57', '2025-04-03 14:46:52'),
(958, 'ORD-20250403-DRJX', 3, 1, '19617500.00', 'completed', 'fixed', '2025-02-11 16:18:12', '2025-04-03 14:46:52'),
(959, 'ORD-20250403-TC4U', 12, 5, '1045000.00', 'cancelled', 'fixed', '2024-03-15 11:55:51', '2025-04-03 14:46:52'),
(960, 'ORD-20250403-TJHY', 21, 5, '47614000.00', 'completed', 'free', '2024-11-14 17:38:35', '2025-04-03 14:46:52'),
(961, 'ORD-20250403-IGFD', 30, 3, '24380000.00', 'completed', 'fixed', '2024-11-22 19:38:04', '2025-04-03 14:46:52'),
(962, 'ORD-20250403-EDST', 30, 5, '65958500.00', 'completed', 'fixed', '2025-02-24 08:50:21', '2025-04-03 14:46:52'),
(963, 'ORD-20250403-NZBW', 25, 3, '10150000.00', 'cancelled', 'free', '2024-04-06 23:40:26', '2025-04-03 14:46:52'),
(964, 'ORD-20250403-DPVY', 9, 4, '56320000.00', 'completed', 'fixed', '2025-01-07 15:53:40', '2025-04-03 14:46:52'),
(965, 'ORD-20250403-9G5Y', 14, 2, '21916500.00', 'pending', 'store', '2024-02-27 03:02:43', '2025-04-03 14:46:52'),
(966, 'ORD-20250403-GS0P', 21, 2, '9272000.00', 'completed', 'store', '2025-03-02 11:45:18', '2025-04-03 14:46:52'),
(967, 'ORD-20250403-EW3X', 33, 1, '37990500.00', 'completed', 'store', '2025-02-18 00:03:18', '2025-04-03 14:46:52'),
(968, 'ORD-20250403-0EVA', 40, 4, '38300000.00', 'completed', 'fixed', '2022-08-15 16:05:37', '2025-04-03 14:46:52'),
(969, 'ORD-20250403-L9AZ', 21, 1, '13224000.00', 'completed', 'fixed', '2024-11-21 06:18:00', '2025-04-03 14:46:52'),
(970, 'ORD-20250403-KDID', 21, 5, '14687000.00', 'completed', 'free', '2024-10-09 07:01:08', '2025-04-03 14:46:52'),
(971, 'ORD-20250403-ILKE', 3, 5, '7315000.00', 'completed', 'fixed', '2022-11-21 16:46:44', '2025-04-03 14:46:52'),
(972, 'ORD-20250403-TUB9', 31, 3, '14270000.00', 'completed', 'fixed', '2025-03-10 01:07:14', '2025-04-03 14:46:52'),
(973, 'ORD-20250403-EVIO', 29, 2, '24928000.00', 'completed', 'store', '2024-02-11 14:04:15', '2025-04-03 14:46:52'),
(974, 'ORD-20250403-CEXP', 30, 1, '19190000.00', 'completed', 'free', '2024-08-25 01:33:40', '2025-04-03 14:46:52'),
(975, 'ORD-20250403-GUSW', 10, 3, '22990000.00', 'completed', 'fixed', '2022-10-29 06:20:00', '2025-04-03 14:46:52'),
(976, 'ORD-20250403-95T5', 15, 5, '18278000.00', 'completed', 'store', '2023-08-06 01:52:04', '2025-04-03 14:46:52'),
(977, 'ORD-20250403-SUDZ', 10, 3, '17140000.00', 'cancelled', 'free', '2022-11-13 14:38:16', '2025-04-03 14:46:52'),
(978, 'ORD-20250403-LOHR', 28, 4, '59670000.00', 'completed', 'store', '2021-10-03 02:15:17', '2025-04-03 14:46:52'),
(979, 'ORD-20250403-Q1CM', 7, 3, '26060000.00', 'pending', 'free', '2022-01-08 20:42:12', '2025-04-03 14:46:52'),
(980, 'ORD-20250403-LIWD', 3, 4, '10860000.00', 'completed', 'fixed', '2022-10-31 11:02:55', '2025-04-03 14:46:52'),
(981, 'ORD-20250403-BMYY', 30, 5, '8635500.00', 'pending', 'store', '2025-02-23 20:52:51', '2025-04-03 14:46:52'),
(982, 'ORD-20250403-A3CU', 28, 4, '24060000.00', 'completed', 'fixed', '2022-10-15 02:19:46', '2025-04-03 14:46:52'),
(983, 'ORD-20250403-PS4O', 13, 5, '3334500.00', 'pending', 'free', '2023-04-16 16:01:59', '2025-04-03 14:46:52'),
(984, 'ORD-20250403-MKQ4', 18, 5, '22163500.00', 'pending', 'fixed', '2024-05-01 07:53:43', '2025-04-03 14:46:52'),
(985, 'ORD-20250403-HRAO', 39, 4, '23180000.00', 'completed', 'store', '2024-04-10 23:16:08', '2025-04-03 14:46:52'),
(986, 'ORD-20250403-IYZV', 40, 3, '35310000.00', 'completed', 'fixed', '2024-06-19 02:19:43', '2025-04-03 14:46:52'),
(987, 'ORD-20250403-WE9S', 29, 5, '28139000.00', 'completed', 'store', '2023-10-28 13:35:22', '2025-04-03 14:46:52'),
(988, 'ORD-20250403-5FDT', 36, 4, '38100000.00', 'completed', 'free', '2025-03-06 06:56:21', '2025-04-03 14:46:52'),
(989, 'ORD-20250403-EX2E', 37, 1, '6061000.00', 'completed', 'free', '2024-06-04 17:47:05', '2025-04-03 14:46:52'),
(990, 'ORD-20250403-JE2W', 13, 2, '11295500.00', 'completed', 'fixed', '2024-01-31 12:32:45', '2025-04-03 14:46:52'),
(991, 'ORD-20250403-SKWB', 29, 3, '32080000.00', 'completed', 'store', '2024-10-12 05:59:53', '2025-04-03 14:46:52'),
(992, 'ORD-20250403-DOFC', 13, 3, '33600000.00', 'completed', 'fixed', '2024-10-06 05:49:41', '2025-04-03 14:46:52'),
(993, 'ORD-20250403-RXAK', 31, 1, '53770000.00', 'completed', 'fixed', '2024-11-09 06:45:05', '2025-04-03 14:46:52'),
(994, 'ORD-20250403-LXMM', 7, 5, '36100000.00', 'completed', 'free', '2022-04-06 14:02:38', '2025-04-03 14:46:52'),
(995, 'ORD-20250403-KEID', 39, 4, '19380000.00', 'completed', 'store', '2021-11-19 18:22:01', '2025-04-03 14:46:52'),
(996, 'ORD-20250403-Y1FZ', 15, 3, '18370000.00', 'completed', 'free', '2024-11-06 16:32:20', '2025-04-03 14:46:52'),
(997, 'ORD-20250403-VYMR', 40, 4, '35230000.00', 'completed', 'fixed', '2021-12-30 17:00:24', '2025-04-03 14:46:52'),
(998, 'ORD-20250403-LSHX', 1, 4, '32850000.00', 'completed', 'fixed', '2025-03-09 13:05:05', '2025-04-03 14:46:52'),
(999, 'ORD-20250403-YUTB', 15, 3, '16300000.00', 'completed', 'store', '2024-06-15 13:54:21', '2025-04-03 14:46:52'),
(1000, 'ORD-20250403-OQDA', 8, 3, '360000.00', 'completed', 'free', '2023-10-12 21:46:03', '2025-04-03 14:46:52'),
(1002, 'ORD-1743852155-J6U9', 3, NULL, '4840000.00', 'pending', 'fixed', '2025-04-05 11:22:35', '2025-04-05 11:22:35'),
(1003, 'ORD-1743852676-NYQX', 4, NULL, '3210000.00', 'pending', 'fixed', '2025-04-05 11:31:16', '2025-04-05 11:31:16'),
(1004, 'ORD-1743852726-SIF0', 4, NULL, '3210000.00', 'pending', 'fixed', '2025-04-05 11:32:06', '2025-04-05 11:32:06'),
(1005, 'ORD-1743852992-QUJC', 3, NULL, '9680000.00', 'completed', 'fixed', '2025-04-05 11:36:32', '2025-04-05 11:36:32'),
(1006, 'ORD-1743857446-FECJ', 5, NULL, '64900000.00', 'pending', 'fixed', '2025-04-05 12:50:46', '2025-04-05 12:50:46'),
(1011, 'ORD-1743868622-97FI', 6, NULL, '4840000.00', 'pending', 'fixed', '2025-04-05 15:57:02', '2025-04-05 15:57:02'),
(1012, 'ORD-1744006678-4YXV', 8, NULL, '4500000.00', 'pending', 'fixed', '2025-04-07 06:17:58', '2025-04-07 06:17:58'),
(1013, 'ORD-1744006716-938J', 8, NULL, '4250000.00', 'pending', 'fixed', '2025-04-07 06:18:36', '2025-04-07 06:18:36'),
(1014, 'ORD-1744006720-ADW6', 8, NULL, '4250000.00', 'pending', 'fixed', '2025-04-07 06:18:40', '2025-04-07 06:18:40'),
(1015, 'ORD-1744006737-R7QF', 8, NULL, '4250000.00', 'pending', 'fixed', '2025-04-07 06:18:57', '2025-04-07 06:18:57'),
(1016, 'ORD-1744006746-KELY', 8, NULL, '4250000.00', 'pending', 'fixed', '2025-04-07 06:19:06', '2025-04-07 06:19:06'),
(1017, 'ORD-1744006751-SYXQ', 8, NULL, '4250000.00', 'pending', 'fixed', '2025-04-07 06:19:11', '2025-04-07 06:19:11'),
(1018, 'ORD-1744007353-JUVN', 8, NULL, '740000.00', 'pending', 'fixed', '2025-04-07 06:29:13', '2025-04-07 06:29:13'),
(1019, 'ORD-1744020186-H1Z5', 8, NULL, '1200000.00', 'pending', 'fixed', '2025-04-07 10:03:06', '2025-04-07 10:03:06'),
(1020, 'ORD-1744020331-KXGE', 8, NULL, '1200000.00', 'pending', 'fixed', '2025-04-07 10:05:31', '2025-04-07 10:05:31'),
(1021, 'ORD-1744028292-FCDS', 8, NULL, '1200000.00', 'pending', 'fixed', '2025-04-07 12:18:12', '2025-04-07 12:18:12'),
(1022, 'ORD-1744035466-BduJ', 7, NULL, '640000.00', 'pending', 'fixed', '2025-04-07 14:17:46', '2025-04-07 14:17:46'),
(1023, 'ORD-1744036492-rKO6', 7, NULL, '1100000.00', 'pending', 'fixed', '2025-04-07 14:34:52', '2025-04-07 14:34:52'),
(1024, 'ORD-1744036690-r3dv', 7, NULL, '3100000.00', 'pending', 'fixed', '2025-04-07 14:38:10', '2025-04-07 14:38:10'),
(1025, 'ORD-1744037519-cldF', 7, NULL, '640000.00', 'cancelled', 'fixed', '2025-04-07 14:51:59', '2025-04-07 14:52:12'),
(1026, 'ORD-1744037755-h5ul', 7, NULL, '4860000.00', 'confirmed', 'fixed', '2025-04-07 14:55:55', '2025-04-07 15:04:00');

-- --------------------------------------------------------

--
-- Table structure for table `order_items`
--

CREATE TABLE `order_items` (
  `id` bigint UNSIGNED NOT NULL,
  `order_id` bigint UNSIGNED NOT NULL,
  `variant_id` bigint UNSIGNED NOT NULL,
  `quantity` int NOT NULL DEFAULT '1',
  `unit_price` decimal(10,2) NOT NULL,
  `total_price` decimal(10,2) NOT NULL,
  `created_at` timestamp NULL DEFAULT NULL,
  `updated_at` timestamp NULL DEFAULT NULL
) ENGINE=InnoDB DEFAULT CHARSET=utf8mb4 COLLATE=utf8mb4_unicode_ci;

--
-- Dumping data for table `order_items`
--

INSERT INTO `order_items` (`id`, `order_id`, `variant_id`, `quantity`, `unit_price`, `total_price`, `created_at`, `updated_at`) VALUES
(2, 2, 224, 4, '1150000.00', '4600000.00', '2025-04-03 14:46:39', '2025-04-03 14:46:39'),
(3, 2, 101, 3, '5290000.00', '15870000.00', '2025-04-03 14:46:39', '2025-04-03 14:46:39'),
(4, 2, 73, 5, '2100000.00', '10500000.00', '2025-04-03 14:46:39', '2025-04-03 14:46:39'),
(5, 3, 200, 1, '4860000.00', '4860000.00', '2025-04-03 14:46:39', '2025-04-03 14:46:39'),
(6, 3, 127, 2, '4540000.00', '9080000.00', '2025-04-03 14:46:39', '2025-04-03 14:46:39'),
(7, 3, 56, 2, '1160000.00', '2320000.00', '2025-04-03 14:46:39', '2025-04-03 14:46:39'),
(8, 3, 76, 3, '4200000.00', '12600000.00', '2025-04-03 14:46:39', '2025-04-03 14:46:39'),
(9, 4, 35, 1, '3660000.00', '3660000.00', '2025-04-03 14:46:39', '2025-04-03 14:46:39'),
(10, 4, 209, 1, '4650000.00', '4650000.00', '2025-04-03 14:46:39', '2025-04-03 14:46:39'),
(13, 4, 39, 5, '4310000.00', '21550000.00', '2025-04-03 14:46:39', '2025-04-03 14:46:39'),
(14, 5, 30, 1, '120000.00', '120000.00', '2025-04-03 14:46:39', '2025-04-03 14:46:39'),
(15, 6, 22, 2, '1310000.00', '2620000.00', '2025-04-03 14:46:39', '2025-04-03 14:46:39'),
(16, 7, 174, 3, '3290000.00', '9870000.00', '2025-04-03 14:46:39', '2025-04-03 14:46:39'),
(17, 7, 114, 3, '1490000.00', '4470000.00', '2025-04-03 14:46:39', '2025-04-03 14:46:39'),
(18, 7, 204, 5, '3500000.00', '17500000.00', '2025-04-03 14:46:39', '2025-04-03 14:46:39'),
(19, 8, 8, 1, '740000.00', '740000.00', '2025-04-03 14:46:39', '2025-04-03 14:46:39'),
(21, 9, 231, 4, '4130000.00', '16520000.00', '2025-04-03 14:46:39', '2025-04-03 14:46:39'),
(22, 9, 74, 4, '2370000.00', '9480000.00', '2025-04-03 14:46:39', '2025-04-03 14:46:39'),
(23, 9, 141, 4, '1050000.00', '4200000.00', '2025-04-03 14:46:39', '2025-04-03 14:46:39'),
(24, 9, 116, 2, '4400000.00', '8800000.00', '2025-04-03 14:46:39', '2025-04-03 14:46:39'),
(25, 10, 102, 1, '5350000.00', '5350000.00', '2025-04-03 14:46:39', '2025-04-03 14:46:39'),
(26, 11, 48, 4, '3080000.00', '12320000.00', '2025-04-03 14:46:39', '2025-04-03 14:46:39'),
(27, 11, 203, 3, '3890000.00', '11670000.00', '2025-04-03 14:46:39', '2025-04-03 14:46:39'),
(28, 11, 44, 3, '1960000.00', '5880000.00', '2025-04-03 14:46:39', '2025-04-03 14:46:39'),
(29, 12, 223, 1, '1170000.00', '1170000.00', '2025-04-03 14:46:39', '2025-04-03 14:46:39'),
(30, 12, 147, 4, '4920000.00', '19680000.00', '2025-04-03 14:46:39', '2025-04-03 14:46:39'),
(31, 12, 48, 5, '3080000.00', '15400000.00', '2025-04-03 14:46:39', '2025-04-03 14:46:39'),
(32, 12, 144, 4, '1000000.00', '4000000.00', '2025-04-03 14:46:39', '2025-04-03 14:46:39'),
(33, 13, 124, 5, '2510000.00', '12550000.00', '2025-04-03 14:46:39', '2025-04-03 14:46:39'),
(34, 14, 207, 1, '4820000.00', '4820000.00', '2025-04-03 14:46:39', '2025-04-03 14:46:39'),
(35, 14, 93, 4, '2630000.00', '10520000.00', '2025-04-03 14:46:39', '2025-04-03 14:46:39'),
(36, 14, 193, 1, '690000.00', '690000.00', '2025-04-03 14:46:39', '2025-04-03 14:46:39'),
(37, 15, 146, 5, '5130000.00', '25650000.00', '2025-04-03 14:46:39', '2025-04-03 14:46:39'),
(38, 15, 171, 2, '3210000.00', '6420000.00', '2025-04-03 14:46:39', '2025-04-03 14:46:39'),
(39, 15, 66, 4, '4340000.00', '17360000.00', '2025-04-03 14:46:39', '2025-04-03 14:46:39'),
(40, 15, 220, 2, '2340000.00', '4680000.00', '2025-04-03 14:46:39', '2025-04-03 14:46:39'),
(41, 15, 39, 4, '4310000.00', '17240000.00', '2025-04-03 14:46:39', '2025-04-03 14:46:39'),
(42, 16, 126, 3, '4520000.00', '13560000.00', '2025-04-03 14:46:39', '2025-04-03 14:46:39'),
(43, 16, 172, 2, '3390000.00', '6780000.00', '2025-04-03 14:46:39', '2025-04-03 14:46:39'),
(44, 16, 101, 4, '5290000.00', '21160000.00', '2025-04-03 14:46:39', '2025-04-03 14:46:39'),
(45, 17, 94, 3, '2660000.00', '7980000.00', '2025-04-03 14:46:39', '2025-04-03 14:46:39'),
(46, 17, 22, 4, '1310000.00', '5240000.00', '2025-04-03 14:46:39', '2025-04-03 14:46:39'),
(47, 18, 90, 5, '4610000.00', '23050000.00', '2025-04-03 14:46:39', '2025-04-03 14:46:39'),
(48, 18, 199, 1, '4760000.00', '4760000.00', '2025-04-03 14:46:39', '2025-04-03 14:46:39'),
(49, 19, 119, 1, '4660000.00', '4660000.00', '2025-04-03 14:46:39', '2025-04-03 14:46:39'),
(50, 20, 113, 4, '1610000.00', '6440000.00', '2025-04-03 14:46:39', '2025-04-03 14:46:39'),
(51, 20, 139, 5, '4500000.00', '22500000.00', '2025-04-03 14:46:39', '2025-04-03 14:46:39'),
(52, 21, 113, 5, '1610000.00', '8050000.00', '2025-04-03 14:46:39', '2025-04-03 14:46:39'),
(53, 21, 121, 2, '2310000.00', '4620000.00', '2025-04-03 14:46:39', '2025-04-03 14:46:39'),
(54, 22, 23, 5, '1140000.00', '5700000.00', '2025-04-03 14:46:39', '2025-04-03 14:46:39'),
(55, 22, 156, 2, '2950000.00', '5900000.00', '2025-04-03 14:46:39', '2025-04-03 14:46:39'),
(56, 22, 223, 2, '1170000.00', '2340000.00', '2025-04-03 14:46:39', '2025-04-03 14:46:39'),
(57, 22, 151, 3, '2980000.00', '8940000.00', '2025-04-03 14:46:39', '2025-04-03 14:46:39'),
(58, 22, 27, 4, '350000.00', '1400000.00', '2025-04-03 14:46:39', '2025-04-03 14:46:39'),
(59, 23, 112, 1, '1380000.00', '1380000.00', '2025-04-03 14:46:39', '2025-04-03 14:46:39'),
(60, 23, 93, 5, '2630000.00', '13150000.00', '2025-04-03 14:46:39', '2025-04-03 14:46:39'),
(61, 23, 216, 3, '2370000.00', '7110000.00', '2025-04-03 14:46:39', '2025-04-03 14:46:39'),
(62, 23, 196, 1, '4690000.00', '4690000.00', '2025-04-03 14:46:39', '2025-04-03 14:46:39'),
(63, 24, 168, 2, '2420000.00', '4840000.00', '2025-04-03 14:46:39', '2025-04-03 14:46:39'),
(64, 24, 68, 4, '4200000.00', '16800000.00', '2025-04-03 14:46:39', '2025-04-03 14:46:39'),
(65, 24, 54, 2, '4190000.00', '8380000.00', '2025-04-03 14:46:39', '2025-04-03 14:46:39'),
(66, 24, 119, 5, '4660000.00', '23300000.00', '2025-04-03 14:46:39', '2025-04-03 14:46:39'),
(67, 25, 37, 4, '4410000.00', '17640000.00', '2025-04-03 14:46:39', '2025-04-03 14:46:39'),
(68, 25, 69, 3, '4180000.00', '12540000.00', '2025-04-03 14:46:39', '2025-04-03 14:46:39'),
(69, 25, 15, 2, '1060000.00', '2120000.00', '2025-04-03 14:46:39', '2025-04-03 14:46:39'),
(70, 26, 221, 2, '1430000.00', '2860000.00', '2025-04-03 14:46:39', '2025-04-03 14:46:39'),
(71, 27, 64, 1, '4220000.00', '4220000.00', '2025-04-03 14:46:39', '2025-04-03 14:46:39'),
(72, 28, 77, 3, '4530000.00', '13590000.00', '2025-04-03 14:46:39', '2025-04-03 14:46:39'),
(73, 28, 75, 3, '2100000.00', '6300000.00', '2025-04-03 14:46:39', '2025-04-03 14:46:39'),
(74, 28, 37, 3, '4410000.00', '13230000.00', '2025-04-03 14:46:39', '2025-04-03 14:46:39'),
(75, 28, 57, 4, '940000.00', '3760000.00', '2025-04-03 14:46:39', '2025-04-03 14:46:39'),
(76, 28, 118, 3, '4240000.00', '12720000.00', '2025-04-03 14:46:39', '2025-04-03 14:46:39'),
(77, 29, 49, 3, '3090000.00', '9270000.00', '2025-04-03 14:46:40', '2025-04-03 14:46:40'),
(78, 29, 60, 2, '940000.00', '1880000.00', '2025-04-03 14:46:40', '2025-04-03 14:46:40'),
(79, 29, 202, 5, '3580000.00', '17900000.00', '2025-04-03 14:46:40', '2025-04-03 14:46:40'),
(80, 30, 50, 3, '3110000.00', '9330000.00', '2025-04-03 14:46:40', '2025-04-03 14:46:40'),
(81, 31, 104, 1, '5010000.00', '5010000.00', '2025-04-03 14:46:40', '2025-04-03 14:46:40'),
(82, 31, 199, 4, '4760000.00', '19040000.00', '2025-04-03 14:46:40', '2025-04-03 14:46:40'),
(83, 32, 19, 5, '1940000.00', '9700000.00', '2025-04-03 14:46:40', '2025-04-03 14:46:40'),
(84, 32, 202, 2, '3580000.00', '7160000.00', '2025-04-03 14:46:40', '2025-04-03 14:46:40'),
(85, 32, 59, 1, '760000.00', '760000.00', '2025-04-03 14:46:40', '2025-04-03 14:46:40'),
(86, 33, 24, 1, '1150000.00', '1150000.00', '2025-04-03 14:46:40', '2025-04-03 14:46:40'),
(87, 33, 42, 3, '1890000.00', '5670000.00', '2025-04-03 14:46:40', '2025-04-03 14:46:40'),
(88, 33, 213, 1, '2370000.00', '2370000.00', '2025-04-03 14:46:40', '2025-04-03 14:46:40'),
(89, 34, 40, 3, '4390000.00', '13170000.00', '2025-04-03 14:46:40', '2025-04-03 14:46:40'),
(90, 34, 136, 4, '4400000.00', '17600000.00', '2025-04-03 14:46:40', '2025-04-03 14:46:40'),
(91, 34, 21, 2, '1250000.00', '2500000.00', '2025-04-03 14:46:40', '2025-04-03 14:46:40'),
(92, 35, 136, 1, '4400000.00', '4400000.00', '2025-04-03 14:46:40', '2025-04-03 14:46:40'),
(93, 35, 14, 5, '1160000.00', '5800000.00', '2025-04-03 14:46:40', '2025-04-03 14:46:40'),
(95, 36, 29, 2, '110000.00', '220000.00', '2025-04-03 14:46:40', '2025-04-03 14:46:40'),
(96, 36, 128, 2, '4840000.00', '9680000.00', '2025-04-03 14:46:40', '2025-04-03 14:46:40'),
(97, 36, 60, 5, '940000.00', '4700000.00', '2025-04-03 14:46:40', '2025-04-03 14:46:40'),
(98, 36, 219, 5, '2470000.00', '12350000.00', '2025-04-03 14:46:40', '2025-04-03 14:46:40'),
(99, 37, 68, 5, '4200000.00', '21000000.00', '2025-04-03 14:46:40', '2025-04-03 14:46:40'),
(100, 38, 149, 3, '4960000.00', '14880000.00', '2025-04-03 14:46:40', '2025-04-03 14:46:40'),
(101, 39, 60, 3, '940000.00', '2820000.00', '2025-04-03 14:46:40', '2025-04-03 14:46:40'),
(102, 39, 76, 4, '4200000.00', '16800000.00', '2025-04-03 14:46:40', '2025-04-03 14:46:40'),
(103, 39, 35, 2, '3660000.00', '7320000.00', '2025-04-03 14:46:40', '2025-04-03 14:46:40'),
(105, 40, 89, 4, '4870000.00', '19480000.00', '2025-04-03 14:46:40', '2025-04-03 14:46:40'),
(106, 40, 10, 5, '430000.00', '2150000.00', '2025-04-03 14:46:40', '2025-04-03 14:46:40'),
(107, 41, 138, 5, '4610000.00', '23050000.00', '2025-04-03 14:46:40', '2025-04-03 14:46:40'),
(108, 42, 91, 5, '2480000.00', '12400000.00', '2025-04-03 14:46:40', '2025-04-03 14:46:40'),
(109, 42, 8, 5, '740000.00', '3700000.00', '2025-04-03 14:46:40', '2025-04-03 14:46:40'),
(110, 43, 224, 3, '1150000.00', '3450000.00', '2025-04-03 14:46:40', '2025-04-03 14:46:40'),
(111, 43, 90, 3, '4610000.00', '13830000.00', '2025-04-03 14:46:40', '2025-04-03 14:46:40'),
(112, 43, 76, 2, '4200000.00', '8400000.00', '2025-04-03 14:46:40', '2025-04-03 14:46:40'),
(114, 44, 95, 1, '2390000.00', '2390000.00', '2025-04-03 14:46:40', '2025-04-03 14:46:40'),
(115, 45, 136, 4, '4400000.00', '17600000.00', '2025-04-03 14:46:40', '2025-04-03 14:46:40'),
(116, 45, 86, 4, '4790000.00', '19160000.00', '2025-04-03 14:46:40', '2025-04-03 14:46:40'),
(117, 45, 21, 5, '1250000.00', '6250000.00', '2025-04-03 14:46:40', '2025-04-03 14:46:40'),
(118, 45, 60, 1, '940000.00', '940000.00', '2025-04-03 14:46:40', '2025-04-03 14:46:40'),
(119, 46, 146, 1, '5130000.00', '5130000.00', '2025-04-03 14:46:40', '2025-04-03 14:46:40'),
(120, 46, 178, 3, '4050000.00', '12150000.00', '2025-04-03 14:46:40', '2025-04-03 14:46:40'),
(121, 46, 152, 2, '3030000.00', '6060000.00', '2025-04-03 14:46:40', '2025-04-03 14:46:40'),
(122, 47, 192, 3, '700000.00', '2100000.00', '2025-04-03 14:46:40', '2025-04-03 14:46:40'),
(123, 47, 83, 1, '2560000.00', '2560000.00', '2025-04-03 14:46:40', '2025-04-03 14:46:40'),
(124, 47, 152, 3, '3030000.00', '9090000.00', '2025-04-03 14:46:40', '2025-04-03 14:46:40'),
(125, 48, 109, 5, '3260000.00', '16300000.00', '2025-04-03 14:46:40', '2025-04-03 14:46:40'),
(126, 48, 144, 3, '1000000.00', '3000000.00', '2025-04-03 14:46:40', '2025-04-03 14:46:40'),
(127, 48, 13, 1, '1360000.00', '1360000.00', '2025-04-03 14:46:40', '2025-04-03 14:46:40'),
(128, 48, 44, 3, '1960000.00', '5880000.00', '2025-04-03 14:46:40', '2025-04-03 14:46:40'),
(129, 49, 144, 4, '1000000.00', '4000000.00', '2025-04-03 14:46:40', '2025-04-03 14:46:40'),
(130, 50, 117, 3, '4450000.00', '13350000.00', '2025-04-03 14:46:40', '2025-04-03 14:46:40'),
(131, 50, 61, 2, '4120000.00', '8240000.00', '2025-04-03 14:46:40', '2025-04-03 14:46:40'),
(132, 51, 202, 2, '3580000.00', '7160000.00', '2025-04-03 14:46:40', '2025-04-03 14:46:40'),
(133, 51, 13, 5, '1360000.00', '6800000.00', '2025-04-03 14:46:40', '2025-04-03 14:46:40'),
(134, 51, 210, 3, '4880000.00', '14640000.00', '2025-04-03 14:46:40', '2025-04-03 14:46:40'),
(135, 52, 201, 2, '3590000.00', '7180000.00', '2025-04-03 14:46:40', '2025-04-03 14:46:40'),
(136, 52, 139, 1, '4500000.00', '4500000.00', '2025-04-03 14:46:40', '2025-04-03 14:46:40'),
(137, 53, 84, 2, '2690000.00', '5380000.00', '2025-04-03 14:46:40', '2025-04-03 14:46:40'),
(138, 53, 143, 5, '970000.00', '4850000.00', '2025-04-03 14:46:40', '2025-04-03 14:46:40'),
(139, 53, 176, 4, '4230000.00', '16920000.00', '2025-04-03 14:46:40', '2025-04-03 14:46:40'),
(140, 54, 186, 1, '840000.00', '840000.00', '2025-04-03 14:46:40', '2025-04-03 14:46:40'),
(141, 54, 116, 1, '4400000.00', '4400000.00', '2025-04-03 14:46:40', '2025-04-03 14:46:40'),
(142, 54, 96, 2, '3250000.00', '6500000.00', '2025-04-03 14:46:40', '2025-04-03 14:46:40'),
(143, 55, 14, 4, '1160000.00', '4640000.00', '2025-04-03 14:46:40', '2025-04-03 14:46:40'),
(144, 55, 38, 4, '4070000.00', '16280000.00', '2025-04-03 14:46:40', '2025-04-03 14:46:40'),
(145, 56, 234, 2, '4210000.00', '8420000.00', '2025-04-03 14:46:40', '2025-04-03 14:46:40'),
(146, 56, 177, 4, '4040000.00', '16160000.00', '2025-04-03 14:46:40', '2025-04-03 14:46:40'),
(147, 56, 39, 1, '4310000.00', '4310000.00', '2025-04-03 14:46:40', '2025-04-03 14:46:40'),
(148, 56, 146, 4, '5130000.00', '20520000.00', '2025-04-03 14:46:40', '2025-04-03 14:46:40'),
(149, 57, 54, 4, '4190000.00', '16760000.00', '2025-04-03 14:46:40', '2025-04-03 14:46:40'),
(150, 57, 113, 1, '1610000.00', '1610000.00', '2025-04-03 14:46:40', '2025-04-03 14:46:40'),
(151, 57, 232, 4, '3920000.00', '15680000.00', '2025-04-03 14:46:40', '2025-04-03 14:46:40'),
(152, 57, 224, 2, '1150000.00', '2300000.00', '2025-04-03 14:46:40', '2025-04-03 14:46:40'),
(153, 57, 151, 5, '2980000.00', '14900000.00', '2025-04-03 14:46:40', '2025-04-03 14:46:40'),
(154, 58, 111, 1, '1710000.00', '1710000.00', '2025-04-03 14:46:40', '2025-04-03 14:46:40'),
(155, 58, 45, 3, '1910000.00', '5730000.00', '2025-04-03 14:46:40', '2025-04-03 14:46:40'),
(156, 59, 180, 4, '3900000.00', '15600000.00', '2025-04-03 14:46:40', '2025-04-03 14:46:40'),
(157, 59, 47, 4, '3010000.00', '12040000.00', '2025-04-03 14:46:40', '2025-04-03 14:46:40'),
(158, 59, 158, 5, '3240000.00', '16200000.00', '2025-04-03 14:46:40', '2025-04-03 14:46:40'),
(159, 60, 137, 3, '4310000.00', '12930000.00', '2025-04-03 14:46:40', '2025-04-03 14:46:40'),
(160, 60, 155, 2, '2860000.00', '5720000.00', '2025-04-03 14:46:40', '2025-04-03 14:46:40'),
(161, 60, 43, 2, '1910000.00', '3820000.00', '2025-04-03 14:46:40', '2025-04-03 14:46:40'),
(162, 61, 174, 5, '3290000.00', '16450000.00', '2025-04-03 14:46:40', '2025-04-03 14:46:40'),
(163, 61, 84, 5, '2690000.00', '13450000.00', '2025-04-03 14:46:40', '2025-04-03 14:46:40'),
(164, 62, 178, 2, '4050000.00', '8100000.00', '2025-04-03 14:46:40', '2025-04-03 14:46:40'),
(165, 62, 170, 3, '2560000.00', '7680000.00', '2025-04-03 14:46:40', '2025-04-03 14:46:40'),
(166, 63, 193, 5, '690000.00', '3450000.00', '2025-04-03 14:46:40', '2025-04-03 14:46:40'),
(167, 63, 220, 2, '2340000.00', '4680000.00', '2025-04-03 14:46:40', '2025-04-03 14:46:40'),
(168, 63, 84, 5, '2690000.00', '13450000.00', '2025-04-03 14:46:40', '2025-04-03 14:46:40'),
(169, 63, 60, 1, '940000.00', '940000.00', '2025-04-03 14:46:40', '2025-04-03 14:46:40'),
(170, 64, 178, 5, '4050000.00', '20250000.00', '2025-04-03 14:46:40', '2025-04-03 14:46:40'),
(171, 64, 218, 4, '2400000.00', '9600000.00', '2025-04-03 14:46:40', '2025-04-03 14:46:40'),
(172, 64, 175, 2, '3410000.00', '6820000.00', '2025-04-03 14:46:40', '2025-04-03 14:46:40'),
(173, 65, 72, 5, '2300000.00', '11500000.00', '2025-04-03 14:46:40', '2025-04-03 14:46:40'),
(174, 65, 238, 1, '3600000.00', '3600000.00', '2025-04-03 14:46:40', '2025-04-03 14:46:40'),
(175, 65, 147, 4, '4920000.00', '19680000.00', '2025-04-03 14:46:40', '2025-04-03 14:46:40'),
(176, 66, 29, 4, '110000.00', '440000.00', '2025-04-03 14:46:40', '2025-04-03 14:46:40'),
(177, 67, 186, 4, '840000.00', '3360000.00', '2025-04-03 14:46:40', '2025-04-03 14:46:40'),
(178, 68, 223, 1, '1170000.00', '1170000.00', '2025-04-03 14:46:40', '2025-04-03 14:46:40'),
(179, 68, 83, 2, '2560000.00', '5120000.00', '2025-04-03 14:46:40', '2025-04-03 14:46:40'),
(180, 68, 227, 3, '2170000.00', '6510000.00', '2025-04-03 14:46:40', '2025-04-03 14:46:40'),
(181, 69, 82, 4, '2810000.00', '11240000.00', '2025-04-03 14:46:40', '2025-04-03 14:46:40'),
(182, 69, 219, 3, '2470000.00', '7410000.00', '2025-04-03 14:46:40', '2025-04-03 14:46:40'),
(183, 70, 92, 5, '2620000.00', '13100000.00', '2025-04-03 14:46:40', '2025-04-03 14:46:40'),
(184, 71, 167, 3, '2550000.00', '7650000.00', '2025-04-03 14:46:40', '2025-04-03 14:46:40'),
(185, 72, 177, 4, '4040000.00', '16160000.00', '2025-04-03 14:46:40', '2025-04-03 14:46:40'),
(187, 73, 82, 1, '2810000.00', '2810000.00', '2025-04-03 14:46:40', '2025-04-03 14:46:40'),
(188, 73, 240, 1, '3650000.00', '3650000.00', '2025-04-03 14:46:40', '2025-04-03 14:46:40'),
(189, 73, 128, 5, '4840000.00', '24200000.00', '2025-04-03 14:46:40', '2025-04-03 14:46:40'),
(190, 73, 92, 5, '2620000.00', '13100000.00', '2025-04-03 14:46:40', '2025-04-03 14:46:40'),
(191, 74, 125, 4, '2490000.00', '9960000.00', '2025-04-03 14:46:40', '2025-04-03 14:46:40'),
(192, 75, 116, 3, '4400000.00', '13200000.00', '2025-04-03 14:46:40', '2025-04-03 14:46:40'),
(193, 76, 162, 4, '1190000.00', '4760000.00', '2025-04-03 14:46:40', '2025-04-03 14:46:40'),
(194, 77, 129, 5, '4810000.00', '24050000.00', '2025-04-03 14:46:40', '2025-04-03 14:46:40'),
(195, 77, 88, 2, '4580000.00', '9160000.00', '2025-04-03 14:46:40', '2025-04-03 14:46:40'),
(196, 77, 184, 5, '2820000.00', '14100000.00', '2025-04-03 14:46:40', '2025-04-03 14:46:40'),
(197, 78, 126, 5, '4520000.00', '22600000.00', '2025-04-03 14:46:40', '2025-04-03 14:46:40'),
(198, 79, 8, 4, '740000.00', '2960000.00', '2025-04-03 14:46:40', '2025-04-03 14:46:40'),
(199, 79, 175, 1, '3410000.00', '3410000.00', '2025-04-03 14:46:40', '2025-04-03 14:46:40'),
(200, 80, 33, 4, '3790000.00', '15160000.00', '2025-04-03 14:46:40', '2025-04-03 14:46:40'),
(201, 80, 41, 4, '2140000.00', '8560000.00', '2025-04-03 14:46:40', '2025-04-03 14:46:40'),
(202, 81, 65, 2, '4050000.00', '8100000.00', '2025-04-03 14:46:40', '2025-04-03 14:46:40'),
(203, 82, 168, 2, '2420000.00', '4840000.00', '2025-04-03 14:46:41', '2025-04-03 14:46:41'),
(204, 82, 70, 3, '4150000.00', '12450000.00', '2025-04-03 14:46:41', '2025-04-03 14:46:41'),
(205, 82, 176, 5, '4230000.00', '21150000.00', '2025-04-03 14:46:41', '2025-04-03 14:46:41'),
(206, 83, 226, 2, '1970000.00', '3940000.00', '2025-04-03 14:46:41', '2025-04-03 14:46:41'),
(207, 83, 92, 5, '2620000.00', '13100000.00', '2025-04-03 14:46:41', '2025-04-03 14:46:41'),
(208, 83, 15, 4, '1060000.00', '4240000.00', '2025-04-03 14:46:41', '2025-04-03 14:46:41'),
(209, 83, 152, 1, '3030000.00', '3030000.00', '2025-04-03 14:46:41', '2025-04-03 14:46:41'),
(210, 84, 52, 4, '4050000.00', '16200000.00', '2025-04-03 14:46:41', '2025-04-03 14:46:41'),
(211, 85, 208, 2, '4890000.00', '9780000.00', '2025-04-03 14:46:41', '2025-04-03 14:46:41'),
(212, 85, 193, 5, '690000.00', '3450000.00', '2025-04-03 14:46:41', '2025-04-03 14:46:41'),
(213, 86, 226, 4, '1970000.00', '7880000.00', '2025-04-03 14:46:41', '2025-04-03 14:46:41'),
(214, 86, 34, 4, '3920000.00', '15680000.00', '2025-04-03 14:46:41', '2025-04-03 14:46:41'),
(215, 86, 10, 3, '430000.00', '1290000.00', '2025-04-03 14:46:41', '2025-04-03 14:46:41'),
(216, 87, 145, 5, '800000.00', '4000000.00', '2025-04-03 14:46:41', '2025-04-03 14:46:41'),
(217, 87, 42, 5, '1890000.00', '9450000.00', '2025-04-03 14:46:41', '2025-04-03 14:46:41'),
(218, 88, 223, 1, '1170000.00', '1170000.00', '2025-04-03 14:46:41', '2025-04-03 14:46:41'),
(219, 88, 194, 5, '640000.00', '3200000.00', '2025-04-03 14:46:41', '2025-04-03 14:46:41'),
(220, 88, 189, 4, '650000.00', '2600000.00', '2025-04-03 14:46:41', '2025-04-03 14:46:41'),
(221, 88, 140, 5, '4410000.00', '22050000.00', '2025-04-03 14:46:41', '2025-04-03 14:46:41'),
(222, 89, 65, 1, '4050000.00', '4050000.00', '2025-04-03 14:46:41', '2025-04-03 14:46:41'),
(223, 90, 26, 3, '470000.00', '1410000.00', '2025-04-03 14:46:41', '2025-04-03 14:46:41'),
(224, 90, 37, 3, '4410000.00', '13230000.00', '2025-04-03 14:46:41', '2025-04-03 14:46:41'),
(225, 91, 37, 2, '4410000.00', '8820000.00', '2025-04-03 14:46:41', '2025-04-03 14:46:41'),
(226, 92, 195, 2, '440000.00', '880000.00', '2025-04-03 14:46:41', '2025-04-03 14:46:41'),
(227, 93, 146, 5, '5130000.00', '25650000.00', '2025-04-03 14:46:41', '2025-04-03 14:46:41'),
(228, 93, 187, 1, '770000.00', '770000.00', '2025-04-03 14:46:41', '2025-04-03 14:46:41'),
(229, 94, 225, 3, '1060000.00', '3180000.00', '2025-04-03 14:46:41', '2025-04-03 14:46:41'),
(230, 94, 173, 4, '3550000.00', '14200000.00', '2025-04-03 14:46:41', '2025-04-03 14:46:41'),
(231, 94, 98, 5, '3620000.00', '18100000.00', '2025-04-03 14:46:41', '2025-04-03 14:46:41'),
(232, 95, 175, 4, '3410000.00', '13640000.00', '2025-04-03 14:46:41', '2025-04-03 14:46:41'),
(233, 96, 137, 3, '4310000.00', '12930000.00', '2025-04-03 14:46:41', '2025-04-03 14:46:41'),
(234, 96, 147, 3, '4920000.00', '14760000.00', '2025-04-03 14:46:41', '2025-04-03 14:46:41'),
(235, 97, 154, 3, '3100000.00', '9300000.00', '2025-04-03 14:46:41', '2025-04-03 14:46:41'),
(236, 97, 205, 5, '3770000.00', '18850000.00', '2025-04-03 14:46:41', '2025-04-03 14:46:41'),
(237, 98, 142, 5, '1200000.00', '6000000.00', '2025-04-03 14:46:41', '2025-04-03 14:46:41'),
(238, 98, 198, 1, '4700000.00', '4700000.00', '2025-04-03 14:46:41', '2025-04-03 14:46:41'),
(239, 98, 176, 3, '4230000.00', '12690000.00', '2025-04-03 14:46:41', '2025-04-03 14:46:41'),
(240, 99, 234, 3, '4210000.00', '12630000.00', '2025-04-03 14:46:41', '2025-04-03 14:46:41'),
(241, 99, 92, 5, '2620000.00', '13100000.00', '2025-04-03 14:46:41', '2025-04-03 14:46:41'),
(242, 100, 114, 2, '1490000.00', '2980000.00', '2025-04-03 14:46:41', '2025-04-03 14:46:41'),
(243, 100, 108, 4, '3300000.00', '13200000.00', '2025-04-03 14:46:41', '2025-04-03 14:46:41'),
(244, 100, 10, 4, '430000.00', '1720000.00', '2025-04-03 14:46:41', '2025-04-03 14:46:41'),
(245, 100, 237, 5, '3810000.00', '19050000.00', '2025-04-03 14:46:41', '2025-04-03 14:46:41'),
(246, 101, 182, 4, '2590000.00', '10360000.00', '2025-04-03 14:46:41', '2025-04-03 14:46:41'),
(247, 101, 72, 4, '2300000.00', '9200000.00', '2025-04-03 14:46:41', '2025-04-03 14:46:41'),
(248, 102, 176, 2, '4230000.00', '8460000.00', '2025-04-03 14:46:41', '2025-04-03 14:46:41'),
(249, 102, 97, 3, '3670000.00', '11010000.00', '2025-04-03 14:46:41', '2025-04-03 14:46:41'),
(250, 102, 217, 4, '2470000.00', '9880000.00', '2025-04-03 14:46:41', '2025-04-03 14:46:41'),
(251, 102, 29, 3, '110000.00', '330000.00', '2025-04-03 14:46:41', '2025-04-03 14:46:41'),
(252, 103, 119, 5, '4660000.00', '23300000.00', '2025-04-03 14:46:41', '2025-04-03 14:46:41'),
(253, 103, 233, 3, '4150000.00', '12450000.00', '2025-04-03 14:46:41', '2025-04-03 14:46:41'),
(254, 104, 145, 4, '800000.00', '3200000.00', '2025-04-03 14:46:41', '2025-04-03 14:46:41'),
(255, 104, 227, 4, '2170000.00', '8680000.00', '2025-04-03 14:46:41', '2025-04-03 14:46:41'),
(256, 105, 167, 5, '2550000.00', '12750000.00', '2025-04-03 14:46:41', '2025-04-03 14:46:41'),
(258, 105, 126, 5, '4520000.00', '22600000.00', '2025-04-03 14:46:41', '2025-04-03 14:46:41'),
(259, 106, 86, 3, '4790000.00', '14370000.00', '2025-04-03 14:46:41', '2025-04-03 14:46:41'),
(260, 106, 236, 2, '4020000.00', '8040000.00', '2025-04-03 14:46:41', '2025-04-03 14:46:41'),
(261, 107, 235, 4, '3960000.00', '15840000.00', '2025-04-03 14:46:41', '2025-04-03 14:46:41'),
(262, 107, 199, 2, '4760000.00', '9520000.00', '2025-04-03 14:46:41', '2025-04-03 14:46:41'),
(263, 107, 210, 3, '4880000.00', '14640000.00', '2025-04-03 14:46:41', '2025-04-03 14:46:41'),
(264, 107, 65, 3, '4050000.00', '12150000.00', '2025-04-03 14:46:41', '2025-04-03 14:46:41'),
(265, 107, 117, 4, '4450000.00', '17800000.00', '2025-04-03 14:46:41', '2025-04-03 14:46:41'),
(266, 108, 174, 4, '3290000.00', '13160000.00', '2025-04-03 14:46:41', '2025-04-03 14:46:41'),
(267, 108, 57, 1, '940000.00', '940000.00', '2025-04-03 14:46:41', '2025-04-03 14:46:41'),
(268, 109, 42, 1, '1890000.00', '1890000.00', '2025-04-03 14:46:41', '2025-04-03 14:46:41'),
(269, 109, 121, 1, '2310000.00', '2310000.00', '2025-04-03 14:46:41', '2025-04-03 14:46:41'),
(270, 109, 77, 2, '4530000.00', '9060000.00', '2025-04-03 14:46:41', '2025-04-03 14:46:41'),
(271, 110, 61, 4, '4120000.00', '16480000.00', '2025-04-03 14:46:41', '2025-04-03 14:46:41'),
(272, 111, 206, 3, '4850000.00', '14550000.00', '2025-04-03 14:46:41', '2025-04-03 14:46:41'),
(273, 111, 40, 1, '4390000.00', '4390000.00', '2025-04-03 14:46:41', '2025-04-03 14:46:41'),
(274, 112, 18, 3, '1920000.00', '5760000.00', '2025-04-03 14:46:41', '2025-04-03 14:46:41'),
(275, 113, 31, 4, '3950000.00', '15800000.00', '2025-04-03 14:46:41', '2025-04-03 14:46:41'),
(276, 113, 61, 3, '4120000.00', '12360000.00', '2025-04-03 14:46:41', '2025-04-03 14:46:41'),
(277, 113, 50, 2, '3110000.00', '6220000.00', '2025-04-03 14:46:41', '2025-04-03 14:46:41'),
(278, 113, 18, 5, '1920000.00', '9600000.00', '2025-04-03 14:46:41', '2025-04-03 14:46:41'),
(279, 114, 148, 4, '5070000.00', '20280000.00', '2025-04-03 14:46:41', '2025-04-03 14:46:41'),
(280, 114, 160, 2, '3240000.00', '6480000.00', '2025-04-03 14:46:41', '2025-04-03 14:46:41'),
(281, 114, 201, 1, '3590000.00', '3590000.00', '2025-04-03 14:46:41', '2025-04-03 14:46:41'),
(283, 115, 198, 5, '4700000.00', '23500000.00', '2025-04-03 14:46:41', '2025-04-03 14:46:41'),
(284, 116, 109, 2, '3260000.00', '6520000.00', '2025-04-03 14:46:41', '2025-04-03 14:46:41'),
(285, 116, 87, 5, '4990000.00', '24950000.00', '2025-04-03 14:46:41', '2025-04-03 14:46:41'),
(286, 117, 197, 3, '4790000.00', '14370000.00', '2025-04-03 14:46:41', '2025-04-03 14:46:41'),
(287, 118, 176, 2, '4230000.00', '8460000.00', '2025-04-03 14:46:41', '2025-04-03 14:46:41'),
(288, 118, 222, 5, '1180000.00', '5900000.00', '2025-04-03 14:46:41', '2025-04-03 14:46:41'),
(289, 118, 50, 5, '3110000.00', '15550000.00', '2025-04-03 14:46:41', '2025-04-03 14:46:41'),
(290, 119, 181, 1, '2410000.00', '2410000.00', '2025-04-03 14:46:41', '2025-04-03 14:46:41'),
(291, 119, 54, 1, '4190000.00', '4190000.00', '2025-04-03 14:46:41', '2025-04-03 14:46:41'),
(292, 119, 128, 1, '4840000.00', '4840000.00', '2025-04-03 14:46:41', '2025-04-03 14:46:41'),
(293, 119, 106, 2, '3420000.00', '6840000.00', '2025-04-03 14:46:41', '2025-04-03 14:46:41'),
(294, 120, 179, 3, '3920000.00', '11760000.00', '2025-04-03 14:46:41', '2025-04-03 14:46:41'),
(295, 120, 58, 1, '1020000.00', '1020000.00', '2025-04-03 14:46:41', '2025-04-03 14:46:41'),
(296, 120, 189, 5, '650000.00', '3250000.00', '2025-04-03 14:46:41', '2025-04-03 14:46:41'),
(297, 121, 232, 5, '3920000.00', '19600000.00', '2025-04-03 14:46:41', '2025-04-03 14:46:41'),
(298, 121, 117, 2, '4450000.00', '8900000.00', '2025-04-03 14:46:41', '2025-04-03 14:46:41'),
(299, 121, 217, 2, '2470000.00', '4940000.00', '2025-04-03 14:46:41', '2025-04-03 14:46:41'),
(300, 122, 141, 2, '1050000.00', '2100000.00', '2025-04-03 14:46:41', '2025-04-03 14:46:41'),
(301, 122, 72, 4, '2300000.00', '9200000.00', '2025-04-03 14:46:41', '2025-04-03 14:46:41'),
(302, 122, 99, 2, '3430000.00', '6860000.00', '2025-04-03 14:46:41', '2025-04-03 14:46:41'),
(303, 123, 121, 2, '2310000.00', '4620000.00', '2025-04-03 14:46:41', '2025-04-03 14:46:41'),
(304, 123, 57, 2, '940000.00', '1880000.00', '2025-04-03 14:46:41', '2025-04-03 14:46:41'),
(305, 123, 236, 4, '4020000.00', '16080000.00', '2025-04-03 14:46:41', '2025-04-03 14:46:41'),
(306, 124, 76, 3, '4200000.00', '12600000.00', '2025-04-03 14:46:41', '2025-04-03 14:46:41'),
(307, 125, 63, 5, '4140000.00', '20700000.00', '2025-04-03 14:46:41', '2025-04-03 14:46:41'),
(308, 125, 24, 4, '1150000.00', '4600000.00', '2025-04-03 14:46:41', '2025-04-03 14:46:41'),
(310, 126, 112, 5, '1380000.00', '6900000.00', '2025-04-03 14:46:41', '2025-04-03 14:46:41'),
(311, 126, 31, 1, '3950000.00', '3950000.00', '2025-04-03 14:46:41', '2025-04-03 14:46:41'),
(312, 127, 228, 2, '1920000.00', '3840000.00', '2025-04-03 14:46:41', '2025-04-03 14:46:41'),
(313, 127, 92, 3, '2620000.00', '7860000.00', '2025-04-03 14:46:41', '2025-04-03 14:46:41'),
(314, 128, 146, 1, '5130000.00', '5130000.00', '2025-04-03 14:46:41', '2025-04-03 14:46:41'),
(315, 128, 218, 5, '2400000.00', '12000000.00', '2025-04-03 14:46:41', '2025-04-03 14:46:41'),
(316, 128, 197, 3, '4790000.00', '14370000.00', '2025-04-03 14:46:41', '2025-04-03 14:46:41'),
(317, 128, 95, 3, '2390000.00', '7170000.00', '2025-04-03 14:46:41', '2025-04-03 14:46:41'),
(318, 128, 21, 5, '1250000.00', '6250000.00', '2025-04-03 14:46:41', '2025-04-03 14:46:41'),
(319, 129, 6, 4, '560000.00', '2240000.00', '2025-04-03 14:46:41', '2025-04-03 14:46:41'),
(321, 130, 95, 2, '2390000.00', '4780000.00', '2025-04-03 14:46:41', '2025-04-03 14:46:41'),
(322, 130, 201, 5, '3590000.00', '17950000.00', '2025-04-03 14:46:41', '2025-04-03 14:46:41'),
(323, 131, 118, 5, '4240000.00', '21200000.00', '2025-04-03 14:46:41', '2025-04-03 14:46:41'),
(324, 132, 17, 1, '2300000.00', '2300000.00', '2025-04-03 14:46:41', '2025-04-03 14:46:41'),
(325, 132, 155, 2, '2860000.00', '5720000.00', '2025-04-03 14:46:41', '2025-04-03 14:46:41'),
(326, 132, 17, 1, '2300000.00', '2300000.00', '2025-04-03 14:46:41', '2025-04-03 14:46:41'),
(327, 132, 98, 4, '3620000.00', '14480000.00', '2025-04-03 14:46:41', '2025-04-03 14:46:41'),
(328, 132, 211, 4, '2630000.00', '10520000.00', '2025-04-03 14:46:41', '2025-04-03 14:46:41'),
(329, 133, 157, 3, '2980000.00', '8940000.00', '2025-04-03 14:46:41', '2025-04-03 14:46:41'),
(330, 133, 46, 5, '3180000.00', '15900000.00', '2025-04-03 14:46:41', '2025-04-03 14:46:41'),
(331, 133, 114, 1, '1490000.00', '1490000.00', '2025-04-03 14:46:41', '2025-04-03 14:46:41'),
(332, 134, 64, 5, '4220000.00', '21100000.00', '2025-04-03 14:46:41', '2025-04-03 14:46:41'),
(333, 135, 76, 2, '4200000.00', '8400000.00', '2025-04-03 14:46:41', '2025-04-03 14:46:41'),
(334, 136, 90, 1, '4610000.00', '4610000.00', '2025-04-03 14:46:41', '2025-04-03 14:46:41'),
(335, 137, 121, 5, '2310000.00', '11550000.00', '2025-04-03 14:46:41', '2025-04-03 14:46:41'),
(336, 138, 99, 4, '3430000.00', '13720000.00', '2025-04-03 14:46:41', '2025-04-03 14:46:41'),
(337, 138, 53, 2, '4310000.00', '8620000.00', '2025-04-03 14:46:41', '2025-04-03 14:46:41'),
(338, 138, 199, 2, '4760000.00', '9520000.00', '2025-04-03 14:46:41', '2025-04-03 14:46:41'),
(339, 139, 8, 2, '740000.00', '1480000.00', '2025-04-03 14:46:41', '2025-04-03 14:46:41'),
(340, 139, 182, 4, '2590000.00', '10360000.00', '2025-04-03 14:46:41', '2025-04-03 14:46:41'),
(341, 139, 58, 2, '1020000.00', '2040000.00', '2025-04-03 14:46:41', '2025-04-03 14:46:41'),
(342, 140, 192, 3, '700000.00', '2100000.00', '2025-04-03 14:46:42', '2025-04-03 14:46:42'),
(343, 140, 21, 5, '1250000.00', '6250000.00', '2025-04-03 14:46:42', '2025-04-03 14:46:42'),
(344, 141, 102, 4, '5350000.00', '21400000.00', '2025-04-03 14:46:42', '2025-04-03 14:46:42'),
(345, 141, 35, 4, '3660000.00', '14640000.00', '2025-04-03 14:46:42', '2025-04-03 14:46:42'),
(346, 141, 212, 2, '2480000.00', '4960000.00', '2025-04-03 14:46:42', '2025-04-03 14:46:42'),
(347, 142, 164, 4, '1370000.00', '5480000.00', '2025-04-03 14:46:42', '2025-04-03 14:46:42'),
(348, 142, 85, 3, '2860000.00', '8580000.00', '2025-04-03 14:46:42', '2025-04-03 14:46:42'),
(349, 143, 114, 3, '1490000.00', '4470000.00', '2025-04-03 14:46:42', '2025-04-03 14:46:42'),
(350, 143, 226, 5, '1970000.00', '9850000.00', '2025-04-03 14:46:42', '2025-04-03 14:46:42'),
(351, 143, 98, 2, '3620000.00', '7240000.00', '2025-04-03 14:46:42', '2025-04-03 14:46:42'),
(352, 144, 99, 4, '3430000.00', '13720000.00', '2025-04-03 14:46:42', '2025-04-03 14:46:42'),
(354, 145, 127, 1, '4540000.00', '4540000.00', '2025-04-03 14:46:42', '2025-04-03 14:46:42'),
(355, 145, 129, 3, '4810000.00', '14430000.00', '2025-04-03 14:46:42', '2025-04-03 14:46:42'),
(356, 145, 100, 5, '3370000.00', '16850000.00', '2025-04-03 14:46:42', '2025-04-03 14:46:42'),
(357, 146, 24, 2, '1150000.00', '2300000.00', '2025-04-03 14:46:42', '2025-04-03 14:46:42'),
(358, 146, 7, 1, '720000.00', '720000.00', '2025-04-03 14:46:42', '2025-04-03 14:46:42'),
(359, 147, 159, 5, '3270000.00', '16350000.00', '2025-04-03 14:46:42', '2025-04-03 14:46:42'),
(360, 147, 31, 4, '3950000.00', '15800000.00', '2025-04-03 14:46:42', '2025-04-03 14:46:42'),
(361, 147, 208, 5, '4890000.00', '24450000.00', '2025-04-03 14:46:42', '2025-04-03 14:46:42'),
(362, 147, 138, 2, '4610000.00', '9220000.00', '2025-04-03 14:46:42', '2025-04-03 14:46:42'),
(363, 148, 44, 5, '1960000.00', '9800000.00', '2025-04-03 14:46:42', '2025-04-03 14:46:42'),
(365, 149, 80, 2, '4140000.00', '8280000.00', '2025-04-03 14:46:42', '2025-04-03 14:46:42'),
(366, 149, 200, 3, '4860000.00', '14580000.00', '2025-04-03 14:46:42', '2025-04-03 14:46:42'),
(367, 149, 171, 1, '3210000.00', '3210000.00', '2025-04-03 14:46:42', '2025-04-03 14:46:42'),
(368, 149, 45, 3, '1910000.00', '5730000.00', '2025-04-03 14:46:42', '2025-04-03 14:46:42'),
(369, 150, 28, 1, '540000.00', '540000.00', '2025-04-03 14:46:42', '2025-04-03 14:46:42'),
(370, 150, 70, 5, '4150000.00', '20750000.00', '2025-04-03 14:46:42', '2025-04-03 14:46:42'),
(371, 150, 191, 1, '350000.00', '350000.00', '2025-04-03 14:46:42', '2025-04-03 14:46:42'),
(372, 150, 215, 3, '2640000.00', '7920000.00', '2025-04-03 14:46:42', '2025-04-03 14:46:42'),
(373, 151, 44, 3, '1960000.00', '5880000.00', '2025-04-03 14:46:42', '2025-04-03 14:46:42'),
(374, 151, 47, 2, '3010000.00', '6020000.00', '2025-04-03 14:46:42', '2025-04-03 14:46:42'),
(375, 151, 183, 1, '2610000.00', '2610000.00', '2025-04-03 14:46:42', '2025-04-03 14:46:42'),
(376, 152, 225, 4, '1060000.00', '4240000.00', '2025-04-03 14:46:42', '2025-04-03 14:46:42'),
(377, 152, 104, 2, '5010000.00', '10020000.00', '2025-04-03 14:46:42', '2025-04-03 14:46:42'),
(378, 152, 107, 5, '3500000.00', '17500000.00', '2025-04-03 14:46:42', '2025-04-03 14:46:42'),
(379, 153, 203, 3, '3890000.00', '11670000.00', '2025-04-03 14:46:42', '2025-04-03 14:46:42'),
(380, 153, 70, 4, '4150000.00', '16600000.00', '2025-04-03 14:46:42', '2025-04-03 14:46:42'),
(381, 154, 240, 1, '3650000.00', '3650000.00', '2025-04-03 14:46:42', '2025-04-03 14:46:42'),
(382, 154, 225, 1, '1060000.00', '1060000.00', '2025-04-03 14:46:42', '2025-04-03 14:46:42'),
(383, 154, 169, 5, '2260000.00', '11300000.00', '2025-04-03 14:46:42', '2025-04-03 14:46:42'),
(384, 155, 140, 5, '4410000.00', '22050000.00', '2025-04-03 14:46:42', '2025-04-03 14:46:42'),
(385, 156, 224, 5, '1150000.00', '5750000.00', '2025-04-03 14:46:42', '2025-04-03 14:46:42'),
(386, 156, 199, 5, '4760000.00', '23800000.00', '2025-04-03 14:46:42', '2025-04-03 14:46:42'),
(387, 156, 121, 5, '2310000.00', '11550000.00', '2025-04-03 14:46:42', '2025-04-03 14:46:42'),
(388, 156, 193, 1, '690000.00', '690000.00', '2025-04-03 14:46:42', '2025-04-03 14:46:42'),
(389, 157, 205, 1, '3770000.00', '3770000.00', '2025-04-03 14:46:42', '2025-04-03 14:46:42'),
(390, 158, 34, 4, '3920000.00', '15680000.00', '2025-04-03 14:46:42', '2025-04-03 14:46:42'),
(391, 158, 21, 1, '1250000.00', '1250000.00', '2025-04-03 14:46:42', '2025-04-03 14:46:42'),
(392, 159, 141, 1, '1050000.00', '1050000.00', '2025-04-03 14:46:42', '2025-04-03 14:46:42'),
(393, 160, 64, 1, '4220000.00', '4220000.00', '2025-04-03 14:46:42', '2025-04-03 14:46:42'),
(394, 160, 208, 2, '4890000.00', '9780000.00', '2025-04-03 14:46:42', '2025-04-03 14:46:42'),
(395, 161, 211, 3, '2630000.00', '7890000.00', '2025-04-03 14:46:42', '2025-04-03 14:46:42'),
(396, 162, 84, 2, '2690000.00', '5380000.00', '2025-04-03 14:46:42', '2025-04-03 14:46:42'),
(397, 162, 206, 1, '4850000.00', '4850000.00', '2025-04-03 14:46:42', '2025-04-03 14:46:42'),
(398, 163, 153, 3, '2920000.00', '8760000.00', '2025-04-03 14:46:42', '2025-04-03 14:46:42'),
(399, 163, 236, 1, '4020000.00', '4020000.00', '2025-04-03 14:46:42', '2025-04-03 14:46:42'),
(400, 164, 176, 3, '4230000.00', '12690000.00', '2025-04-03 14:46:42', '2025-04-03 14:46:42'),
(401, 165, 130, 2, '4620000.00', '9240000.00', '2025-04-03 14:46:42', '2025-04-03 14:46:42'),
(402, 165, 106, 2, '3420000.00', '6840000.00', '2025-04-03 14:46:42', '2025-04-03 14:46:42'),
(403, 166, 208, 3, '4890000.00', '14670000.00', '2025-04-03 14:46:42', '2025-04-03 14:46:42'),
(404, 166, 210, 1, '4880000.00', '4880000.00', '2025-04-03 14:46:42', '2025-04-03 14:46:42'),
(405, 166, 192, 1, '700000.00', '700000.00', '2025-04-03 14:46:42', '2025-04-03 14:46:42'),
(406, 167, 206, 5, '4850000.00', '24250000.00', '2025-04-03 14:46:42', '2025-04-03 14:46:42'),
(407, 167, 93, 2, '2630000.00', '5260000.00', '2025-04-03 14:46:42', '2025-04-03 14:46:42'),
(408, 167, 223, 2, '1170000.00', '2340000.00', '2025-04-03 14:46:42', '2025-04-03 14:46:42'),
(409, 167, 43, 5, '1910000.00', '9550000.00', '2025-04-03 14:46:42', '2025-04-03 14:46:42'),
(410, 168, 225, 5, '1060000.00', '5300000.00', '2025-04-03 14:46:42', '2025-04-03 14:46:42'),
(411, 168, 154, 4, '3100000.00', '12400000.00', '2025-04-03 14:46:42', '2025-04-03 14:46:42'),
(412, 169, 115, 5, '1780000.00', '8900000.00', '2025-04-03 14:46:42', '2025-04-03 14:46:42'),
(413, 169, 102, 3, '5350000.00', '16050000.00', '2025-04-03 14:46:42', '2025-04-03 14:46:42'),
(414, 169, 46, 1, '3180000.00', '3180000.00', '2025-04-03 14:46:42', '2025-04-03 14:46:42'),
(415, 169, 208, 3, '4890000.00', '14670000.00', '2025-04-03 14:46:42', '2025-04-03 14:46:42'),
(416, 170, 49, 4, '3090000.00', '12360000.00', '2025-04-03 14:46:42', '2025-04-03 14:46:42'),
(417, 170, 198, 2, '4700000.00', '9400000.00', '2025-04-03 14:46:42', '2025-04-03 14:46:42'),
(418, 171, 192, 3, '700000.00', '2100000.00', '2025-04-03 14:46:42', '2025-04-03 14:46:42'),
(419, 171, 196, 5, '4690000.00', '23450000.00', '2025-04-03 14:46:42', '2025-04-03 14:46:42'),
(420, 172, 64, 4, '4220000.00', '16880000.00', '2025-04-03 14:46:42', '2025-04-03 14:46:42'),
(421, 173, 237, 2, '3810000.00', '7620000.00', '2025-04-03 14:46:42', '2025-04-03 14:46:42'),
(422, 173, 61, 4, '4120000.00', '16480000.00', '2025-04-03 14:46:42', '2025-04-03 14:46:42'),
(423, 173, 103, 4, '5410000.00', '21640000.00', '2025-04-03 14:46:42', '2025-04-03 14:46:42'),
(424, 173, 105, 3, '5260000.00', '15780000.00', '2025-04-03 14:46:42', '2025-04-03 14:46:42'),
(425, 173, 67, 5, '4490000.00', '22450000.00', '2025-04-03 14:46:42', '2025-04-03 14:46:42'),
(426, 174, 48, 2, '3080000.00', '6160000.00', '2025-04-03 14:46:42', '2025-04-03 14:46:42'),
(427, 174, 109, 2, '3260000.00', '6520000.00', '2025-04-03 14:46:42', '2025-04-03 14:46:42'),
(428, 174, 166, 2, '2130000.00', '4260000.00', '2025-04-03 14:46:42', '2025-04-03 14:46:42'),
(429, 175, 76, 2, '4200000.00', '8400000.00', '2025-04-03 14:46:42', '2025-04-03 14:46:42'),
(430, 175, 53, 1, '4310000.00', '4310000.00', '2025-04-03 14:46:42', '2025-04-03 14:46:42'),
(431, 176, 79, 2, '4510000.00', '9020000.00', '2025-04-03 14:46:42', '2025-04-03 14:46:42'),
(432, 176, 65, 3, '4050000.00', '12150000.00', '2025-04-03 14:46:42', '2025-04-03 14:46:42'),
(433, 176, 120, 3, '4390000.00', '13170000.00', '2025-04-03 14:46:42', '2025-04-03 14:46:42'),
(434, 176, 50, 4, '3110000.00', '12440000.00', '2025-04-03 14:46:42', '2025-04-03 14:46:42'),
(435, 177, 235, 3, '3960000.00', '11880000.00', '2025-04-03 14:46:42', '2025-04-03 14:46:42'),
(436, 177, 152, 1, '3030000.00', '3030000.00', '2025-04-03 14:46:42', '2025-04-03 14:46:42'),
(438, 178, 128, 1, '4840000.00', '4840000.00', '2025-04-03 14:46:42', '2025-04-03 14:46:42'),
(439, 178, 17, 4, '2300000.00', '9200000.00', '2025-04-03 14:46:42', '2025-04-03 14:46:42'),
(440, 179, 84, 2, '2690000.00', '5380000.00', '2025-04-03 14:46:42', '2025-04-03 14:46:42'),
(441, 179, 115, 1, '1780000.00', '1780000.00', '2025-04-03 14:46:42', '2025-04-03 14:46:42'),
(442, 179, 49, 3, '3090000.00', '9270000.00', '2025-04-03 14:46:42', '2025-04-03 14:46:42'),
(443, 180, 116, 4, '4400000.00', '17600000.00', '2025-04-03 14:46:42', '2025-04-03 14:46:42'),
(444, 180, 56, 1, '1160000.00', '1160000.00', '2025-04-03 14:46:42', '2025-04-03 14:46:42'),
(445, 181, 168, 4, '2420000.00', '9680000.00', '2025-04-03 14:46:42', '2025-04-03 14:46:42'),
(446, 181, 167, 3, '2550000.00', '7650000.00', '2025-04-03 14:46:42', '2025-04-03 14:46:42'),
(447, 181, 225, 1, '1060000.00', '1060000.00', '2025-04-03 14:46:42', '2025-04-03 14:46:42'),
(449, 182, 66, 5, '4340000.00', '21700000.00', '2025-04-03 14:46:42', '2025-04-03 14:46:42'),
(450, 182, 69, 3, '4180000.00', '12540000.00', '2025-04-03 14:46:42', '2025-04-03 14:46:42'),
(451, 183, 10, 5, '430000.00', '2150000.00', '2025-04-03 14:46:42', '2025-04-03 14:46:42'),
(452, 183, 190, 4, '830000.00', '3320000.00', '2025-04-03 14:46:42', '2025-04-03 14:46:42'),
(453, 183, 219, 1, '2470000.00', '2470000.00', '2025-04-03 14:46:42', '2025-04-03 14:46:42'),
(454, 183, 162, 1, '1190000.00', '1190000.00', '2025-04-03 14:46:42', '2025-04-03 14:46:42'),
(455, 184, 41, 1, '2140000.00', '2140000.00', '2025-04-03 14:46:42', '2025-04-03 14:46:42'),
(456, 184, 46, 4, '3180000.00', '12720000.00', '2025-04-03 14:46:42', '2025-04-03 14:46:42'),
(457, 184, 137, 4, '4310000.00', '17240000.00', '2025-04-03 14:46:42', '2025-04-03 14:46:42'),
(458, 184, 179, 4, '3920000.00', '15680000.00', '2025-04-03 14:46:42', '2025-04-03 14:46:42'),
(459, 185, 6, 1, '560000.00', '560000.00', '2025-04-03 14:46:42', '2025-04-03 14:46:42'),
(461, 186, 211, 3, '2630000.00', '7890000.00', '2025-04-03 14:46:42', '2025-04-03 14:46:42'),
(462, 187, 211, 5, '2630000.00', '13150000.00', '2025-04-03 14:46:42', '2025-04-03 14:46:42'),
(463, 187, 30, 5, '120000.00', '600000.00', '2025-04-03 14:46:42', '2025-04-03 14:46:42'),
(464, 188, 33, 4, '3790000.00', '15160000.00', '2025-04-03 14:46:42', '2025-04-03 14:46:42'),
(465, 188, 17, 3, '2300000.00', '6900000.00', '2025-04-03 14:46:42', '2025-04-03 14:46:42'),
(466, 188, 213, 5, '2370000.00', '11850000.00', '2025-04-03 14:46:42', '2025-04-03 14:46:42'),
(467, 188, 64, 1, '4220000.00', '4220000.00', '2025-04-03 14:46:42', '2025-04-03 14:46:42'),
(468, 189, 155, 3, '2860000.00', '8580000.00', '2025-04-03 14:46:42', '2025-04-03 14:46:42'),
(469, 189, 151, 3, '2980000.00', '8940000.00', '2025-04-03 14:46:42', '2025-04-03 14:46:42'),
(470, 190, 112, 2, '1380000.00', '2760000.00', '2025-04-03 14:46:42', '2025-04-03 14:46:42'),
(471, 191, 205, 3, '3770000.00', '11310000.00', '2025-04-03 14:46:42', '2025-04-03 14:46:42'),
(472, 191, 58, 1, '1020000.00', '1020000.00', '2025-04-03 14:46:42', '2025-04-03 14:46:42'),
(473, 191, 14, 1, '1160000.00', '1160000.00', '2025-04-03 14:46:42', '2025-04-03 14:46:42'),
(474, 191, 36, 3, '4050000.00', '12150000.00', '2025-04-03 14:46:42', '2025-04-03 14:46:42'),
(475, 192, 89, 2, '4870000.00', '9740000.00', '2025-04-03 14:46:42', '2025-04-03 14:46:42'),
(476, 192, 219, 2, '2470000.00', '4940000.00', '2025-04-03 14:46:42', '2025-04-03 14:46:42'),
(477, 193, 154, 5, '3100000.00', '15500000.00', '2025-04-03 14:46:42', '2025-04-03 14:46:42'),
(478, 193, 31, 4, '3950000.00', '15800000.00', '2025-04-03 14:46:42', '2025-04-03 14:46:42'),
(479, 193, 139, 5, '4500000.00', '22500000.00', '2025-04-03 14:46:42', '2025-04-03 14:46:42'),
(480, 193, 224, 3, '1150000.00', '3450000.00', '2025-04-03 14:46:42', '2025-04-03 14:46:42'),
(481, 194, 119, 4, '4660000.00', '18640000.00', '2025-04-03 14:46:42', '2025-04-03 14:46:42'),
(482, 194, 17, 4, '2300000.00', '9200000.00', '2025-04-03 14:46:42', '2025-04-03 14:46:42'),
(483, 195, 51, 1, '4070000.00', '4070000.00', '2025-04-03 14:46:42', '2025-04-03 14:46:42'),
(484, 195, 38, 1, '4070000.00', '4070000.00', '2025-04-03 14:46:42', '2025-04-03 14:46:42'),
(485, 195, 83, 2, '2560000.00', '5120000.00', '2025-04-03 14:46:42', '2025-04-03 14:46:42'),
(486, 195, 228, 3, '1920000.00', '5760000.00', '2025-04-03 14:46:42', '2025-04-03 14:46:42'),
(487, 196, 128, 3, '4840000.00', '14520000.00', '2025-04-03 14:46:42', '2025-04-03 14:46:42'),
(488, 196, 136, 3, '4400000.00', '13200000.00', '2025-04-03 14:46:42', '2025-04-03 14:46:42'),
(489, 196, 39, 3, '4310000.00', '12930000.00', '2025-04-03 14:46:42', '2025-04-03 14:46:42'),
(490, 197, 58, 1, '1020000.00', '1020000.00', '2025-04-03 14:46:42', '2025-04-03 14:46:42'),
(491, 197, 177, 3, '4040000.00', '12120000.00', '2025-04-03 14:46:42', '2025-04-03 14:46:42'),
(492, 197, 79, 4, '4510000.00', '18040000.00', '2025-04-03 14:46:42', '2025-04-03 14:46:42'),
(493, 198, 12, 5, '1100000.00', '5500000.00', '2025-04-03 14:46:42', '2025-04-03 14:46:42'),
(494, 198, 234, 2, '4210000.00', '8420000.00', '2025-04-03 14:46:42', '2025-04-03 14:46:42'),
(495, 199, 96, 5, '3250000.00', '16250000.00', '2025-04-03 14:46:42', '2025-04-03 14:46:42'),
(496, 199, 178, 3, '4050000.00', '12150000.00', '2025-04-03 14:46:42', '2025-04-03 14:46:42'),
(497, 199, 197, 4, '4790000.00', '19160000.00', '2025-04-03 14:46:42', '2025-04-03 14:46:42'),
(498, 200, 106, 5, '3420000.00', '17100000.00', '2025-04-03 14:46:42', '2025-04-03 14:46:42'),
(499, 201, 105, 3, '5260000.00', '15780000.00', '2025-04-03 14:46:42', '2025-04-03 14:46:42'),
(500, 202, 155, 2, '2860000.00', '5720000.00', '2025-04-03 14:46:42', '2025-04-03 14:46:42'),
(501, 202, 155, 1, '2860000.00', '2860000.00', '2025-04-03 14:46:42', '2025-04-03 14:46:42'),
(502, 203, 162, 5, '1190000.00', '5950000.00', '2025-04-03 14:46:42', '2025-04-03 14:46:42'),
(503, 203, 53, 3, '4310000.00', '12930000.00', '2025-04-03 14:46:42', '2025-04-03 14:46:42'),
(504, 203, 169, 1, '2260000.00', '2260000.00', '2025-04-03 14:46:42', '2025-04-03 14:46:42'),
(505, 203, 237, 1, '3810000.00', '3810000.00', '2025-04-03 14:46:42', '2025-04-03 14:46:42'),
(506, 203, 35, 5, '3660000.00', '18300000.00', '2025-04-03 14:46:42', '2025-04-03 14:46:42'),
(507, 204, 233, 5, '4150000.00', '20750000.00', '2025-04-03 14:46:42', '2025-04-03 14:46:42'),
(508, 204, 28, 4, '540000.00', '2160000.00', '2025-04-03 14:46:42', '2025-04-03 14:46:42'),
(509, 204, 180, 4, '3900000.00', '15600000.00', '2025-04-03 14:46:43', '2025-04-03 14:46:43'),
(510, 204, 82, 5, '2810000.00', '14050000.00', '2025-04-03 14:46:43', '2025-04-03 14:46:43'),
(511, 205, 177, 4, '4040000.00', '16160000.00', '2025-04-03 14:46:43', '2025-04-03 14:46:43'),
(513, 205, 14, 4, '1160000.00', '4640000.00', '2025-04-03 14:46:43', '2025-04-03 14:46:43'),
(514, 205, 188, 5, '930000.00', '4650000.00', '2025-04-03 14:46:43', '2025-04-03 14:46:43'),
(515, 206, 119, 4, '4660000.00', '18640000.00', '2025-04-03 14:46:43', '2025-04-03 14:46:43'),
(516, 206, 63, 3, '4140000.00', '12420000.00', '2025-04-03 14:46:43', '2025-04-03 14:46:43'),
(517, 206, 208, 5, '4890000.00', '24450000.00', '2025-04-03 14:46:43', '2025-04-03 14:46:43'),
(518, 207, 106, 1, '3420000.00', '3420000.00', '2025-04-03 14:46:43', '2025-04-03 14:46:43'),
(519, 208, 35, 3, '3660000.00', '10980000.00', '2025-04-03 14:46:43', '2025-04-03 14:46:43'),
(520, 209, 147, 4, '4920000.00', '19680000.00', '2025-04-03 14:46:43', '2025-04-03 14:46:43'),
(521, 209, 87, 5, '4990000.00', '24950000.00', '2025-04-03 14:46:43', '2025-04-03 14:46:43'),
(522, 209, 205, 3, '3770000.00', '11310000.00', '2025-04-03 14:46:43', '2025-04-03 14:46:43'),
(523, 210, 62, 4, '4010000.00', '16040000.00', '2025-04-03 14:46:43', '2025-04-03 14:46:43'),
(524, 210, 222, 1, '1180000.00', '1180000.00', '2025-04-03 14:46:43', '2025-04-03 14:46:43'),
(525, 210, 212, 1, '2480000.00', '2480000.00', '2025-04-03 14:46:43', '2025-04-03 14:46:43'),
(526, 211, 111, 2, '1710000.00', '3420000.00', '2025-04-03 14:46:43', '2025-04-03 14:46:43'),
(527, 212, 73, 3, '2100000.00', '6300000.00', '2025-04-03 14:46:43', '2025-04-03 14:46:43'),
(528, 213, 165, 2, '970000.00', '1940000.00', '2025-04-03 14:46:43', '2025-04-03 14:46:43'),
(529, 213, 50, 1, '3110000.00', '3110000.00', '2025-04-03 14:46:43', '2025-04-03 14:46:43'),
(530, 214, 181, 5, '2410000.00', '12050000.00', '2025-04-03 14:46:43', '2025-04-03 14:46:43'),
(531, 214, 217, 1, '2470000.00', '2470000.00', '2025-04-03 14:46:43', '2025-04-03 14:46:43'),
(532, 214, 170, 5, '2560000.00', '12800000.00', '2025-04-03 14:46:43', '2025-04-03 14:46:43'),
(533, 215, 193, 4, '690000.00', '2760000.00', '2025-04-03 14:46:43', '2025-04-03 14:46:43'),
(534, 215, 95, 1, '2390000.00', '2390000.00', '2025-04-03 14:46:43', '2025-04-03 14:46:43'),
(535, 215, 192, 5, '700000.00', '3500000.00', '2025-04-03 14:46:43', '2025-04-03 14:46:43'),
(536, 215, 175, 3, '3410000.00', '10230000.00', '2025-04-03 14:46:43', '2025-04-03 14:46:43'),
(537, 216, 68, 2, '4200000.00', '8400000.00', '2025-04-03 14:46:43', '2025-04-03 14:46:43'),
(538, 216, 15, 3, '1060000.00', '3180000.00', '2025-04-03 14:46:43', '2025-04-03 14:46:43'),
(539, 216, 54, 4, '4190000.00', '16760000.00', '2025-04-03 14:46:43', '2025-04-03 14:46:43'),
(540, 216, 205, 3, '3770000.00', '11310000.00', '2025-04-03 14:46:43', '2025-04-03 14:46:43'),
(541, 217, 121, 3, '2310000.00', '6930000.00', '2025-04-03 14:46:43', '2025-04-03 14:46:43'),
(542, 217, 10, 2, '430000.00', '860000.00', '2025-04-03 14:46:43', '2025-04-03 14:46:43'),
(543, 217, 14, 3, '1160000.00', '3480000.00', '2025-04-03 14:46:43', '2025-04-03 14:46:43'),
(544, 218, 85, 5, '2860000.00', '14300000.00', '2025-04-03 14:46:43', '2025-04-03 14:46:43'),
(545, 218, 189, 2, '650000.00', '1300000.00', '2025-04-03 14:46:43', '2025-04-03 14:46:43'),
(546, 219, 45, 5, '1910000.00', '9550000.00', '2025-04-03 14:46:43', '2025-04-03 14:46:43'),
(547, 220, 92, 2, '2620000.00', '5240000.00', '2025-04-03 14:46:43', '2025-04-03 14:46:43'),
(548, 220, 65, 1, '4050000.00', '4050000.00', '2025-04-03 14:46:43', '2025-04-03 14:46:43'),
(549, 220, 176, 1, '4230000.00', '4230000.00', '2025-04-03 14:46:43', '2025-04-03 14:46:43'),
(550, 221, 179, 5, '3920000.00', '19600000.00', '2025-04-03 14:46:43', '2025-04-03 14:46:43'),
(551, 221, 233, 1, '4150000.00', '4150000.00', '2025-04-03 14:46:43', '2025-04-03 14:46:43'),
(552, 221, 106, 1, '3420000.00', '3420000.00', '2025-04-03 14:46:43', '2025-04-03 14:46:43'),
(553, 222, 187, 1, '770000.00', '770000.00', '2025-04-03 14:46:43', '2025-04-03 14:46:43'),
(554, 222, 126, 3, '4520000.00', '13560000.00', '2025-04-03 14:46:43', '2025-04-03 14:46:43'),
(555, 223, 17, 1, '2300000.00', '2300000.00', '2025-04-03 14:46:43', '2025-04-03 14:46:43'),
(556, 223, 40, 4, '4390000.00', '17560000.00', '2025-04-03 14:46:43', '2025-04-03 14:46:43'),
(557, 223, 24, 5, '1150000.00', '5750000.00', '2025-04-03 14:46:43', '2025-04-03 14:46:43'),
(558, 223, 206, 3, '4850000.00', '14550000.00', '2025-04-03 14:46:43', '2025-04-03 14:46:43'),
(559, 224, 163, 4, '1100000.00', '4400000.00', '2025-04-03 14:46:43', '2025-04-03 14:46:43'),
(560, 224, 230, 4, '2220000.00', '8880000.00', '2025-04-03 14:46:43', '2025-04-03 14:46:43'),
(561, 224, 46, 3, '3180000.00', '9540000.00', '2025-04-03 14:46:43', '2025-04-03 14:46:43'),
(562, 225, 188, 5, '930000.00', '4650000.00', '2025-04-03 14:46:43', '2025-04-03 14:46:43'),
(563, 226, 222, 4, '1180000.00', '4720000.00', '2025-04-03 14:46:43', '2025-04-03 14:46:43'),
(564, 226, 72, 1, '2300000.00', '2300000.00', '2025-04-03 14:46:43', '2025-04-03 14:46:43');
INSERT INTO `order_items` (`id`, `order_id`, `variant_id`, `quantity`, `unit_price`, `total_price`, `created_at`, `updated_at`) VALUES
(565, 226, 45, 5, '1910000.00', '9550000.00', '2025-04-03 14:46:43', '2025-04-03 14:46:43'),
(566, 226, 168, 4, '2420000.00', '9680000.00', '2025-04-03 14:46:43', '2025-04-03 14:46:43'),
(567, 227, 173, 2, '3550000.00', '7100000.00', '2025-04-03 14:46:43', '2025-04-03 14:46:43'),
(568, 228, 167, 5, '2550000.00', '12750000.00', '2025-04-03 14:46:43', '2025-04-03 14:46:43'),
(569, 229, 180, 5, '3900000.00', '19500000.00', '2025-04-03 14:46:43', '2025-04-03 14:46:43'),
(570, 229, 127, 2, '4540000.00', '9080000.00', '2025-04-03 14:46:43', '2025-04-03 14:46:43'),
(571, 229, 225, 4, '1060000.00', '4240000.00', '2025-04-03 14:46:43', '2025-04-03 14:46:43'),
(572, 230, 214, 2, '2450000.00', '4900000.00', '2025-04-03 14:46:43', '2025-04-03 14:46:43'),
(573, 230, 183, 1, '2610000.00', '2610000.00', '2025-04-03 14:46:43', '2025-04-03 14:46:43'),
(574, 231, 233, 1, '4150000.00', '4150000.00', '2025-04-03 14:46:43', '2025-04-03 14:46:43'),
(575, 232, 153, 5, '2920000.00', '14600000.00', '2025-04-03 14:46:43', '2025-04-03 14:46:43'),
(576, 232, 165, 4, '970000.00', '3880000.00', '2025-04-03 14:46:43', '2025-04-03 14:46:43'),
(577, 233, 84, 2, '2690000.00', '5380000.00', '2025-04-03 14:46:43', '2025-04-03 14:46:43'),
(578, 233, 192, 5, '700000.00', '3500000.00', '2025-04-03 14:46:43', '2025-04-03 14:46:43'),
(579, 234, 97, 1, '3670000.00', '3670000.00', '2025-04-03 14:46:43', '2025-04-03 14:46:43'),
(580, 235, 180, 1, '3900000.00', '3900000.00', '2025-04-03 14:46:43', '2025-04-03 14:46:43'),
(581, 235, 73, 5, '2100000.00', '10500000.00', '2025-04-03 14:46:43', '2025-04-03 14:46:43'),
(582, 235, 216, 3, '2370000.00', '7110000.00', '2025-04-03 14:46:43', '2025-04-03 14:46:43'),
(583, 236, 200, 5, '4860000.00', '24300000.00', '2025-04-03 14:46:43', '2025-04-03 14:46:43'),
(584, 236, 22, 3, '1310000.00', '3930000.00', '2025-04-03 14:46:43', '2025-04-03 14:46:43'),
(585, 236, 92, 4, '2620000.00', '10480000.00', '2025-04-03 14:46:43', '2025-04-03 14:46:43'),
(586, 236, 107, 4, '3500000.00', '14000000.00', '2025-04-03 14:46:43', '2025-04-03 14:46:43'),
(587, 237, 119, 4, '4660000.00', '18640000.00', '2025-04-03 14:46:43', '2025-04-03 14:46:43'),
(588, 237, 176, 4, '4230000.00', '16920000.00', '2025-04-03 14:46:43', '2025-04-03 14:46:43'),
(589, 237, 53, 1, '4310000.00', '4310000.00', '2025-04-03 14:46:43', '2025-04-03 14:46:43'),
(590, 237, 22, 5, '1310000.00', '6550000.00', '2025-04-03 14:46:43', '2025-04-03 14:46:43'),
(591, 238, 43, 2, '1910000.00', '3820000.00', '2025-04-03 14:46:43', '2025-04-03 14:46:43'),
(592, 239, 170, 4, '2560000.00', '10240000.00', '2025-04-03 14:46:43', '2025-04-03 14:46:43'),
(593, 240, 40, 2, '4390000.00', '8780000.00', '2025-04-03 14:46:43', '2025-04-03 14:46:43'),
(594, 240, 38, 3, '4070000.00', '12210000.00', '2025-04-03 14:46:43', '2025-04-03 14:46:43'),
(595, 240, 103, 2, '5410000.00', '10820000.00', '2025-04-03 14:46:43', '2025-04-03 14:46:43'),
(596, 240, 32, 2, '3760000.00', '7520000.00', '2025-04-03 14:46:43', '2025-04-03 14:46:43'),
(597, 241, 108, 1, '3300000.00', '3300000.00', '2025-04-03 14:46:43', '2025-04-03 14:46:43'),
(598, 241, 211, 5, '2630000.00', '13150000.00', '2025-04-03 14:46:43', '2025-04-03 14:46:43'),
(599, 241, 47, 1, '3010000.00', '3010000.00', '2025-04-03 14:46:43', '2025-04-03 14:46:43'),
(600, 242, 25, 2, '1230000.00', '2460000.00', '2025-04-03 14:46:43', '2025-04-03 14:46:43'),
(601, 242, 237, 4, '3810000.00', '15240000.00', '2025-04-03 14:46:43', '2025-04-03 14:46:43'),
(602, 243, 230, 1, '2220000.00', '2220000.00', '2025-04-03 14:46:43', '2025-04-03 14:46:43'),
(603, 244, 27, 2, '350000.00', '700000.00', '2025-04-03 14:46:43', '2025-04-03 14:46:43'),
(604, 244, 228, 3, '1920000.00', '5760000.00', '2025-04-03 14:46:43', '2025-04-03 14:46:43'),
(605, 245, 220, 5, '2340000.00', '11700000.00', '2025-04-03 14:46:43', '2025-04-03 14:46:43'),
(606, 245, 22, 3, '1310000.00', '3930000.00', '2025-04-03 14:46:43', '2025-04-03 14:46:43'),
(607, 246, 19, 3, '1940000.00', '5820000.00', '2025-04-03 14:46:43', '2025-04-03 14:46:43'),
(608, 246, 107, 3, '3500000.00', '10500000.00', '2025-04-03 14:46:43', '2025-04-03 14:46:43'),
(609, 246, 109, 1, '3260000.00', '3260000.00', '2025-04-03 14:46:43', '2025-04-03 14:46:43'),
(610, 246, 96, 1, '3250000.00', '3250000.00', '2025-04-03 14:46:43', '2025-04-03 14:46:43'),
(611, 246, 129, 3, '4810000.00', '14430000.00', '2025-04-03 14:46:43', '2025-04-03 14:46:43'),
(612, 247, 51, 2, '4070000.00', '8140000.00', '2025-04-03 14:46:43', '2025-04-03 14:46:43'),
(613, 247, 126, 5, '4520000.00', '22600000.00', '2025-04-03 14:46:43', '2025-04-03 14:46:43'),
(614, 247, 9, 1, '340000.00', '340000.00', '2025-04-03 14:46:43', '2025-04-03 14:46:43'),
(616, 247, 240, 4, '3650000.00', '14600000.00', '2025-04-03 14:46:43', '2025-04-03 14:46:43'),
(617, 248, 178, 1, '4050000.00', '4050000.00', '2025-04-03 14:46:43', '2025-04-03 14:46:43'),
(618, 248, 119, 1, '4660000.00', '4660000.00', '2025-04-03 14:46:43', '2025-04-03 14:46:43'),
(619, 248, 235, 1, '3960000.00', '3960000.00', '2025-04-03 14:46:43', '2025-04-03 14:46:43'),
(620, 248, 162, 5, '1190000.00', '5950000.00', '2025-04-03 14:46:43', '2025-04-03 14:46:43'),
(621, 248, 35, 3, '3660000.00', '10980000.00', '2025-04-03 14:46:43', '2025-04-03 14:46:43'),
(622, 249, 172, 4, '3390000.00', '13560000.00', '2025-04-03 14:46:43', '2025-04-03 14:46:43'),
(623, 249, 49, 5, '3090000.00', '15450000.00', '2025-04-03 14:46:43', '2025-04-03 14:46:43'),
(624, 249, 11, 5, '1100000.00', '5500000.00', '2025-04-03 14:46:43', '2025-04-03 14:46:43'),
(625, 250, 97, 4, '3670000.00', '14680000.00', '2025-04-03 14:46:43', '2025-04-03 14:46:43'),
(626, 251, 39, 5, '4310000.00', '21550000.00', '2025-04-03 14:46:43', '2025-04-03 14:46:43'),
(627, 251, 71, 3, '2050000.00', '6150000.00', '2025-04-03 14:46:43', '2025-04-03 14:46:43'),
(628, 251, 230, 3, '2220000.00', '6660000.00', '2025-04-03 14:46:43', '2025-04-03 14:46:43'),
(629, 251, 55, 3, '4000000.00', '12000000.00', '2025-04-03 14:46:43', '2025-04-03 14:46:43'),
(630, 251, 177, 5, '4040000.00', '20200000.00', '2025-04-03 14:46:43', '2025-04-03 14:46:43'),
(632, 252, 32, 5, '3760000.00', '18800000.00', '2025-04-03 14:46:43', '2025-04-03 14:46:43'),
(633, 253, 220, 3, '2340000.00', '7020000.00', '2025-04-03 14:46:43', '2025-04-03 14:46:43'),
(634, 253, 36, 3, '4050000.00', '12150000.00', '2025-04-03 14:46:43', '2025-04-03 14:46:43'),
(635, 253, 195, 3, '440000.00', '1320000.00', '2025-04-03 14:46:43', '2025-04-03 14:46:43'),
(636, 254, 215, 5, '2640000.00', '13200000.00', '2025-04-03 14:46:43', '2025-04-03 14:46:43'),
(637, 254, 126, 5, '4520000.00', '22600000.00', '2025-04-03 14:46:43', '2025-04-03 14:46:43'),
(638, 254, 37, 1, '4410000.00', '4410000.00', '2025-04-03 14:46:43', '2025-04-03 14:46:43'),
(639, 255, 211, 1, '2630000.00', '2630000.00', '2025-04-03 14:46:43', '2025-04-03 14:46:43'),
(640, 255, 19, 3, '1940000.00', '5820000.00', '2025-04-03 14:46:43', '2025-04-03 14:46:43'),
(641, 255, 201, 3, '3590000.00', '10770000.00', '2025-04-03 14:46:43', '2025-04-03 14:46:43'),
(642, 256, 8, 4, '740000.00', '2960000.00', '2025-04-03 14:46:43', '2025-04-03 14:46:43'),
(643, 256, 187, 4, '770000.00', '3080000.00', '2025-04-03 14:46:43', '2025-04-03 14:46:43'),
(644, 256, 172, 4, '3390000.00', '13560000.00', '2025-04-03 14:46:43', '2025-04-03 14:46:43'),
(645, 257, 193, 4, '690000.00', '2760000.00', '2025-04-03 14:46:43', '2025-04-03 14:46:43'),
(646, 257, 77, 1, '4530000.00', '4530000.00', '2025-04-03 14:46:43', '2025-04-03 14:46:43'),
(647, 257, 77, 4, '4530000.00', '18120000.00', '2025-04-03 14:46:43', '2025-04-03 14:46:43'),
(648, 257, 168, 2, '2420000.00', '4840000.00', '2025-04-03 14:46:43', '2025-04-03 14:46:43'),
(649, 258, 27, 2, '350000.00', '700000.00', '2025-04-03 14:46:43', '2025-04-03 14:46:43'),
(650, 258, 67, 5, '4490000.00', '22450000.00', '2025-04-03 14:46:43', '2025-04-03 14:46:43'),
(651, 258, 176, 3, '4230000.00', '12690000.00', '2025-04-03 14:46:43', '2025-04-03 14:46:43'),
(652, 259, 177, 3, '4040000.00', '12120000.00', '2025-04-03 14:46:43', '2025-04-03 14:46:43'),
(653, 259, 79, 4, '4510000.00', '18040000.00', '2025-04-03 14:46:43', '2025-04-03 14:46:43'),
(654, 259, 143, 3, '970000.00', '2910000.00', '2025-04-03 14:46:43', '2025-04-03 14:46:43'),
(655, 260, 152, 5, '3030000.00', '15150000.00', '2025-04-03 14:46:43', '2025-04-03 14:46:43'),
(656, 260, 194, 5, '640000.00', '3200000.00', '2025-04-03 14:46:43', '2025-04-03 14:46:43'),
(657, 261, 168, 2, '2420000.00', '4840000.00', '2025-04-03 14:46:43', '2025-04-03 14:46:43'),
(658, 261, 11, 5, '1100000.00', '5500000.00', '2025-04-03 14:46:43', '2025-04-03 14:46:43'),
(659, 261, 147, 1, '4920000.00', '4920000.00', '2025-04-03 14:46:43', '2025-04-03 14:46:43'),
(660, 261, 153, 2, '2920000.00', '5840000.00', '2025-04-03 14:46:43', '2025-04-03 14:46:43'),
(661, 261, 193, 4, '690000.00', '2760000.00', '2025-04-03 14:46:43', '2025-04-03 14:46:43'),
(662, 262, 240, 4, '3650000.00', '14600000.00', '2025-04-03 14:46:43', '2025-04-03 14:46:43'),
(663, 263, 107, 3, '3500000.00', '10500000.00', '2025-04-03 14:46:43', '2025-04-03 14:46:43'),
(664, 263, 152, 1, '3030000.00', '3030000.00', '2025-04-03 14:46:43', '2025-04-03 14:46:43'),
(665, 263, 30, 4, '120000.00', '480000.00', '2025-04-03 14:46:43', '2025-04-03 14:46:43'),
(666, 264, 163, 3, '1100000.00', '3300000.00', '2025-04-03 14:46:43', '2025-04-03 14:46:43'),
(667, 264, 124, 5, '2510000.00', '12550000.00', '2025-04-03 14:46:43', '2025-04-03 14:46:43'),
(668, 264, 31, 1, '3950000.00', '3950000.00', '2025-04-03 14:46:43', '2025-04-03 14:46:43'),
(669, 265, 172, 5, '3390000.00', '16950000.00', '2025-04-03 14:46:43', '2025-04-03 14:46:43'),
(670, 265, 163, 4, '1100000.00', '4400000.00', '2025-04-03 14:46:43', '2025-04-03 14:46:43'),
(671, 266, 178, 4, '4050000.00', '16200000.00', '2025-04-03 14:46:43', '2025-04-03 14:46:43'),
(672, 266, 117, 5, '4450000.00', '22250000.00', '2025-04-03 14:46:43', '2025-04-03 14:46:43'),
(673, 266, 238, 2, '3600000.00', '7200000.00', '2025-04-03 14:46:43', '2025-04-03 14:46:43'),
(674, 267, 98, 1, '3620000.00', '3620000.00', '2025-04-03 14:46:43', '2025-04-03 14:46:43'),
(675, 267, 121, 2, '2310000.00', '4620000.00', '2025-04-03 14:46:43', '2025-04-03 14:46:43'),
(676, 268, 150, 5, '4820000.00', '24100000.00', '2025-04-03 14:46:43', '2025-04-03 14:46:43'),
(677, 268, 224, 5, '1150000.00', '5750000.00', '2025-04-03 14:46:43', '2025-04-03 14:46:43'),
(678, 269, 55, 5, '4000000.00', '20000000.00', '2025-04-03 14:46:43', '2025-04-03 14:46:43'),
(679, 269, 218, 2, '2400000.00', '4800000.00', '2025-04-03 14:46:43', '2025-04-03 14:46:43'),
(680, 270, 119, 3, '4660000.00', '13980000.00', '2025-04-03 14:46:43', '2025-04-03 14:46:43'),
(681, 270, 196, 4, '4690000.00', '18760000.00', '2025-04-03 14:46:43', '2025-04-03 14:46:43'),
(682, 270, 187, 2, '770000.00', '1540000.00', '2025-04-03 14:46:43', '2025-04-03 14:46:43'),
(683, 270, 38, 2, '4070000.00', '8140000.00', '2025-04-03 14:46:43', '2025-04-03 14:46:43'),
(684, 270, 182, 4, '2590000.00', '10360000.00', '2025-04-03 14:46:43', '2025-04-03 14:46:43'),
(685, 271, 79, 2, '4510000.00', '9020000.00', '2025-04-03 14:46:43', '2025-04-03 14:46:43'),
(686, 272, 240, 4, '3650000.00', '14600000.00', '2025-04-03 14:46:43', '2025-04-03 14:46:43'),
(687, 272, 171, 1, '3210000.00', '3210000.00', '2025-04-03 14:46:43', '2025-04-03 14:46:43'),
(688, 273, 6, 2, '560000.00', '1120000.00', '2025-04-03 14:46:43', '2025-04-03 14:46:43'),
(689, 273, 6, 4, '560000.00', '2240000.00', '2025-04-03 14:46:43', '2025-04-03 14:46:43'),
(690, 273, 169, 3, '2260000.00', '6780000.00', '2025-04-03 14:46:43', '2025-04-03 14:46:43'),
(691, 274, 108, 1, '3300000.00', '3300000.00', '2025-04-03 14:46:43', '2025-04-03 14:46:43'),
(692, 275, 28, 2, '540000.00', '1080000.00', '2025-04-03 14:46:43', '2025-04-03 14:46:43'),
(693, 275, 99, 3, '3430000.00', '10290000.00', '2025-04-03 14:46:43', '2025-04-03 14:46:43'),
(694, 276, 63, 1, '4140000.00', '4140000.00', '2025-04-03 14:46:43', '2025-04-03 14:46:43'),
(695, 276, 158, 4, '3240000.00', '12960000.00', '2025-04-03 14:46:43', '2025-04-03 14:46:43'),
(696, 276, 191, 4, '350000.00', '1400000.00', '2025-04-03 14:46:43', '2025-04-03 14:46:43'),
(697, 276, 98, 1, '3620000.00', '3620000.00', '2025-04-03 14:46:43', '2025-04-03 14:46:43'),
(698, 277, 173, 1, '3550000.00', '3550000.00', '2025-04-03 14:46:43', '2025-04-03 14:46:43'),
(699, 277, 144, 3, '1000000.00', '3000000.00', '2025-04-03 14:46:43', '2025-04-03 14:46:43'),
(700, 278, 138, 3, '4610000.00', '13830000.00', '2025-04-03 14:46:44', '2025-04-03 14:46:44'),
(701, 278, 93, 2, '2630000.00', '5260000.00', '2025-04-03 14:46:44', '2025-04-03 14:46:44'),
(702, 279, 160, 1, '3240000.00', '3240000.00', '2025-04-03 14:46:44', '2025-04-03 14:46:44'),
(703, 279, 87, 3, '4990000.00', '14970000.00', '2025-04-03 14:46:44', '2025-04-03 14:46:44'),
(705, 281, 183, 2, '2610000.00', '5220000.00', '2025-04-03 14:46:44', '2025-04-03 14:46:44'),
(706, 282, 13, 3, '1360000.00', '4080000.00', '2025-04-03 14:46:44', '2025-04-03 14:46:44'),
(707, 282, 183, 5, '2610000.00', '13050000.00', '2025-04-03 14:46:44', '2025-04-03 14:46:44'),
(708, 282, 150, 1, '4820000.00', '4820000.00', '2025-04-03 14:46:44', '2025-04-03 14:46:44'),
(709, 283, 34, 3, '3920000.00', '11760000.00', '2025-04-03 14:46:44', '2025-04-03 14:46:44'),
(710, 283, 21, 4, '1250000.00', '5000000.00', '2025-04-03 14:46:44', '2025-04-03 14:46:44'),
(711, 283, 200, 4, '4860000.00', '19440000.00', '2025-04-03 14:46:44', '2025-04-03 14:46:44'),
(712, 284, 111, 2, '1710000.00', '3420000.00', '2025-04-03 14:46:44', '2025-04-03 14:46:44'),
(713, 284, 185, 3, '2570000.00', '7710000.00', '2025-04-03 14:46:44', '2025-04-03 14:46:44'),
(714, 284, 229, 5, '1930000.00', '9650000.00', '2025-04-03 14:46:44', '2025-04-03 14:46:44'),
(715, 284, 18, 4, '1920000.00', '7680000.00', '2025-04-03 14:46:44', '2025-04-03 14:46:44'),
(716, 284, 41, 1, '2140000.00', '2140000.00', '2025-04-03 14:46:44', '2025-04-03 14:46:44'),
(717, 285, 30, 5, '120000.00', '600000.00', '2025-04-03 14:46:44', '2025-04-03 14:46:44'),
(718, 285, 198, 3, '4700000.00', '14100000.00', '2025-04-03 14:46:44', '2025-04-03 14:46:44'),
(719, 285, 185, 3, '2570000.00', '7710000.00', '2025-04-03 14:46:44', '2025-04-03 14:46:44'),
(720, 286, 139, 5, '4500000.00', '22500000.00', '2025-04-03 14:46:44', '2025-04-03 14:46:44'),
(721, 286, 230, 3, '2220000.00', '6660000.00', '2025-04-03 14:46:44', '2025-04-03 14:46:44'),
(722, 286, 105, 4, '5260000.00', '21040000.00', '2025-04-03 14:46:44', '2025-04-03 14:46:44'),
(723, 287, 40, 3, '4390000.00', '13170000.00', '2025-04-03 14:46:44', '2025-04-03 14:46:44'),
(724, 287, 69, 1, '4180000.00', '4180000.00', '2025-04-03 14:46:44', '2025-04-03 14:46:44'),
(725, 288, 52, 5, '4050000.00', '20250000.00', '2025-04-03 14:46:44', '2025-04-03 14:46:44'),
(726, 288, 170, 2, '2560000.00', '5120000.00', '2025-04-03 14:46:44', '2025-04-03 14:46:44'),
(727, 289, 167, 2, '2550000.00', '5100000.00', '2025-04-03 14:46:44', '2025-04-03 14:46:44'),
(729, 290, 185, 5, '2570000.00', '12850000.00', '2025-04-03 14:46:44', '2025-04-03 14:46:44'),
(730, 291, 8, 4, '740000.00', '2960000.00', '2025-04-03 14:46:44', '2025-04-03 14:46:44'),
(731, 291, 195, 5, '440000.00', '2200000.00', '2025-04-03 14:46:44', '2025-04-03 14:46:44'),
(732, 291, 38, 4, '4070000.00', '16280000.00', '2025-04-03 14:46:44', '2025-04-03 14:46:44'),
(733, 292, 240, 3, '3650000.00', '10950000.00', '2025-04-03 14:46:44', '2025-04-03 14:46:44'),
(734, 292, 220, 1, '2340000.00', '2340000.00', '2025-04-03 14:46:44', '2025-04-03 14:46:44'),
(735, 292, 223, 4, '1170000.00', '4680000.00', '2025-04-03 14:46:44', '2025-04-03 14:46:44'),
(736, 292, 38, 3, '4070000.00', '12210000.00', '2025-04-03 14:46:44', '2025-04-03 14:46:44'),
(737, 293, 184, 4, '2820000.00', '11280000.00', '2025-04-03 14:46:44', '2025-04-03 14:46:44'),
(738, 293, 231, 3, '4130000.00', '12390000.00', '2025-04-03 14:46:44', '2025-04-03 14:46:44'),
(739, 293, 124, 2, '2510000.00', '5020000.00', '2025-04-03 14:46:44', '2025-04-03 14:46:44'),
(740, 293, 95, 5, '2390000.00', '11950000.00', '2025-04-03 14:46:44', '2025-04-03 14:46:44'),
(742, 294, 160, 2, '3240000.00', '6480000.00', '2025-04-03 14:46:44', '2025-04-03 14:46:44'),
(743, 294, 107, 5, '3500000.00', '17500000.00', '2025-04-03 14:46:44', '2025-04-03 14:46:44'),
(744, 295, 160, 3, '3240000.00', '9720000.00', '2025-04-03 14:46:44', '2025-04-03 14:46:44'),
(745, 296, 211, 5, '2630000.00', '13150000.00', '2025-04-03 14:46:44', '2025-04-03 14:46:44'),
(746, 296, 79, 1, '4510000.00', '4510000.00', '2025-04-03 14:46:44', '2025-04-03 14:46:44'),
(747, 297, 48, 2, '3080000.00', '6160000.00', '2025-04-03 14:46:44', '2025-04-03 14:46:44'),
(748, 298, 97, 2, '3670000.00', '7340000.00', '2025-04-03 14:46:44', '2025-04-03 14:46:44'),
(749, 298, 216, 2, '2370000.00', '4740000.00', '2025-04-03 14:46:44', '2025-04-03 14:46:44'),
(750, 298, 54, 1, '4190000.00', '4190000.00', '2025-04-03 14:46:44', '2025-04-03 14:46:44'),
(751, 298, 227, 2, '2170000.00', '4340000.00', '2025-04-03 14:46:44', '2025-04-03 14:46:44'),
(752, 299, 90, 5, '4610000.00', '23050000.00', '2025-04-03 14:46:44', '2025-04-03 14:46:44'),
(753, 300, 46, 3, '3180000.00', '9540000.00', '2025-04-03 14:46:44', '2025-04-03 14:46:44'),
(755, 300, 83, 1, '2560000.00', '2560000.00', '2025-04-03 14:46:44', '2025-04-03 14:46:44'),
(756, 300, 74, 4, '2370000.00', '9480000.00', '2025-04-03 14:46:44', '2025-04-03 14:46:44'),
(757, 301, 44, 2, '1960000.00', '3920000.00', '2025-04-03 14:46:44', '2025-04-03 14:46:44'),
(758, 301, 19, 1, '1940000.00', '1940000.00', '2025-04-03 14:46:44', '2025-04-03 14:46:44'),
(759, 301, 171, 2, '3210000.00', '6420000.00', '2025-04-03 14:46:44', '2025-04-03 14:46:44'),
(760, 301, 144, 3, '1000000.00', '3000000.00', '2025-04-03 14:46:44', '2025-04-03 14:46:44'),
(761, 302, 142, 3, '1200000.00', '3600000.00', '2025-04-03 14:46:44', '2025-04-03 14:46:44'),
(762, 302, 81, 5, '2600000.00', '13000000.00', '2025-04-03 14:46:44', '2025-04-03 14:46:44'),
(763, 302, 122, 1, '2430000.00', '2430000.00', '2025-04-03 14:46:44', '2025-04-03 14:46:44'),
(765, 303, 27, 3, '350000.00', '1050000.00', '2025-04-03 14:46:44', '2025-04-03 14:46:44'),
(766, 303, 45, 1, '1910000.00', '1910000.00', '2025-04-03 14:46:44', '2025-04-03 14:46:44'),
(767, 303, 53, 1, '4310000.00', '4310000.00', '2025-04-03 14:46:44', '2025-04-03 14:46:44'),
(768, 304, 77, 2, '4530000.00', '9060000.00', '2025-04-03 14:46:44', '2025-04-03 14:46:44'),
(769, 304, 228, 3, '1920000.00', '5760000.00', '2025-04-03 14:46:44', '2025-04-03 14:46:44'),
(770, 305, 171, 4, '3210000.00', '12840000.00', '2025-04-03 14:46:44', '2025-04-03 14:46:44'),
(771, 305, 146, 1, '5130000.00', '5130000.00', '2025-04-03 14:46:44', '2025-04-03 14:46:44'),
(772, 305, 32, 4, '3760000.00', '15040000.00', '2025-04-03 14:46:44', '2025-04-03 14:46:44'),
(773, 305, 39, 2, '4310000.00', '8620000.00', '2025-04-03 14:46:44', '2025-04-03 14:46:44'),
(774, 305, 151, 3, '2980000.00', '8940000.00', '2025-04-03 14:46:44', '2025-04-03 14:46:44'),
(775, 306, 177, 1, '4040000.00', '4040000.00', '2025-04-03 14:46:44', '2025-04-03 14:46:44'),
(776, 306, 69, 2, '4180000.00', '8360000.00', '2025-04-03 14:46:44', '2025-04-03 14:46:44'),
(777, 306, 59, 4, '760000.00', '3040000.00', '2025-04-03 14:46:44', '2025-04-03 14:46:44'),
(778, 307, 17, 3, '2300000.00', '6900000.00', '2025-04-03 14:46:44', '2025-04-03 14:46:44'),
(779, 307, 10, 4, '430000.00', '1720000.00', '2025-04-03 14:46:44', '2025-04-03 14:46:44'),
(780, 307, 10, 2, '430000.00', '860000.00', '2025-04-03 14:46:44', '2025-04-03 14:46:44'),
(781, 307, 173, 5, '3550000.00', '17750000.00', '2025-04-03 14:46:44', '2025-04-03 14:46:44'),
(782, 308, 204, 5, '3500000.00', '17500000.00', '2025-04-03 14:46:44', '2025-04-03 14:46:44'),
(783, 308, 226, 4, '1970000.00', '7880000.00', '2025-04-03 14:46:44', '2025-04-03 14:46:44'),
(784, 308, 127, 4, '4540000.00', '18160000.00', '2025-04-03 14:46:44', '2025-04-03 14:46:44'),
(785, 309, 53, 5, '4310000.00', '21550000.00', '2025-04-03 14:46:44', '2025-04-03 14:46:44'),
(786, 309, 29, 2, '110000.00', '220000.00', '2025-04-03 14:46:44', '2025-04-03 14:46:44'),
(787, 310, 58, 1, '1020000.00', '1020000.00', '2025-04-03 14:46:44', '2025-04-03 14:46:44'),
(788, 310, 25, 2, '1230000.00', '2460000.00', '2025-04-03 14:46:44', '2025-04-03 14:46:44'),
(789, 310, 94, 3, '2660000.00', '7980000.00', '2025-04-03 14:46:44', '2025-04-03 14:46:44'),
(790, 310, 160, 4, '3240000.00', '12960000.00', '2025-04-03 14:46:44', '2025-04-03 14:46:44'),
(793, 312, 120, 4, '4390000.00', '17560000.00', '2025-04-03 14:46:44', '2025-04-03 14:46:44'),
(794, 312, 41, 5, '2140000.00', '10700000.00', '2025-04-03 14:46:44', '2025-04-03 14:46:44'),
(795, 312, 20, 3, '2140000.00', '6420000.00', '2025-04-03 14:46:44', '2025-04-03 14:46:44'),
(796, 312, 10, 3, '430000.00', '1290000.00', '2025-04-03 14:46:44', '2025-04-03 14:46:44'),
(797, 313, 123, 1, '2210000.00', '2210000.00', '2025-04-03 14:46:44', '2025-04-03 14:46:44'),
(798, 314, 151, 5, '2980000.00', '14900000.00', '2025-04-03 14:46:44', '2025-04-03 14:46:44'),
(799, 315, 137, 2, '4310000.00', '8620000.00', '2025-04-03 14:46:44', '2025-04-03 14:46:44'),
(801, 315, 83, 1, '2560000.00', '2560000.00', '2025-04-03 14:46:44', '2025-04-03 14:46:44'),
(802, 315, 138, 3, '4610000.00', '13830000.00', '2025-04-03 14:46:44', '2025-04-03 14:46:44'),
(803, 315, 95, 2, '2390000.00', '4780000.00', '2025-04-03 14:46:44', '2025-04-03 14:46:44'),
(804, 316, 188, 4, '930000.00', '3720000.00', '2025-04-03 14:46:44', '2025-04-03 14:46:44'),
(805, 317, 78, 3, '4310000.00', '12930000.00', '2025-04-03 14:46:44', '2025-04-03 14:46:44'),
(807, 317, 41, 2, '2140000.00', '4280000.00', '2025-04-03 14:46:44', '2025-04-03 14:46:44'),
(808, 318, 45, 5, '1910000.00', '9550000.00', '2025-04-03 14:46:44', '2025-04-03 14:46:44'),
(809, 319, 171, 2, '3210000.00', '6420000.00', '2025-04-03 14:46:44', '2025-04-03 14:46:44'),
(810, 320, 141, 2, '1050000.00', '2100000.00', '2025-04-03 14:46:44', '2025-04-03 14:46:44'),
(811, 321, 93, 5, '2630000.00', '13150000.00', '2025-04-03 14:46:44', '2025-04-03 14:46:44'),
(812, 321, 62, 1, '4010000.00', '4010000.00', '2025-04-03 14:46:44', '2025-04-03 14:46:44'),
(813, 321, 33, 4, '3790000.00', '15160000.00', '2025-04-03 14:46:44', '2025-04-03 14:46:44'),
(814, 322, 52, 3, '4050000.00', '12150000.00', '2025-04-03 14:46:44', '2025-04-03 14:46:44'),
(815, 322, 79, 4, '4510000.00', '18040000.00', '2025-04-03 14:46:44', '2025-04-03 14:46:44'),
(816, 323, 145, 3, '800000.00', '2400000.00', '2025-04-03 14:46:44', '2025-04-03 14:46:44'),
(817, 323, 64, 4, '4220000.00', '16880000.00', '2025-04-03 14:46:44', '2025-04-03 14:46:44'),
(818, 323, 102, 3, '5350000.00', '16050000.00', '2025-04-03 14:46:44', '2025-04-03 14:46:44'),
(819, 323, 197, 1, '4790000.00', '4790000.00', '2025-04-03 14:46:44', '2025-04-03 14:46:44'),
(820, 324, 166, 3, '2130000.00', '6390000.00', '2025-04-03 14:46:44', '2025-04-03 14:46:44'),
(821, 325, 107, 3, '3500000.00', '10500000.00', '2025-04-03 14:46:44', '2025-04-03 14:46:44'),
(822, 325, 65, 4, '4050000.00', '16200000.00', '2025-04-03 14:46:44', '2025-04-03 14:46:44'),
(823, 326, 126, 5, '4520000.00', '22600000.00', '2025-04-03 14:46:44', '2025-04-03 14:46:44'),
(824, 326, 158, 4, '3240000.00', '12960000.00', '2025-04-03 14:46:44', '2025-04-03 14:46:44'),
(825, 326, 125, 4, '2490000.00', '9960000.00', '2025-04-03 14:46:44', '2025-04-03 14:46:44'),
(826, 327, 112, 5, '1380000.00', '6900000.00', '2025-04-03 14:46:44', '2025-04-03 14:46:44'),
(827, 327, 10, 4, '430000.00', '1720000.00', '2025-04-03 14:46:44', '2025-04-03 14:46:44'),
(828, 327, 141, 3, '1050000.00', '3150000.00', '2025-04-03 14:46:44', '2025-04-03 14:46:44'),
(829, 328, 87, 1, '4990000.00', '4990000.00', '2025-04-03 14:46:44', '2025-04-03 14:46:44'),
(830, 328, 33, 4, '3790000.00', '15160000.00', '2025-04-03 14:46:44', '2025-04-03 14:46:44'),
(832, 330, 144, 5, '1000000.00', '5000000.00', '2025-04-03 14:46:45', '2025-04-03 14:46:45'),
(833, 330, 172, 2, '3390000.00', '6780000.00', '2025-04-03 14:46:45', '2025-04-03 14:46:45'),
(834, 330, 151, 5, '2980000.00', '14900000.00', '2025-04-03 14:46:45', '2025-04-03 14:46:45'),
(835, 331, 28, 2, '540000.00', '1080000.00', '2025-04-03 14:46:45', '2025-04-03 14:46:45'),
(836, 331, 206, 1, '4850000.00', '4850000.00', '2025-04-03 14:46:45', '2025-04-03 14:46:45'),
(837, 332, 58, 2, '1020000.00', '2040000.00', '2025-04-03 14:46:45', '2025-04-03 14:46:45'),
(838, 332, 24, 4, '1150000.00', '4600000.00', '2025-04-03 14:46:45', '2025-04-03 14:46:45'),
(839, 332, 9, 1, '340000.00', '340000.00', '2025-04-03 14:46:45', '2025-04-03 14:46:45'),
(840, 333, 98, 1, '3620000.00', '3620000.00', '2025-04-03 14:46:45', '2025-04-03 14:46:45'),
(841, 333, 143, 5, '970000.00', '4850000.00', '2025-04-03 14:46:45', '2025-04-03 14:46:45'),
(842, 333, 95, 1, '2390000.00', '2390000.00', '2025-04-03 14:46:45', '2025-04-03 14:46:45'),
(843, 334, 223, 3, '1170000.00', '3510000.00', '2025-04-03 14:46:45', '2025-04-03 14:46:45'),
(844, 334, 16, 3, '2120000.00', '6360000.00', '2025-04-03 14:46:45', '2025-04-03 14:46:45'),
(845, 335, 195, 1, '440000.00', '440000.00', '2025-04-03 14:46:45', '2025-04-03 14:46:45'),
(846, 335, 237, 2, '3810000.00', '7620000.00', '2025-04-03 14:46:45', '2025-04-03 14:46:45'),
(847, 335, 67, 5, '4490000.00', '22450000.00', '2025-04-03 14:46:45', '2025-04-03 14:46:45'),
(848, 336, 27, 5, '350000.00', '1750000.00', '2025-04-03 14:46:45', '2025-04-03 14:46:45'),
(849, 336, 109, 1, '3260000.00', '3260000.00', '2025-04-03 14:46:45', '2025-04-03 14:46:45'),
(850, 337, 238, 1, '3600000.00', '3600000.00', '2025-04-03 14:46:45', '2025-04-03 14:46:45'),
(851, 338, 84, 5, '2690000.00', '13450000.00', '2025-04-03 14:46:45', '2025-04-03 14:46:45'),
(852, 338, 95, 5, '2390000.00', '11950000.00', '2025-04-03 14:46:45', '2025-04-03 14:46:45'),
(853, 339, 120, 2, '4390000.00', '8780000.00', '2025-04-03 14:46:45', '2025-04-03 14:46:45'),
(854, 339, 238, 3, '3600000.00', '10800000.00', '2025-04-03 14:46:45', '2025-04-03 14:46:45'),
(855, 340, 82, 4, '2810000.00', '11240000.00', '2025-04-03 14:46:45', '2025-04-03 14:46:45'),
(856, 341, 89, 5, '4870000.00', '24350000.00', '2025-04-03 14:46:45', '2025-04-03 14:46:45'),
(857, 341, 11, 4, '1100000.00', '4400000.00', '2025-04-03 14:46:45', '2025-04-03 14:46:45'),
(858, 342, 176, 5, '4230000.00', '21150000.00', '2025-04-03 14:46:45', '2025-04-03 14:46:45'),
(859, 342, 198, 4, '4700000.00', '18800000.00', '2025-04-03 14:46:45', '2025-04-03 14:46:45'),
(860, 342, 240, 3, '3650000.00', '10950000.00', '2025-04-03 14:46:45', '2025-04-03 14:46:45'),
(861, 343, 140, 5, '4410000.00', '22050000.00', '2025-04-03 14:46:45', '2025-04-03 14:46:45'),
(862, 343, 36, 2, '4050000.00', '8100000.00', '2025-04-03 14:46:45', '2025-04-03 14:46:45'),
(863, 344, 210, 3, '4880000.00', '14640000.00', '2025-04-03 14:46:45', '2025-04-03 14:46:45'),
(864, 344, 109, 3, '3260000.00', '9780000.00', '2025-04-03 14:46:45', '2025-04-03 14:46:45'),
(865, 344, 218, 5, '2400000.00', '12000000.00', '2025-04-03 14:46:45', '2025-04-03 14:46:45'),
(866, 345, 81, 1, '2600000.00', '2600000.00', '2025-04-03 14:46:45', '2025-04-03 14:46:45'),
(867, 345, 72, 1, '2300000.00', '2300000.00', '2025-04-03 14:46:45', '2025-04-03 14:46:45'),
(868, 346, 230, 4, '2220000.00', '8880000.00', '2025-04-03 14:46:45', '2025-04-03 14:46:45'),
(869, 346, 165, 2, '970000.00', '1940000.00', '2025-04-03 14:46:45', '2025-04-03 14:46:45'),
(870, 346, 170, 5, '2560000.00', '12800000.00', '2025-04-03 14:46:45', '2025-04-03 14:46:45'),
(871, 347, 107, 4, '3500000.00', '14000000.00', '2025-04-03 14:46:45', '2025-04-03 14:46:45'),
(872, 347, 141, 5, '1050000.00', '5250000.00', '2025-04-03 14:46:45', '2025-04-03 14:46:45'),
(873, 348, 200, 2, '4860000.00', '9720000.00', '2025-04-03 14:46:45', '2025-04-03 14:46:45'),
(874, 349, 12, 1, '1100000.00', '1100000.00', '2025-04-03 14:46:45', '2025-04-03 14:46:45'),
(875, 349, 7, 4, '720000.00', '2880000.00', '2025-04-03 14:46:45', '2025-04-03 14:46:45'),
(876, 350, 27, 5, '350000.00', '1750000.00', '2025-04-03 14:46:45', '2025-04-03 14:46:45'),
(877, 350, 160, 3, '3240000.00', '9720000.00', '2025-04-03 14:46:45', '2025-04-03 14:46:45'),
(878, 350, 54, 3, '4190000.00', '12570000.00', '2025-04-03 14:46:45', '2025-04-03 14:46:45'),
(879, 350, 193, 1, '690000.00', '690000.00', '2025-04-03 14:46:45', '2025-04-03 14:46:45'),
(880, 351, 51, 2, '4070000.00', '8140000.00', '2025-04-03 14:46:45', '2025-04-03 14:46:45'),
(881, 351, 182, 5, '2590000.00', '12950000.00', '2025-04-03 14:46:45', '2025-04-03 14:46:45'),
(882, 352, 179, 2, '3920000.00', '7840000.00', '2025-04-03 14:46:45', '2025-04-03 14:46:45'),
(883, 352, 225, 3, '1060000.00', '3180000.00', '2025-04-03 14:46:45', '2025-04-03 14:46:45'),
(884, 353, 72, 3, '2300000.00', '6900000.00', '2025-04-03 14:46:45', '2025-04-03 14:46:45'),
(885, 353, 6, 4, '560000.00', '2240000.00', '2025-04-03 14:46:45', '2025-04-03 14:46:45'),
(886, 354, 88, 5, '4580000.00', '22900000.00', '2025-04-03 14:46:45', '2025-04-03 14:46:45'),
(887, 354, 13, 1, '1360000.00', '1360000.00', '2025-04-03 14:46:45', '2025-04-03 14:46:45'),
(888, 354, 216, 5, '2370000.00', '11850000.00', '2025-04-03 14:46:45', '2025-04-03 14:46:45'),
(889, 355, 213, 4, '2370000.00', '9480000.00', '2025-04-03 14:46:45', '2025-04-03 14:46:45'),
(890, 355, 122, 5, '2430000.00', '12150000.00', '2025-04-03 14:46:45', '2025-04-03 14:46:45'),
(891, 355, 114, 2, '1490000.00', '2980000.00', '2025-04-03 14:46:45', '2025-04-03 14:46:45'),
(892, 355, 183, 3, '2610000.00', '7830000.00', '2025-04-03 14:46:45', '2025-04-03 14:46:45'),
(893, 356, 224, 1, '1150000.00', '1150000.00', '2025-04-03 14:46:45', '2025-04-03 14:46:45'),
(894, 356, 240, 5, '3650000.00', '18250000.00', '2025-04-03 14:46:45', '2025-04-03 14:46:45'),
(895, 357, 26, 1, '470000.00', '470000.00', '2025-04-03 14:46:45', '2025-04-03 14:46:45'),
(896, 357, 143, 5, '970000.00', '4850000.00', '2025-04-03 14:46:45', '2025-04-03 14:46:45'),
(897, 358, 52, 4, '4050000.00', '16200000.00', '2025-04-03 14:46:45', '2025-04-03 14:46:45'),
(898, 358, 65, 5, '4050000.00', '20250000.00', '2025-04-03 14:46:45', '2025-04-03 14:46:45'),
(899, 359, 125, 2, '2490000.00', '4980000.00', '2025-04-03 14:46:45', '2025-04-03 14:46:45'),
(900, 359, 115, 2, '1780000.00', '3560000.00', '2025-04-03 14:46:45', '2025-04-03 14:46:45'),
(901, 359, 18, 4, '1920000.00', '7680000.00', '2025-04-03 14:46:45', '2025-04-03 14:46:45'),
(902, 360, 69, 3, '4180000.00', '12540000.00', '2025-04-03 14:46:45', '2025-04-03 14:46:45'),
(903, 360, 226, 3, '1970000.00', '5910000.00', '2025-04-03 14:46:45', '2025-04-03 14:46:45'),
(904, 360, 63, 4, '4140000.00', '16560000.00', '2025-04-03 14:46:45', '2025-04-03 14:46:45'),
(905, 360, 180, 2, '3900000.00', '7800000.00', '2025-04-03 14:46:45', '2025-04-03 14:46:45'),
(906, 361, 29, 5, '110000.00', '550000.00', '2025-04-03 14:46:45', '2025-04-03 14:46:45'),
(907, 361, 59, 4, '760000.00', '3040000.00', '2025-04-03 14:46:45', '2025-04-03 14:46:45'),
(908, 361, 29, 1, '110000.00', '110000.00', '2025-04-03 14:46:45', '2025-04-03 14:46:45'),
(909, 362, 151, 3, '2980000.00', '8940000.00', '2025-04-03 14:46:45', '2025-04-03 14:46:45'),
(910, 362, 217, 2, '2470000.00', '4940000.00', '2025-04-03 14:46:45', '2025-04-03 14:46:45'),
(911, 362, 38, 2, '4070000.00', '8140000.00', '2025-04-03 14:46:45', '2025-04-03 14:46:45'),
(912, 362, 167, 5, '2550000.00', '12750000.00', '2025-04-03 14:46:45', '2025-04-03 14:46:45'),
(914, 364, 32, 2, '3760000.00', '7520000.00', '2025-04-03 14:46:45', '2025-04-03 14:46:45'),
(915, 364, 55, 2, '4000000.00', '8000000.00', '2025-04-03 14:46:45', '2025-04-03 14:46:45'),
(916, 365, 235, 5, '3960000.00', '19800000.00', '2025-04-03 14:46:45', '2025-04-03 14:46:45'),
(917, 365, 159, 4, '3270000.00', '13080000.00', '2025-04-03 14:46:45', '2025-04-03 14:46:45'),
(918, 366, 8, 3, '740000.00', '2220000.00', '2025-04-03 14:46:45', '2025-04-03 14:46:45'),
(919, 366, 184, 2, '2820000.00', '5640000.00', '2025-04-03 14:46:45', '2025-04-03 14:46:45'),
(920, 366, 194, 2, '640000.00', '1280000.00', '2025-04-03 14:46:45', '2025-04-03 14:46:45'),
(921, 366, 13, 1, '1360000.00', '1360000.00', '2025-04-03 14:46:45', '2025-04-03 14:46:45'),
(922, 367, 58, 5, '1020000.00', '5100000.00', '2025-04-03 14:46:45', '2025-04-03 14:46:45'),
(923, 367, 177, 4, '4040000.00', '16160000.00', '2025-04-03 14:46:45', '2025-04-03 14:46:45'),
(924, 367, 40, 3, '4390000.00', '13170000.00', '2025-04-03 14:46:45', '2025-04-03 14:46:45'),
(926, 368, 210, 4, '4880000.00', '19520000.00', '2025-04-03 14:46:45', '2025-04-03 14:46:45'),
(927, 369, 70, 3, '4150000.00', '12450000.00', '2025-04-03 14:46:45', '2025-04-03 14:46:45'),
(928, 369, 208, 5, '4890000.00', '24450000.00', '2025-04-03 14:46:45', '2025-04-03 14:46:45'),
(929, 369, 199, 2, '4760000.00', '9520000.00', '2025-04-03 14:46:45', '2025-04-03 14:46:45'),
(930, 370, 141, 1, '1050000.00', '1050000.00', '2025-04-03 14:46:45', '2025-04-03 14:46:45'),
(931, 370, 102, 4, '5350000.00', '21400000.00', '2025-04-03 14:46:45', '2025-04-03 14:46:45'),
(932, 370, 178, 3, '4050000.00', '12150000.00', '2025-04-03 14:46:45', '2025-04-03 14:46:45'),
(933, 370, 156, 5, '2950000.00', '14750000.00', '2025-04-03 14:46:45', '2025-04-03 14:46:45'),
(934, 371, 153, 5, '2920000.00', '14600000.00', '2025-04-03 14:46:45', '2025-04-03 14:46:45'),
(935, 371, 120, 2, '4390000.00', '8780000.00', '2025-04-03 14:46:45', '2025-04-03 14:46:45'),
(936, 371, 75, 1, '2100000.00', '2100000.00', '2025-04-03 14:46:45', '2025-04-03 14:46:45'),
(938, 372, 10, 4, '430000.00', '1720000.00', '2025-04-03 14:46:45', '2025-04-03 14:46:45'),
(939, 372, 184, 1, '2820000.00', '2820000.00', '2025-04-03 14:46:45', '2025-04-03 14:46:45'),
(940, 372, 120, 5, '4390000.00', '21950000.00', '2025-04-03 14:46:45', '2025-04-03 14:46:45'),
(941, 372, 90, 1, '4610000.00', '4610000.00', '2025-04-03 14:46:45', '2025-04-03 14:46:45'),
(942, 373, 235, 1, '3960000.00', '3960000.00', '2025-04-03 14:46:45', '2025-04-03 14:46:45'),
(943, 373, 32, 2, '3760000.00', '7520000.00', '2025-04-03 14:46:45', '2025-04-03 14:46:45'),
(944, 374, 194, 1, '640000.00', '640000.00', '2025-04-03 14:46:45', '2025-04-03 14:46:45'),
(945, 374, 25, 2, '1230000.00', '2460000.00', '2025-04-03 14:46:45', '2025-04-03 14:46:45'),
(946, 375, 167, 2, '2550000.00', '5100000.00', '2025-04-03 14:46:45', '2025-04-03 14:46:45'),
(947, 376, 15, 2, '1060000.00', '2120000.00', '2025-04-03 14:46:45', '2025-04-03 14:46:45'),
(948, 376, 9, 4, '340000.00', '1360000.00', '2025-04-03 14:46:45', '2025-04-03 14:46:45'),
(949, 376, 151, 4, '2980000.00', '11920000.00', '2025-04-03 14:46:45', '2025-04-03 14:46:45'),
(950, 377, 67, 2, '4490000.00', '8980000.00', '2025-04-03 14:46:45', '2025-04-03 14:46:45'),
(951, 377, 52, 1, '4050000.00', '4050000.00', '2025-04-03 14:46:45', '2025-04-03 14:46:45'),
(952, 377, 125, 3, '2490000.00', '7470000.00', '2025-04-03 14:46:45', '2025-04-03 14:46:45'),
(953, 377, 48, 1, '3080000.00', '3080000.00', '2025-04-03 14:46:45', '2025-04-03 14:46:45'),
(954, 377, 147, 3, '4920000.00', '14760000.00', '2025-04-03 14:46:45', '2025-04-03 14:46:45'),
(955, 378, 103, 5, '5410000.00', '27050000.00', '2025-04-03 14:46:45', '2025-04-03 14:46:45'),
(956, 378, 106, 3, '3420000.00', '10260000.00', '2025-04-03 14:46:45', '2025-04-03 14:46:45'),
(957, 378, 159, 5, '3270000.00', '16350000.00', '2025-04-03 14:46:45', '2025-04-03 14:46:45'),
(958, 379, 187, 3, '770000.00', '2310000.00', '2025-04-03 14:46:45', '2025-04-03 14:46:45'),
(959, 379, 48, 3, '3080000.00', '9240000.00', '2025-04-03 14:46:45', '2025-04-03 14:46:45'),
(960, 380, 43, 5, '1910000.00', '9550000.00', '2025-04-03 14:46:45', '2025-04-03 14:46:45'),
(961, 380, 172, 1, '3390000.00', '3390000.00', '2025-04-03 14:46:45', '2025-04-03 14:46:45'),
(962, 380, 175, 4, '3410000.00', '13640000.00', '2025-04-03 14:46:45', '2025-04-03 14:46:45'),
(963, 380, 75, 4, '2100000.00', '8400000.00', '2025-04-03 14:46:45', '2025-04-03 14:46:45'),
(965, 382, 93, 3, '2630000.00', '7890000.00', '2025-04-03 14:46:45', '2025-04-03 14:46:45'),
(966, 382, 156, 5, '2950000.00', '14750000.00', '2025-04-03 14:46:45', '2025-04-03 14:46:45'),
(967, 382, 208, 4, '4890000.00', '19560000.00', '2025-04-03 14:46:45', '2025-04-03 14:46:45'),
(968, 383, 44, 3, '1960000.00', '5880000.00', '2025-04-03 14:46:45', '2025-04-03 14:46:45'),
(969, 383, 45, 1, '1910000.00', '1910000.00', '2025-04-03 14:46:45', '2025-04-03 14:46:45'),
(970, 383, 213, 2, '2370000.00', '4740000.00', '2025-04-03 14:46:45', '2025-04-03 14:46:45'),
(971, 384, 67, 2, '4490000.00', '8980000.00', '2025-04-03 14:46:45', '2025-04-03 14:46:45'),
(972, 384, 89, 3, '4870000.00', '14610000.00', '2025-04-03 14:46:45', '2025-04-03 14:46:45'),
(973, 384, 127, 3, '4540000.00', '13620000.00', '2025-04-03 14:46:45', '2025-04-03 14:46:45'),
(974, 384, 15, 2, '1060000.00', '2120000.00', '2025-04-03 14:46:45', '2025-04-03 14:46:45'),
(975, 384, 187, 1, '770000.00', '770000.00', '2025-04-03 14:46:45', '2025-04-03 14:46:45'),
(976, 385, 188, 5, '930000.00', '4650000.00', '2025-04-03 14:46:45', '2025-04-03 14:46:45'),
(977, 385, 172, 3, '3390000.00', '10170000.00', '2025-04-03 14:46:45', '2025-04-03 14:46:45'),
(978, 385, 187, 2, '770000.00', '1540000.00', '2025-04-03 14:46:45', '2025-04-03 14:46:45'),
(979, 385, 89, 5, '4870000.00', '24350000.00', '2025-04-03 14:46:45', '2025-04-03 14:46:45'),
(980, 385, 38, 1, '4070000.00', '4070000.00', '2025-04-03 14:46:45', '2025-04-03 14:46:45'),
(981, 386, 128, 3, '4840000.00', '14520000.00', '2025-04-03 14:46:45', '2025-04-03 14:46:45'),
(982, 386, 48, 2, '3080000.00', '6160000.00', '2025-04-03 14:46:45', '2025-04-03 14:46:45'),
(983, 386, 234, 3, '4210000.00', '12630000.00', '2025-04-03 14:46:45', '2025-04-03 14:46:45'),
(984, 387, 53, 5, '4310000.00', '21550000.00', '2025-04-03 14:46:45', '2025-04-03 14:46:45'),
(986, 387, 36, 1, '4050000.00', '4050000.00', '2025-04-03 14:46:45', '2025-04-03 14:46:45'),
(987, 388, 96, 4, '3250000.00', '13000000.00', '2025-04-03 14:46:45', '2025-04-03 14:46:45'),
(988, 388, 225, 5, '1060000.00', '5300000.00', '2025-04-03 14:46:45', '2025-04-03 14:46:45'),
(989, 389, 101, 1, '5290000.00', '5290000.00', '2025-04-03 14:46:45', '2025-04-03 14:46:45'),
(990, 390, 73, 4, '2100000.00', '8400000.00', '2025-04-03 14:46:45', '2025-04-03 14:46:45'),
(991, 390, 107, 5, '3500000.00', '17500000.00', '2025-04-03 14:46:45', '2025-04-03 14:46:45'),
(992, 391, 214, 5, '2450000.00', '12250000.00', '2025-04-03 14:46:45', '2025-04-03 14:46:45'),
(993, 392, 38, 1, '4070000.00', '4070000.00', '2025-04-03 14:46:45', '2025-04-03 14:46:45'),
(994, 392, 202, 2, '3580000.00', '7160000.00', '2025-04-03 14:46:45', '2025-04-03 14:46:45'),
(995, 392, 190, 5, '830000.00', '4150000.00', '2025-04-03 14:46:45', '2025-04-03 14:46:45'),
(996, 392, 235, 4, '3960000.00', '15840000.00', '2025-04-03 14:46:45', '2025-04-03 14:46:45'),
(997, 393, 51, 2, '4070000.00', '8140000.00', '2025-04-03 14:46:45', '2025-04-03 14:46:45'),
(998, 393, 140, 3, '4410000.00', '13230000.00', '2025-04-03 14:46:45', '2025-04-03 14:46:45'),
(999, 393, 210, 1, '4880000.00', '4880000.00', '2025-04-03 14:46:45', '2025-04-03 14:46:45'),
(1000, 394, 143, 3, '970000.00', '2910000.00', '2025-04-03 14:46:45', '2025-04-03 14:46:45'),
(1001, 395, 80, 3, '4140000.00', '12420000.00', '2025-04-03 14:46:45', '2025-04-03 14:46:45'),
(1002, 395, 67, 1, '4490000.00', '4490000.00', '2025-04-03 14:46:45', '2025-04-03 14:46:45'),
(1003, 395, 207, 4, '4820000.00', '19280000.00', '2025-04-03 14:46:45', '2025-04-03 14:46:45'),
(1004, 396, 65, 1, '4050000.00', '4050000.00', '2025-04-03 14:46:45', '2025-04-03 14:46:45'),
(1005, 396, 16, 2, '2120000.00', '4240000.00', '2025-04-03 14:46:45', '2025-04-03 14:46:45'),
(1006, 396, 143, 5, '970000.00', '4850000.00', '2025-04-03 14:46:45', '2025-04-03 14:46:45'),
(1007, 397, 124, 2, '2510000.00', '5020000.00', '2025-04-03 14:46:45', '2025-04-03 14:46:45'),
(1008, 398, 121, 3, '2310000.00', '6930000.00', '2025-04-03 14:46:45', '2025-04-03 14:46:45'),
(1009, 398, 52, 4, '4050000.00', '16200000.00', '2025-04-03 14:46:45', '2025-04-03 14:46:45'),
(1010, 399, 70, 3, '4150000.00', '12450000.00', '2025-04-03 14:46:45', '2025-04-03 14:46:45'),
(1011, 399, 30, 5, '120000.00', '600000.00', '2025-04-03 14:46:45', '2025-04-03 14:46:45'),
(1012, 400, 128, 1, '4840000.00', '4840000.00', '2025-04-03 14:46:45', '2025-04-03 14:46:45'),
(1013, 400, 73, 2, '2100000.00', '4200000.00', '2025-04-03 14:46:45', '2025-04-03 14:46:45'),
(1014, 400, 35, 1, '3660000.00', '3660000.00', '2025-04-03 14:46:45', '2025-04-03 14:46:45'),
(1015, 400, 186, 1, '840000.00', '840000.00', '2025-04-03 14:46:45', '2025-04-03 14:46:45'),
(1016, 401, 209, 3, '4650000.00', '13950000.00', '2025-04-03 14:46:45', '2025-04-03 14:46:45'),
(1017, 401, 51, 2, '4070000.00', '8140000.00', '2025-04-03 14:46:45', '2025-04-03 14:46:45'),
(1018, 401, 194, 2, '640000.00', '1280000.00', '2025-04-03 14:46:45', '2025-04-03 14:46:45'),
(1019, 402, 189, 2, '650000.00', '1300000.00', '2025-04-03 14:46:45', '2025-04-03 14:46:45'),
(1020, 402, 61, 5, '4120000.00', '20600000.00', '2025-04-03 14:46:45', '2025-04-03 14:46:45'),
(1021, 403, 39, 4, '4310000.00', '17240000.00', '2025-04-03 14:46:45', '2025-04-03 14:46:45'),
(1022, 403, 202, 5, '3580000.00', '17900000.00', '2025-04-03 14:46:45', '2025-04-03 14:46:45'),
(1023, 404, 29, 3, '110000.00', '330000.00', '2025-04-03 14:46:45', '2025-04-03 14:46:45'),
(1024, 404, 63, 5, '4140000.00', '20700000.00', '2025-04-03 14:46:45', '2025-04-03 14:46:45'),
(1025, 405, 100, 2, '3370000.00', '6740000.00', '2025-04-03 14:46:45', '2025-04-03 14:46:45'),
(1026, 405, 119, 2, '4660000.00', '9320000.00', '2025-04-03 14:46:45', '2025-04-03 14:46:45'),
(1027, 405, 125, 1, '2490000.00', '2490000.00', '2025-04-03 14:46:45', '2025-04-03 14:46:45'),
(1028, 406, 182, 3, '2590000.00', '7770000.00', '2025-04-03 14:46:45', '2025-04-03 14:46:45'),
(1029, 407, 170, 1, '2560000.00', '2560000.00', '2025-04-03 14:46:45', '2025-04-03 14:46:45'),
(1030, 407, 117, 3, '4450000.00', '13350000.00', '2025-04-03 14:46:45', '2025-04-03 14:46:45'),
(1031, 408, 110, 3, '3680000.00', '11040000.00', '2025-04-03 14:46:45', '2025-04-03 14:46:45'),
(1032, 408, 215, 1, '2640000.00', '2640000.00', '2025-04-03 14:46:45', '2025-04-03 14:46:45'),
(1033, 409, 37, 4, '4410000.00', '17640000.00', '2025-04-03 14:46:45', '2025-04-03 14:46:45'),
(1034, 409, 232, 5, '3920000.00', '19600000.00', '2025-04-03 14:46:45', '2025-04-03 14:46:45'),
(1035, 410, 123, 1, '2210000.00', '2210000.00', '2025-04-03 14:46:46', '2025-04-03 14:46:46'),
(1036, 410, 163, 2, '1100000.00', '2200000.00', '2025-04-03 14:46:46', '2025-04-03 14:46:46'),
(1037, 411, 13, 2, '1360000.00', '2720000.00', '2025-04-03 14:46:46', '2025-04-03 14:46:46'),
(1038, 411, 97, 5, '3670000.00', '18350000.00', '2025-04-03 14:46:46', '2025-04-03 14:46:46'),
(1039, 411, 6, 5, '560000.00', '2800000.00', '2025-04-03 14:46:46', '2025-04-03 14:46:46'),
(1040, 411, 231, 5, '4130000.00', '20650000.00', '2025-04-03 14:46:46', '2025-04-03 14:46:46'),
(1041, 412, 192, 1, '700000.00', '700000.00', '2025-04-03 14:46:46', '2025-04-03 14:46:46'),
(1042, 412, 124, 3, '2510000.00', '7530000.00', '2025-04-03 14:46:46', '2025-04-03 14:46:46'),
(1043, 413, 107, 1, '3500000.00', '3500000.00', '2025-04-03 14:46:46', '2025-04-03 14:46:46'),
(1044, 414, 153, 5, '2920000.00', '14600000.00', '2025-04-03 14:46:46', '2025-04-03 14:46:46'),
(1045, 414, 81, 5, '2600000.00', '13000000.00', '2025-04-03 14:46:46', '2025-04-03 14:46:46'),
(1046, 415, 76, 1, '4200000.00', '4200000.00', '2025-04-03 14:46:46', '2025-04-03 14:46:46'),
(1047, 415, 206, 5, '4850000.00', '24250000.00', '2025-04-03 14:46:46', '2025-04-03 14:46:46'),
(1048, 415, 109, 3, '3260000.00', '9780000.00', '2025-04-03 14:46:46', '2025-04-03 14:46:46'),
(1049, 415, 191, 2, '350000.00', '700000.00', '2025-04-03 14:46:46', '2025-04-03 14:46:46'),
(1050, 416, 240, 3, '3650000.00', '10950000.00', '2025-04-03 14:46:46', '2025-04-03 14:46:46'),
(1051, 416, 194, 5, '640000.00', '3200000.00', '2025-04-03 14:46:46', '2025-04-03 14:46:46'),
(1052, 416, 91, 4, '2480000.00', '9920000.00', '2025-04-03 14:46:46', '2025-04-03 14:46:46'),
(1053, 417, 58, 3, '1020000.00', '3060000.00', '2025-04-03 14:46:46', '2025-04-03 14:46:46'),
(1054, 417, 67, 1, '4490000.00', '4490000.00', '2025-04-03 14:46:46', '2025-04-03 14:46:46'),
(1055, 418, 76, 4, '4200000.00', '16800000.00', '2025-04-03 14:46:46', '2025-04-03 14:46:46'),
(1056, 418, 17, 3, '2300000.00', '6900000.00', '2025-04-03 14:46:46', '2025-04-03 14:46:46'),
(1057, 419, 240, 5, '3650000.00', '18250000.00', '2025-04-03 14:46:46', '2025-04-03 14:46:46'),
(1058, 419, 187, 3, '770000.00', '2310000.00', '2025-04-03 14:46:46', '2025-04-03 14:46:46'),
(1059, 420, 16, 3, '2120000.00', '6360000.00', '2025-04-03 14:46:46', '2025-04-03 14:46:46'),
(1060, 421, 34, 1, '3920000.00', '3920000.00', '2025-04-03 14:46:46', '2025-04-03 14:46:46'),
(1061, 421, 141, 1, '1050000.00', '1050000.00', '2025-04-03 14:46:46', '2025-04-03 14:46:46'),
(1062, 422, 38, 2, '4070000.00', '8140000.00', '2025-04-03 14:46:46', '2025-04-03 14:46:46'),
(1063, 422, 174, 1, '3290000.00', '3290000.00', '2025-04-03 14:46:46', '2025-04-03 14:46:46'),
(1064, 422, 136, 4, '4400000.00', '17600000.00', '2025-04-03 14:46:46', '2025-04-03 14:46:46'),
(1065, 422, 66, 1, '4340000.00', '4340000.00', '2025-04-03 14:46:46', '2025-04-03 14:46:46'),
(1066, 423, 18, 3, '1920000.00', '5760000.00', '2025-04-03 14:46:46', '2025-04-03 14:46:46'),
(1067, 423, 218, 3, '2400000.00', '7200000.00', '2025-04-03 14:46:46', '2025-04-03 14:46:46'),
(1068, 423, 164, 4, '1370000.00', '5480000.00', '2025-04-03 14:46:46', '2025-04-03 14:46:46'),
(1069, 423, 60, 5, '940000.00', '4700000.00', '2025-04-03 14:46:46', '2025-04-03 14:46:46'),
(1070, 424, 166, 4, '2130000.00', '8520000.00', '2025-04-03 14:46:46', '2025-04-03 14:46:46'),
(1071, 424, 217, 3, '2470000.00', '7410000.00', '2025-04-03 14:46:46', '2025-04-03 14:46:46'),
(1072, 425, 187, 3, '770000.00', '2310000.00', '2025-04-03 14:46:46', '2025-04-03 14:46:46'),
(1073, 425, 207, 1, '4820000.00', '4820000.00', '2025-04-03 14:46:46', '2025-04-03 14:46:46'),
(1074, 425, 56, 5, '1160000.00', '5800000.00', '2025-04-03 14:46:46', '2025-04-03 14:46:46'),
(1075, 426, 112, 2, '1380000.00', '2760000.00', '2025-04-03 14:46:46', '2025-04-03 14:46:46'),
(1076, 426, 126, 3, '4520000.00', '13560000.00', '2025-04-03 14:46:46', '2025-04-03 14:46:46'),
(1077, 427, 82, 5, '2810000.00', '14050000.00', '2025-04-03 14:46:46', '2025-04-03 14:46:46'),
(1078, 428, 163, 5, '1100000.00', '5500000.00', '2025-04-03 14:46:46', '2025-04-03 14:46:46'),
(1079, 429, 154, 5, '3100000.00', '15500000.00', '2025-04-03 14:46:46', '2025-04-03 14:46:46'),
(1080, 430, 89, 4, '4870000.00', '19480000.00', '2025-04-03 14:46:46', '2025-04-03 14:46:46'),
(1081, 430, 23, 2, '1140000.00', '2280000.00', '2025-04-03 14:46:46', '2025-04-03 14:46:46'),
(1082, 430, 93, 1, '2630000.00', '2630000.00', '2025-04-03 14:46:46', '2025-04-03 14:46:46'),
(1083, 431, 106, 3, '3420000.00', '10260000.00', '2025-04-03 14:46:46', '2025-04-03 14:46:46'),
(1084, 431, 144, 1, '1000000.00', '1000000.00', '2025-04-03 14:46:46', '2025-04-03 14:46:46'),
(1085, 431, 36, 2, '4050000.00', '8100000.00', '2025-04-03 14:46:46', '2025-04-03 14:46:46'),
(1086, 432, 156, 3, '2950000.00', '8850000.00', '2025-04-03 14:46:46', '2025-04-03 14:46:46'),
(1087, 432, 54, 3, '4190000.00', '12570000.00', '2025-04-03 14:46:46', '2025-04-03 14:46:46'),
(1088, 432, 202, 5, '3580000.00', '17900000.00', '2025-04-03 14:46:46', '2025-04-03 14:46:46'),
(1089, 432, 103, 5, '5410000.00', '27050000.00', '2025-04-03 14:46:46', '2025-04-03 14:46:46'),
(1090, 432, 13, 4, '1360000.00', '5440000.00', '2025-04-03 14:46:46', '2025-04-03 14:46:46'),
(1091, 433, 216, 2, '2370000.00', '4740000.00', '2025-04-03 14:46:46', '2025-04-03 14:46:46'),
(1092, 434, 210, 1, '4880000.00', '4880000.00', '2025-04-03 14:46:46', '2025-04-03 14:46:46'),
(1093, 434, 188, 3, '930000.00', '2790000.00', '2025-04-03 14:46:46', '2025-04-03 14:46:46'),
(1094, 434, 101, 1, '5290000.00', '5290000.00', '2025-04-03 14:46:46', '2025-04-03 14:46:46'),
(1095, 434, 126, 3, '4520000.00', '13560000.00', '2025-04-03 14:46:46', '2025-04-03 14:46:46'),
(1096, 435, 122, 1, '2430000.00', '2430000.00', '2025-04-03 14:46:46', '2025-04-03 14:46:46'),
(1097, 436, 233, 4, '4150000.00', '16600000.00', '2025-04-03 14:46:46', '2025-04-03 14:46:46'),
(1098, 437, 193, 3, '690000.00', '2070000.00', '2025-04-03 14:46:46', '2025-04-03 14:46:46'),
(1100, 439, 24, 3, '1150000.00', '3450000.00', '2025-04-03 14:46:46', '2025-04-03 14:46:46'),
(1101, 439, 221, 1, '1430000.00', '1430000.00', '2025-04-03 14:46:46', '2025-04-03 14:46:46'),
(1102, 439, 108, 1, '3300000.00', '3300000.00', '2025-04-03 14:46:46', '2025-04-03 14:46:46'),
(1103, 439, 220, 5, '2340000.00', '11700000.00', '2025-04-03 14:46:46', '2025-04-03 14:46:46'),
(1104, 440, 198, 3, '4700000.00', '14100000.00', '2025-04-03 14:46:46', '2025-04-03 14:46:46'),
(1105, 441, 24, 4, '1150000.00', '4600000.00', '2025-04-03 14:46:46', '2025-04-03 14:46:46'),
(1106, 441, 21, 1, '1250000.00', '1250000.00', '2025-04-03 14:46:46', '2025-04-03 14:46:46'),
(1107, 441, 68, 3, '4200000.00', '12600000.00', '2025-04-03 14:46:46', '2025-04-03 14:46:46'),
(1108, 442, 225, 4, '1060000.00', '4240000.00', '2025-04-03 14:46:46', '2025-04-03 14:46:46'),
(1109, 442, 126, 2, '4520000.00', '9040000.00', '2025-04-03 14:46:46', '2025-04-03 14:46:46'),
(1110, 443, 209, 5, '4650000.00', '23250000.00', '2025-04-03 14:46:46', '2025-04-03 14:46:46'),
(1111, 443, 29, 1, '110000.00', '110000.00', '2025-04-03 14:46:46', '2025-04-03 14:46:46'),
(1112, 444, 154, 1, '3100000.00', '3100000.00', '2025-04-03 14:46:46', '2025-04-03 14:46:46'),
(1113, 444, 81, 5, '2600000.00', '13000000.00', '2025-04-03 14:46:46', '2025-04-03 14:46:46'),
(1114, 445, 75, 2, '2100000.00', '4200000.00', '2025-04-03 14:46:46', '2025-04-03 14:46:46'),
(1115, 445, 212, 5, '2480000.00', '12400000.00', '2025-04-03 14:46:46', '2025-04-03 14:46:46'),
(1116, 445, 11, 1, '1100000.00', '1100000.00', '2025-04-03 14:46:46', '2025-04-03 14:46:46'),
(1117, 446, 59, 4, '760000.00', '3040000.00', '2025-04-03 14:46:46', '2025-04-03 14:46:46'),
(1118, 446, 155, 5, '2860000.00', '14300000.00', '2025-04-03 14:46:46', '2025-04-03 14:46:46'),
(1120, 447, 32, 5, '3760000.00', '18800000.00', '2025-04-03 14:46:46', '2025-04-03 14:46:46'),
(1121, 447, 179, 1, '3920000.00', '3920000.00', '2025-04-03 14:46:46', '2025-04-03 14:46:46'),
(1122, 447, 43, 1, '1910000.00', '1910000.00', '2025-04-03 14:46:46', '2025-04-03 14:46:46'),
(1123, 448, 152, 5, '3030000.00', '15150000.00', '2025-04-03 14:46:46', '2025-04-03 14:46:46'),
(1124, 448, 137, 2, '4310000.00', '8620000.00', '2025-04-03 14:46:46', '2025-04-03 14:46:46'),
(1125, 448, 13, 5, '1360000.00', '6800000.00', '2025-04-03 14:46:46', '2025-04-03 14:46:46');
INSERT INTO `order_items` (`id`, `order_id`, `variant_id`, `quantity`, `unit_price`, `total_price`, `created_at`, `updated_at`) VALUES
(1126, 448, 83, 1, '2560000.00', '2560000.00', '2025-04-03 14:46:46', '2025-04-03 14:46:46'),
(1127, 449, 229, 4, '1930000.00', '7720000.00', '2025-04-03 14:46:46', '2025-04-03 14:46:46'),
(1128, 449, 36, 5, '4050000.00', '20250000.00', '2025-04-03 14:46:46', '2025-04-03 14:46:46'),
(1129, 449, 106, 2, '3420000.00', '6840000.00', '2025-04-03 14:46:46', '2025-04-03 14:46:46'),
(1131, 450, 69, 4, '4180000.00', '16720000.00', '2025-04-03 14:46:46', '2025-04-03 14:46:46'),
(1132, 450, 126, 3, '4520000.00', '13560000.00', '2025-04-03 14:46:46', '2025-04-03 14:46:46'),
(1133, 451, 224, 5, '1150000.00', '5750000.00', '2025-04-03 14:46:46', '2025-04-03 14:46:46'),
(1134, 451, 214, 4, '2450000.00', '9800000.00', '2025-04-03 14:46:46', '2025-04-03 14:46:46'),
(1135, 451, 103, 5, '5410000.00', '27050000.00', '2025-04-03 14:46:46', '2025-04-03 14:46:46'),
(1136, 451, 141, 4, '1050000.00', '4200000.00', '2025-04-03 14:46:46', '2025-04-03 14:46:46'),
(1137, 452, 99, 2, '3430000.00', '6860000.00', '2025-04-03 14:46:46', '2025-04-03 14:46:46'),
(1138, 452, 106, 1, '3420000.00', '3420000.00', '2025-04-03 14:46:46', '2025-04-03 14:46:46'),
(1139, 453, 194, 3, '640000.00', '1920000.00', '2025-04-03 14:46:46', '2025-04-03 14:46:46'),
(1140, 453, 140, 5, '4410000.00', '22050000.00', '2025-04-03 14:46:46', '2025-04-03 14:46:46'),
(1141, 453, 177, 5, '4040000.00', '20200000.00', '2025-04-03 14:46:46', '2025-04-03 14:46:46'),
(1142, 454, 18, 2, '1920000.00', '3840000.00', '2025-04-03 14:46:46', '2025-04-03 14:46:46'),
(1143, 454, 14, 3, '1160000.00', '3480000.00', '2025-04-03 14:46:46', '2025-04-03 14:46:46'),
(1144, 454, 35, 5, '3660000.00', '18300000.00', '2025-04-03 14:46:46', '2025-04-03 14:46:46'),
(1145, 455, 49, 4, '3090000.00', '12360000.00', '2025-04-03 14:46:46', '2025-04-03 14:46:46'),
(1146, 455, 83, 5, '2560000.00', '12800000.00', '2025-04-03 14:46:46', '2025-04-03 14:46:46'),
(1147, 456, 171, 2, '3210000.00', '6420000.00', '2025-04-03 14:46:46', '2025-04-03 14:46:46'),
(1148, 456, 147, 3, '4920000.00', '14760000.00', '2025-04-03 14:46:46', '2025-04-03 14:46:46'),
(1149, 457, 6, 5, '560000.00', '2800000.00', '2025-04-03 14:46:46', '2025-04-03 14:46:46'),
(1150, 457, 140, 3, '4410000.00', '13230000.00', '2025-04-03 14:46:46', '2025-04-03 14:46:46'),
(1151, 457, 19, 2, '1940000.00', '3880000.00', '2025-04-03 14:46:46', '2025-04-03 14:46:46'),
(1152, 457, 226, 1, '1970000.00', '1970000.00', '2025-04-03 14:46:46', '2025-04-03 14:46:46'),
(1153, 458, 124, 2, '2510000.00', '5020000.00', '2025-04-03 14:46:46', '2025-04-03 14:46:46'),
(1154, 458, 87, 2, '4990000.00', '9980000.00', '2025-04-03 14:46:46', '2025-04-03 14:46:46'),
(1155, 459, 150, 1, '4820000.00', '4820000.00', '2025-04-03 14:46:46', '2025-04-03 14:46:46'),
(1156, 460, 236, 3, '4020000.00', '12060000.00', '2025-04-03 14:46:46', '2025-04-03 14:46:46'),
(1157, 460, 189, 3, '650000.00', '1950000.00', '2025-04-03 14:46:46', '2025-04-03 14:46:46'),
(1158, 460, 46, 2, '3180000.00', '6360000.00', '2025-04-03 14:46:46', '2025-04-03 14:46:46'),
(1159, 460, 139, 1, '4500000.00', '4500000.00', '2025-04-03 14:46:46', '2025-04-03 14:46:46'),
(1160, 461, 206, 2, '4850000.00', '9700000.00', '2025-04-03 14:46:46', '2025-04-03 14:46:46'),
(1161, 461, 39, 5, '4310000.00', '21550000.00', '2025-04-03 14:46:46', '2025-04-03 14:46:46'),
(1162, 462, 95, 3, '2390000.00', '7170000.00', '2025-04-03 14:46:46', '2025-04-03 14:46:46'),
(1163, 462, 208, 5, '4890000.00', '24450000.00', '2025-04-03 14:46:46', '2025-04-03 14:46:46'),
(1164, 462, 44, 5, '1960000.00', '9800000.00', '2025-04-03 14:46:46', '2025-04-03 14:46:46'),
(1165, 463, 67, 2, '4490000.00', '8980000.00', '2025-04-03 14:46:46', '2025-04-03 14:46:46'),
(1166, 463, 171, 4, '3210000.00', '12840000.00', '2025-04-03 14:46:46', '2025-04-03 14:46:46'),
(1167, 464, 91, 2, '2480000.00', '4960000.00', '2025-04-03 14:46:46', '2025-04-03 14:46:46'),
(1168, 464, 119, 4, '4660000.00', '18640000.00', '2025-04-03 14:46:46', '2025-04-03 14:46:46'),
(1170, 465, 71, 2, '2050000.00', '4100000.00', '2025-04-03 14:46:46', '2025-04-03 14:46:46'),
(1171, 466, 157, 3, '2980000.00', '8940000.00', '2025-04-03 14:46:46', '2025-04-03 14:46:46'),
(1172, 466, 144, 3, '1000000.00', '3000000.00', '2025-04-03 14:46:46', '2025-04-03 14:46:46'),
(1173, 467, 105, 3, '5260000.00', '15780000.00', '2025-04-03 14:46:46', '2025-04-03 14:46:46'),
(1174, 467, 175, 3, '3410000.00', '10230000.00', '2025-04-03 14:46:46', '2025-04-03 14:46:46'),
(1175, 468, 88, 4, '4580000.00', '18320000.00', '2025-04-03 14:46:46', '2025-04-03 14:46:46'),
(1176, 468, 143, 3, '970000.00', '2910000.00', '2025-04-03 14:46:46', '2025-04-03 14:46:46'),
(1177, 468, 240, 2, '3650000.00', '7300000.00', '2025-04-03 14:46:46', '2025-04-03 14:46:46'),
(1178, 469, 151, 1, '2980000.00', '2980000.00', '2025-04-03 14:46:46', '2025-04-03 14:46:46'),
(1179, 470, 19, 2, '1940000.00', '3880000.00', '2025-04-03 14:46:46', '2025-04-03 14:46:46'),
(1180, 470, 188, 5, '930000.00', '4650000.00', '2025-04-03 14:46:46', '2025-04-03 14:46:46'),
(1181, 471, 228, 4, '1920000.00', '7680000.00', '2025-04-03 14:46:46', '2025-04-03 14:46:46'),
(1182, 471, 101, 5, '5290000.00', '26450000.00', '2025-04-03 14:46:46', '2025-04-03 14:46:46'),
(1183, 472, 127, 4, '4540000.00', '18160000.00', '2025-04-03 14:46:46', '2025-04-03 14:46:46'),
(1184, 472, 197, 2, '4790000.00', '9580000.00', '2025-04-03 14:46:46', '2025-04-03 14:46:46'),
(1185, 472, 128, 4, '4840000.00', '19360000.00', '2025-04-03 14:46:46', '2025-04-03 14:46:46'),
(1186, 473, 207, 5, '4820000.00', '24100000.00', '2025-04-03 14:46:46', '2025-04-03 14:46:46'),
(1189, 473, 210, 5, '4880000.00', '24400000.00', '2025-04-03 14:46:46', '2025-04-03 14:46:46'),
(1190, 474, 51, 4, '4070000.00', '16280000.00', '2025-04-03 14:46:46', '2025-04-03 14:46:46'),
(1191, 475, 80, 4, '4140000.00', '16560000.00', '2025-04-03 14:46:46', '2025-04-03 14:46:46'),
(1192, 475, 59, 5, '760000.00', '3800000.00', '2025-04-03 14:46:46', '2025-04-03 14:46:46'),
(1193, 475, 27, 1, '350000.00', '350000.00', '2025-04-03 14:46:46', '2025-04-03 14:46:46'),
(1194, 476, 217, 3, '2470000.00', '7410000.00', '2025-04-03 14:46:46', '2025-04-03 14:46:46'),
(1195, 477, 115, 4, '1780000.00', '7120000.00', '2025-04-03 14:46:46', '2025-04-03 14:46:46'),
(1196, 477, 104, 4, '5010000.00', '20040000.00', '2025-04-03 14:46:46', '2025-04-03 14:46:46'),
(1197, 477, 23, 5, '1140000.00', '5700000.00', '2025-04-03 14:46:46', '2025-04-03 14:46:46'),
(1198, 477, 156, 2, '2950000.00', '5900000.00', '2025-04-03 14:46:46', '2025-04-03 14:46:46'),
(1199, 478, 98, 2, '3620000.00', '7240000.00', '2025-04-03 14:46:46', '2025-04-03 14:46:46'),
(1200, 478, 223, 5, '1170000.00', '5850000.00', '2025-04-03 14:46:46', '2025-04-03 14:46:46'),
(1201, 479, 158, 2, '3240000.00', '6480000.00', '2025-04-03 14:46:46', '2025-04-03 14:46:46'),
(1202, 479, 212, 2, '2480000.00', '4960000.00', '2025-04-03 14:46:46', '2025-04-03 14:46:46'),
(1203, 480, 97, 1, '3670000.00', '3670000.00', '2025-04-03 14:46:46', '2025-04-03 14:46:46'),
(1204, 480, 91, 5, '2480000.00', '12400000.00', '2025-04-03 14:46:46', '2025-04-03 14:46:46'),
(1205, 480, 238, 5, '3600000.00', '18000000.00', '2025-04-03 14:46:46', '2025-04-03 14:46:46'),
(1206, 480, 222, 4, '1180000.00', '4720000.00', '2025-04-03 14:46:46', '2025-04-03 14:46:46'),
(1207, 481, 121, 1, '2310000.00', '2310000.00', '2025-04-03 14:46:46', '2025-04-03 14:46:46'),
(1208, 481, 217, 5, '2470000.00', '12350000.00', '2025-04-03 14:46:46', '2025-04-03 14:46:46'),
(1209, 481, 171, 2, '3210000.00', '6420000.00', '2025-04-03 14:46:46', '2025-04-03 14:46:46'),
(1210, 482, 7, 3, '720000.00', '2160000.00', '2025-04-03 14:46:46', '2025-04-03 14:46:46'),
(1211, 483, 225, 1, '1060000.00', '1060000.00', '2025-04-03 14:46:46', '2025-04-03 14:46:46'),
(1212, 484, 15, 5, '1060000.00', '5300000.00', '2025-04-03 14:46:46', '2025-04-03 14:46:46'),
(1213, 484, 196, 5, '4690000.00', '23450000.00', '2025-04-03 14:46:46', '2025-04-03 14:46:46'),
(1214, 484, 172, 2, '3390000.00', '6780000.00', '2025-04-03 14:46:46', '2025-04-03 14:46:46'),
(1216, 485, 127, 3, '4540000.00', '13620000.00', '2025-04-03 14:46:46', '2025-04-03 14:46:46'),
(1217, 485, 173, 1, '3550000.00', '3550000.00', '2025-04-03 14:46:46', '2025-04-03 14:46:46'),
(1218, 485, 235, 4, '3960000.00', '15840000.00', '2025-04-03 14:46:46', '2025-04-03 14:46:46'),
(1219, 485, 191, 2, '350000.00', '700000.00', '2025-04-03 14:46:46', '2025-04-03 14:46:46'),
(1220, 486, 48, 3, '3080000.00', '9240000.00', '2025-04-03 14:46:46', '2025-04-03 14:46:46'),
(1221, 486, 168, 2, '2420000.00', '4840000.00', '2025-04-03 14:46:46', '2025-04-03 14:46:46'),
(1222, 487, 23, 5, '1140000.00', '5700000.00', '2025-04-03 14:46:46', '2025-04-03 14:46:46'),
(1223, 488, 126, 3, '4520000.00', '13560000.00', '2025-04-03 14:46:46', '2025-04-03 14:46:46'),
(1224, 488, 220, 1, '2340000.00', '2340000.00', '2025-04-03 14:46:46', '2025-04-03 14:46:46'),
(1225, 488, 44, 2, '1960000.00', '3920000.00', '2025-04-03 14:46:46', '2025-04-03 14:46:46'),
(1226, 488, 111, 1, '1710000.00', '1710000.00', '2025-04-03 14:46:46', '2025-04-03 14:46:46'),
(1227, 489, 181, 1, '2410000.00', '2410000.00', '2025-04-03 14:46:46', '2025-04-03 14:46:46'),
(1228, 489, 147, 1, '4920000.00', '4920000.00', '2025-04-03 14:46:46', '2025-04-03 14:46:46'),
(1229, 490, 47, 4, '3010000.00', '12040000.00', '2025-04-03 14:46:46', '2025-04-03 14:46:46'),
(1230, 491, 37, 5, '4410000.00', '22050000.00', '2025-04-03 14:46:46', '2025-04-03 14:46:46'),
(1231, 491, 30, 1, '120000.00', '120000.00', '2025-04-03 14:46:46', '2025-04-03 14:46:46'),
(1232, 492, 90, 2, '4610000.00', '9220000.00', '2025-04-03 14:46:46', '2025-04-03 14:46:46'),
(1233, 493, 27, 3, '350000.00', '1050000.00', '2025-04-03 14:46:46', '2025-04-03 14:46:46'),
(1234, 494, 129, 5, '4810000.00', '24050000.00', '2025-04-03 14:46:46', '2025-04-03 14:46:46'),
(1235, 494, 232, 1, '3920000.00', '3920000.00', '2025-04-03 14:46:46', '2025-04-03 14:46:46'),
(1236, 494, 187, 2, '770000.00', '1540000.00', '2025-04-03 14:46:46', '2025-04-03 14:46:46'),
(1237, 495, 108, 3, '3300000.00', '9900000.00', '2025-04-03 14:46:47', '2025-04-03 14:46:47'),
(1238, 495, 83, 1, '2560000.00', '2560000.00', '2025-04-03 14:46:47', '2025-04-03 14:46:47'),
(1239, 496, 21, 5, '1250000.00', '6250000.00', '2025-04-03 14:46:47', '2025-04-03 14:46:47'),
(1240, 497, 185, 5, '2570000.00', '12850000.00', '2025-04-03 14:46:47', '2025-04-03 14:46:47'),
(1241, 497, 50, 4, '3110000.00', '12440000.00', '2025-04-03 14:46:47', '2025-04-03 14:46:47'),
(1242, 498, 193, 3, '690000.00', '2070000.00', '2025-04-03 14:46:47', '2025-04-03 14:46:47'),
(1244, 498, 113, 1, '1610000.00', '1610000.00', '2025-04-03 14:46:47', '2025-04-03 14:46:47'),
(1245, 498, 232, 1, '3920000.00', '3920000.00', '2025-04-03 14:46:47', '2025-04-03 14:46:47'),
(1246, 499, 219, 1, '2470000.00', '2470000.00', '2025-04-03 14:46:47', '2025-04-03 14:46:47'),
(1247, 499, 119, 5, '4660000.00', '23300000.00', '2025-04-03 14:46:47', '2025-04-03 14:46:47'),
(1248, 500, 150, 1, '4820000.00', '4820000.00', '2025-04-03 14:46:47', '2025-04-03 14:46:47'),
(1249, 500, 12, 4, '1100000.00', '4400000.00', '2025-04-03 14:46:47', '2025-04-03 14:46:47'),
(1250, 500, 168, 2, '2420000.00', '4840000.00', '2025-04-03 14:46:47', '2025-04-03 14:46:47'),
(1251, 501, 127, 5, '4540000.00', '22700000.00', '2025-04-03 14:46:47', '2025-04-03 14:46:47'),
(1252, 501, 160, 4, '3240000.00', '12960000.00', '2025-04-03 14:46:47', '2025-04-03 14:46:47'),
(1253, 502, 124, 3, '2510000.00', '7530000.00', '2025-04-03 14:46:47', '2025-04-03 14:46:47'),
(1254, 502, 195, 5, '440000.00', '2200000.00', '2025-04-03 14:46:47', '2025-04-03 14:46:47'),
(1255, 502, 55, 4, '4000000.00', '16000000.00', '2025-04-03 14:46:47', '2025-04-03 14:46:47'),
(1256, 502, 150, 3, '4820000.00', '14460000.00', '2025-04-03 14:46:47', '2025-04-03 14:46:47'),
(1257, 503, 144, 4, '1000000.00', '4000000.00', '2025-04-03 14:46:47', '2025-04-03 14:46:47'),
(1258, 503, 137, 5, '4310000.00', '21550000.00', '2025-04-03 14:46:47', '2025-04-03 14:46:47'),
(1259, 503, 206, 2, '4850000.00', '9700000.00', '2025-04-03 14:46:47', '2025-04-03 14:46:47'),
(1260, 503, 112, 2, '1380000.00', '2760000.00', '2025-04-03 14:46:47', '2025-04-03 14:46:47'),
(1261, 504, 78, 1, '4310000.00', '4310000.00', '2025-04-03 14:46:47', '2025-04-03 14:46:47'),
(1262, 505, 130, 1, '4620000.00', '4620000.00', '2025-04-03 14:46:47', '2025-04-03 14:46:47'),
(1263, 505, 56, 1, '1160000.00', '1160000.00', '2025-04-03 14:46:47', '2025-04-03 14:46:47'),
(1264, 506, 46, 3, '3180000.00', '9540000.00', '2025-04-03 14:46:47', '2025-04-03 14:46:47'),
(1265, 506, 114, 5, '1490000.00', '7450000.00', '2025-04-03 14:46:47', '2025-04-03 14:46:47'),
(1266, 506, 184, 4, '2820000.00', '11280000.00', '2025-04-03 14:46:47', '2025-04-03 14:46:47'),
(1267, 507, 197, 3, '4790000.00', '14370000.00', '2025-04-03 14:46:47', '2025-04-03 14:46:47'),
(1268, 507, 150, 2, '4820000.00', '9640000.00', '2025-04-03 14:46:47', '2025-04-03 14:46:47'),
(1269, 508, 156, 2, '2950000.00', '5900000.00', '2025-04-03 14:46:47', '2025-04-03 14:46:47'),
(1270, 509, 105, 1, '5260000.00', '5260000.00', '2025-04-03 14:46:47', '2025-04-03 14:46:47'),
(1271, 509, 8, 3, '740000.00', '2220000.00', '2025-04-03 14:46:47', '2025-04-03 14:46:47'),
(1272, 510, 21, 5, '1250000.00', '6250000.00', '2025-04-03 14:46:47', '2025-04-03 14:46:47'),
(1273, 510, 141, 1, '1050000.00', '1050000.00', '2025-04-03 14:46:47', '2025-04-03 14:46:47'),
(1274, 510, 105, 4, '5260000.00', '21040000.00', '2025-04-03 14:46:47', '2025-04-03 14:46:47'),
(1275, 511, 210, 2, '4880000.00', '9760000.00', '2025-04-03 14:46:47', '2025-04-03 14:46:47'),
(1276, 512, 145, 2, '800000.00', '1600000.00', '2025-04-03 14:46:47', '2025-04-03 14:46:47'),
(1277, 512, 91, 1, '2480000.00', '2480000.00', '2025-04-03 14:46:47', '2025-04-03 14:46:47'),
(1278, 512, 128, 4, '4840000.00', '19360000.00', '2025-04-03 14:46:47', '2025-04-03 14:46:47'),
(1279, 513, 198, 5, '4700000.00', '23500000.00', '2025-04-03 14:46:47', '2025-04-03 14:46:47'),
(1280, 513, 164, 5, '1370000.00', '6850000.00', '2025-04-03 14:46:47', '2025-04-03 14:46:47'),
(1281, 513, 138, 3, '4610000.00', '13830000.00', '2025-04-03 14:46:47', '2025-04-03 14:46:47'),
(1282, 514, 90, 4, '4610000.00', '18440000.00', '2025-04-03 14:46:47', '2025-04-03 14:46:47'),
(1283, 514, 103, 5, '5410000.00', '27050000.00', '2025-04-03 14:46:47', '2025-04-03 14:46:47'),
(1284, 514, 22, 5, '1310000.00', '6550000.00', '2025-04-03 14:46:47', '2025-04-03 14:46:47'),
(1285, 515, 59, 5, '760000.00', '3800000.00', '2025-04-03 14:46:47', '2025-04-03 14:46:47'),
(1286, 515, 129, 5, '4810000.00', '24050000.00', '2025-04-03 14:46:47', '2025-04-03 14:46:47'),
(1287, 516, 170, 5, '2560000.00', '12800000.00', '2025-04-03 14:46:47', '2025-04-03 14:46:47'),
(1288, 516, 204, 3, '3500000.00', '10500000.00', '2025-04-03 14:46:47', '2025-04-03 14:46:47'),
(1289, 516, 70, 1, '4150000.00', '4150000.00', '2025-04-03 14:46:47', '2025-04-03 14:46:47'),
(1290, 516, 209, 3, '4650000.00', '13950000.00', '2025-04-03 14:46:47', '2025-04-03 14:46:47'),
(1291, 517, 37, 1, '4410000.00', '4410000.00', '2025-04-03 14:46:47', '2025-04-03 14:46:47'),
(1292, 517, 55, 5, '4000000.00', '20000000.00', '2025-04-03 14:46:47', '2025-04-03 14:46:47'),
(1293, 518, 21, 1, '1250000.00', '1250000.00', '2025-04-03 14:46:47', '2025-04-03 14:46:47'),
(1294, 519, 138, 1, '4610000.00', '4610000.00', '2025-04-03 14:46:47', '2025-04-03 14:46:47'),
(1295, 519, 170, 3, '2560000.00', '7680000.00', '2025-04-03 14:46:47', '2025-04-03 14:46:47'),
(1296, 519, 45, 1, '1910000.00', '1910000.00', '2025-04-03 14:46:47', '2025-04-03 14:46:47'),
(1297, 519, 74, 4, '2370000.00', '9480000.00', '2025-04-03 14:46:47', '2025-04-03 14:46:47'),
(1298, 520, 231, 3, '4130000.00', '12390000.00', '2025-04-03 14:46:47', '2025-04-03 14:46:47'),
(1299, 520, 142, 3, '1200000.00', '3600000.00', '2025-04-03 14:46:47', '2025-04-03 14:46:47'),
(1300, 520, 172, 4, '3390000.00', '13560000.00', '2025-04-03 14:46:47', '2025-04-03 14:46:47'),
(1301, 521, 218, 1, '2400000.00', '2400000.00', '2025-04-03 14:46:47', '2025-04-03 14:46:47'),
(1302, 522, 156, 1, '2950000.00', '2950000.00', '2025-04-03 14:46:47', '2025-04-03 14:46:47'),
(1303, 523, 220, 5, '2340000.00', '11700000.00', '2025-04-03 14:46:47', '2025-04-03 14:46:47'),
(1304, 523, 177, 3, '4040000.00', '12120000.00', '2025-04-03 14:46:47', '2025-04-03 14:46:47'),
(1305, 523, 32, 2, '3760000.00', '7520000.00', '2025-04-03 14:46:47', '2025-04-03 14:46:47'),
(1306, 523, 19, 3, '1940000.00', '5820000.00', '2025-04-03 14:46:47', '2025-04-03 14:46:47'),
(1307, 524, 202, 2, '3580000.00', '7160000.00', '2025-04-03 14:46:47', '2025-04-03 14:46:47'),
(1308, 524, 199, 3, '4760000.00', '14280000.00', '2025-04-03 14:46:47', '2025-04-03 14:46:47'),
(1309, 525, 196, 4, '4690000.00', '18760000.00', '2025-04-03 14:46:47', '2025-04-03 14:46:47'),
(1310, 525, 21, 3, '1250000.00', '3750000.00', '2025-04-03 14:46:47', '2025-04-03 14:46:47'),
(1311, 525, 213, 3, '2370000.00', '7110000.00', '2025-04-03 14:46:47', '2025-04-03 14:46:47'),
(1312, 526, 116, 1, '4400000.00', '4400000.00', '2025-04-03 14:46:47', '2025-04-03 14:46:47'),
(1313, 526, 30, 2, '120000.00', '240000.00', '2025-04-03 14:46:47', '2025-04-03 14:46:47'),
(1314, 526, 180, 4, '3900000.00', '15600000.00', '2025-04-03 14:46:47', '2025-04-03 14:46:47'),
(1315, 526, 49, 5, '3090000.00', '15450000.00', '2025-04-03 14:46:47', '2025-04-03 14:46:47'),
(1316, 527, 208, 1, '4890000.00', '4890000.00', '2025-04-03 14:46:47', '2025-04-03 14:46:47'),
(1317, 528, 209, 3, '4650000.00', '13950000.00', '2025-04-03 14:46:47', '2025-04-03 14:46:47'),
(1318, 528, 31, 3, '3950000.00', '11850000.00', '2025-04-03 14:46:47', '2025-04-03 14:46:47'),
(1319, 529, 46, 3, '3180000.00', '9540000.00', '2025-04-03 14:46:47', '2025-04-03 14:46:47'),
(1320, 529, 199, 4, '4760000.00', '19040000.00', '2025-04-03 14:46:47', '2025-04-03 14:46:47'),
(1321, 529, 136, 2, '4400000.00', '8800000.00', '2025-04-03 14:46:47', '2025-04-03 14:46:47'),
(1322, 530, 162, 5, '1190000.00', '5950000.00', '2025-04-03 14:46:47', '2025-04-03 14:46:47'),
(1323, 530, 76, 5, '4200000.00', '21000000.00', '2025-04-03 14:46:47', '2025-04-03 14:46:47'),
(1324, 530, 210, 3, '4880000.00', '14640000.00', '2025-04-03 14:46:47', '2025-04-03 14:46:47'),
(1325, 530, 11, 3, '1100000.00', '3300000.00', '2025-04-03 14:46:47', '2025-04-03 14:46:47'),
(1326, 530, 130, 3, '4620000.00', '13860000.00', '2025-04-03 14:46:47', '2025-04-03 14:46:47'),
(1327, 531, 72, 2, '2300000.00', '4600000.00', '2025-04-03 14:46:47', '2025-04-03 14:46:47'),
(1328, 531, 168, 4, '2420000.00', '9680000.00', '2025-04-03 14:46:47', '2025-04-03 14:46:47'),
(1329, 531, 153, 5, '2920000.00', '14600000.00', '2025-04-03 14:46:47', '2025-04-03 14:46:47'),
(1330, 532, 82, 1, '2810000.00', '2810000.00', '2025-04-03 14:46:47', '2025-04-03 14:46:47'),
(1331, 532, 165, 1, '970000.00', '970000.00', '2025-04-03 14:46:47', '2025-04-03 14:46:47'),
(1332, 533, 137, 2, '4310000.00', '8620000.00', '2025-04-03 14:46:47', '2025-04-03 14:46:47'),
(1333, 534, 191, 5, '350000.00', '1750000.00', '2025-04-03 14:46:47', '2025-04-03 14:46:47'),
(1334, 534, 49, 3, '3090000.00', '9270000.00', '2025-04-03 14:46:47', '2025-04-03 14:46:47'),
(1335, 535, 80, 3, '4140000.00', '12420000.00', '2025-04-03 14:46:47', '2025-04-03 14:46:47'),
(1336, 535, 39, 3, '4310000.00', '12930000.00', '2025-04-03 14:46:47', '2025-04-03 14:46:47'),
(1337, 536, 206, 1, '4850000.00', '4850000.00', '2025-04-03 14:46:47', '2025-04-03 14:46:47'),
(1338, 537, 6, 1, '560000.00', '560000.00', '2025-04-03 14:46:47', '2025-04-03 14:46:47'),
(1339, 537, 97, 3, '3670000.00', '11010000.00', '2025-04-03 14:46:47', '2025-04-03 14:46:47'),
(1340, 537, 196, 2, '4690000.00', '9380000.00', '2025-04-03 14:46:47', '2025-04-03 14:46:47'),
(1341, 538, 116, 5, '4400000.00', '22000000.00', '2025-04-03 14:46:47', '2025-04-03 14:46:47'),
(1342, 538, 168, 2, '2420000.00', '4840000.00', '2025-04-03 14:46:47', '2025-04-03 14:46:47'),
(1344, 539, 102, 4, '5350000.00', '21400000.00', '2025-04-03 14:46:47', '2025-04-03 14:46:47'),
(1345, 540, 146, 4, '5130000.00', '20520000.00', '2025-04-03 14:46:47', '2025-04-03 14:46:47'),
(1346, 540, 127, 5, '4540000.00', '22700000.00', '2025-04-03 14:46:47', '2025-04-03 14:46:47'),
(1347, 541, 189, 2, '650000.00', '1300000.00', '2025-04-03 14:46:47', '2025-04-03 14:46:47'),
(1348, 541, 174, 5, '3290000.00', '16450000.00', '2025-04-03 14:46:47', '2025-04-03 14:46:47'),
(1349, 542, 65, 2, '4050000.00', '8100000.00', '2025-04-03 14:46:47', '2025-04-03 14:46:47'),
(1350, 542, 85, 1, '2860000.00', '2860000.00', '2025-04-03 14:46:47', '2025-04-03 14:46:47'),
(1351, 542, 80, 1, '4140000.00', '4140000.00', '2025-04-03 14:46:47', '2025-04-03 14:46:47'),
(1352, 543, 16, 2, '2120000.00', '4240000.00', '2025-04-03 14:46:47', '2025-04-03 14:46:47'),
(1353, 543, 53, 4, '4310000.00', '17240000.00', '2025-04-03 14:46:47', '2025-04-03 14:46:47'),
(1354, 544, 107, 2, '3500000.00', '7000000.00', '2025-04-03 14:46:47', '2025-04-03 14:46:47'),
(1355, 544, 16, 1, '2120000.00', '2120000.00', '2025-04-03 14:46:47', '2025-04-03 14:46:47'),
(1356, 544, 205, 5, '3770000.00', '18850000.00', '2025-04-03 14:46:47', '2025-04-03 14:46:47'),
(1357, 544, 185, 2, '2570000.00', '5140000.00', '2025-04-03 14:46:47', '2025-04-03 14:46:47'),
(1358, 545, 16, 1, '2120000.00', '2120000.00', '2025-04-03 14:46:47', '2025-04-03 14:46:47'),
(1359, 545, 178, 5, '4050000.00', '20250000.00', '2025-04-03 14:46:47', '2025-04-03 14:46:47'),
(1360, 545, 55, 4, '4000000.00', '16000000.00', '2025-04-03 14:46:47', '2025-04-03 14:46:47'),
(1361, 545, 18, 1, '1920000.00', '1920000.00', '2025-04-03 14:46:47', '2025-04-03 14:46:47'),
(1362, 546, 121, 4, '2310000.00', '9240000.00', '2025-04-03 14:46:47', '2025-04-03 14:46:47'),
(1363, 546, 236, 2, '4020000.00', '8040000.00', '2025-04-03 14:46:47', '2025-04-03 14:46:47'),
(1364, 547, 190, 2, '830000.00', '1660000.00', '2025-04-03 14:46:47', '2025-04-03 14:46:47'),
(1365, 547, 163, 2, '1100000.00', '2200000.00', '2025-04-03 14:46:47', '2025-04-03 14:46:47'),
(1366, 548, 93, 1, '2630000.00', '2630000.00', '2025-04-03 14:46:47', '2025-04-03 14:46:47'),
(1367, 548, 129, 4, '4810000.00', '19240000.00', '2025-04-03 14:46:47', '2025-04-03 14:46:47'),
(1368, 548, 152, 3, '3030000.00', '9090000.00', '2025-04-03 14:46:47', '2025-04-03 14:46:47'),
(1369, 549, 81, 3, '2600000.00', '7800000.00', '2025-04-03 14:46:47', '2025-04-03 14:46:47'),
(1370, 549, 119, 4, '4660000.00', '18640000.00', '2025-04-03 14:46:47', '2025-04-03 14:46:47'),
(1371, 549, 163, 2, '1100000.00', '2200000.00', '2025-04-03 14:46:47', '2025-04-03 14:46:47'),
(1372, 550, 184, 1, '2820000.00', '2820000.00', '2025-04-03 14:46:47', '2025-04-03 14:46:47'),
(1373, 550, 142, 5, '1200000.00', '6000000.00', '2025-04-03 14:46:47', '2025-04-03 14:46:47'),
(1374, 551, 52, 1, '4050000.00', '4050000.00', '2025-04-03 14:46:47', '2025-04-03 14:46:47'),
(1375, 551, 7, 4, '720000.00', '2880000.00', '2025-04-03 14:46:47', '2025-04-03 14:46:47'),
(1376, 551, 29, 1, '110000.00', '110000.00', '2025-04-03 14:46:47', '2025-04-03 14:46:47'),
(1377, 552, 9, 5, '340000.00', '1700000.00', '2025-04-03 14:46:47', '2025-04-03 14:46:47'),
(1378, 553, 27, 5, '350000.00', '1750000.00', '2025-04-03 14:46:47', '2025-04-03 14:46:47'),
(1379, 554, 45, 1, '1910000.00', '1910000.00', '2025-04-03 14:46:47', '2025-04-03 14:46:47'),
(1380, 554, 48, 5, '3080000.00', '15400000.00', '2025-04-03 14:46:47', '2025-04-03 14:46:47'),
(1381, 554, 90, 5, '4610000.00', '23050000.00', '2025-04-03 14:46:47', '2025-04-03 14:46:47'),
(1382, 555, 88, 4, '4580000.00', '18320000.00', '2025-04-03 14:46:47', '2025-04-03 14:46:47'),
(1383, 555, 68, 1, '4200000.00', '4200000.00', '2025-04-03 14:46:47', '2025-04-03 14:46:47'),
(1384, 556, 179, 2, '3920000.00', '7840000.00', '2025-04-03 14:46:47', '2025-04-03 14:46:47'),
(1385, 557, 202, 2, '3580000.00', '7160000.00', '2025-04-03 14:46:47', '2025-04-03 14:46:47'),
(1386, 557, 67, 4, '4490000.00', '17960000.00', '2025-04-03 14:46:47', '2025-04-03 14:46:47'),
(1387, 557, 112, 4, '1380000.00', '5520000.00', '2025-04-03 14:46:47', '2025-04-03 14:46:47'),
(1388, 558, 48, 3, '3080000.00', '9240000.00', '2025-04-03 14:46:47', '2025-04-03 14:46:47'),
(1389, 558, 193, 3, '690000.00', '2070000.00', '2025-04-03 14:46:47', '2025-04-03 14:46:47'),
(1390, 558, 120, 1, '4390000.00', '4390000.00', '2025-04-03 14:46:47', '2025-04-03 14:46:47'),
(1391, 559, 149, 5, '4960000.00', '24800000.00', '2025-04-03 14:46:47', '2025-04-03 14:46:47'),
(1392, 559, 29, 5, '110000.00', '550000.00', '2025-04-03 14:46:47', '2025-04-03 14:46:47'),
(1393, 559, 167, 3, '2550000.00', '7650000.00', '2025-04-03 14:46:47', '2025-04-03 14:46:47'),
(1394, 559, 6, 5, '560000.00', '2800000.00', '2025-04-03 14:46:47', '2025-04-03 14:46:47'),
(1395, 560, 16, 4, '2120000.00', '8480000.00', '2025-04-03 14:46:47', '2025-04-03 14:46:47'),
(1396, 560, 182, 3, '2590000.00', '7770000.00', '2025-04-03 14:46:47', '2025-04-03 14:46:47'),
(1397, 560, 119, 4, '4660000.00', '18640000.00', '2025-04-03 14:46:47', '2025-04-03 14:46:47'),
(1398, 560, 143, 4, '970000.00', '3880000.00', '2025-04-03 14:46:47', '2025-04-03 14:46:47'),
(1399, 561, 18, 5, '1920000.00', '9600000.00', '2025-04-03 14:46:47', '2025-04-03 14:46:47'),
(1400, 562, 182, 5, '2590000.00', '12950000.00', '2025-04-03 14:46:47', '2025-04-03 14:46:47'),
(1401, 562, 20, 3, '2140000.00', '6420000.00', '2025-04-03 14:46:47', '2025-04-03 14:46:47'),
(1402, 563, 231, 4, '4130000.00', '16520000.00', '2025-04-03 14:46:47', '2025-04-03 14:46:47'),
(1403, 563, 97, 4, '3670000.00', '14680000.00', '2025-04-03 14:46:47', '2025-04-03 14:46:47'),
(1404, 563, 180, 2, '3900000.00', '7800000.00', '2025-04-03 14:46:47', '2025-04-03 14:46:47'),
(1405, 564, 240, 1, '3650000.00', '3650000.00', '2025-04-03 14:46:47', '2025-04-03 14:46:47'),
(1406, 564, 68, 5, '4200000.00', '21000000.00', '2025-04-03 14:46:47', '2025-04-03 14:46:47'),
(1407, 565, 223, 3, '1170000.00', '3510000.00', '2025-04-03 14:46:47', '2025-04-03 14:46:47'),
(1408, 565, 236, 3, '4020000.00', '12060000.00', '2025-04-03 14:46:47', '2025-04-03 14:46:47'),
(1409, 566, 156, 4, '2950000.00', '11800000.00', '2025-04-03 14:46:47', '2025-04-03 14:46:47'),
(1410, 566, 56, 2, '1160000.00', '2320000.00', '2025-04-03 14:46:47', '2025-04-03 14:46:47'),
(1411, 566, 94, 2, '2660000.00', '5320000.00', '2025-04-03 14:46:47', '2025-04-03 14:46:47'),
(1412, 566, 215, 3, '2640000.00', '7920000.00', '2025-04-03 14:46:47', '2025-04-03 14:46:47'),
(1413, 566, 94, 5, '2660000.00', '13300000.00', '2025-04-03 14:46:47', '2025-04-03 14:46:47'),
(1414, 567, 98, 3, '3620000.00', '10860000.00', '2025-04-03 14:46:47', '2025-04-03 14:46:47'),
(1415, 567, 19, 2, '1940000.00', '3880000.00', '2025-04-03 14:46:47', '2025-04-03 14:46:47'),
(1416, 568, 89, 3, '4870000.00', '14610000.00', '2025-04-03 14:46:47', '2025-04-03 14:46:47'),
(1417, 568, 163, 3, '1100000.00', '3300000.00', '2025-04-03 14:46:47', '2025-04-03 14:46:47'),
(1418, 568, 194, 1, '640000.00', '640000.00', '2025-04-03 14:46:47', '2025-04-03 14:46:47'),
(1419, 569, 15, 3, '1060000.00', '3180000.00', '2025-04-03 14:46:47', '2025-04-03 14:46:47'),
(1421, 570, 149, 5, '4960000.00', '24800000.00', '2025-04-03 14:46:47', '2025-04-03 14:46:47'),
(1422, 570, 203, 5, '3890000.00', '19450000.00', '2025-04-03 14:46:47', '2025-04-03 14:46:47'),
(1424, 572, 82, 4, '2810000.00', '11240000.00', '2025-04-03 14:46:47', '2025-04-03 14:46:47'),
(1425, 572, 216, 5, '2370000.00', '11850000.00', '2025-04-03 14:46:47', '2025-04-03 14:46:47'),
(1426, 572, 220, 3, '2340000.00', '7020000.00', '2025-04-03 14:46:47', '2025-04-03 14:46:47'),
(1427, 573, 12, 5, '1100000.00', '5500000.00', '2025-04-03 14:46:47', '2025-04-03 14:46:47'),
(1428, 574, 187, 1, '770000.00', '770000.00', '2025-04-03 14:46:47', '2025-04-03 14:46:47'),
(1429, 575, 84, 5, '2690000.00', '13450000.00', '2025-04-03 14:46:47', '2025-04-03 14:46:47'),
(1430, 576, 32, 5, '3760000.00', '18800000.00', '2025-04-03 14:46:47', '2025-04-03 14:46:47'),
(1431, 576, 18, 1, '1920000.00', '1920000.00', '2025-04-03 14:46:47', '2025-04-03 14:46:47'),
(1432, 577, 114, 4, '1490000.00', '5960000.00', '2025-04-03 14:46:47', '2025-04-03 14:46:47'),
(1433, 577, 226, 2, '1970000.00', '3940000.00', '2025-04-03 14:46:47', '2025-04-03 14:46:47'),
(1434, 577, 68, 4, '4200000.00', '16800000.00', '2025-04-03 14:46:47', '2025-04-03 14:46:47'),
(1435, 578, 22, 5, '1310000.00', '6550000.00', '2025-04-03 14:46:47', '2025-04-03 14:46:47'),
(1436, 578, 192, 3, '700000.00', '2100000.00', '2025-04-03 14:46:47', '2025-04-03 14:46:47'),
(1437, 579, 191, 2, '350000.00', '700000.00', '2025-04-03 14:46:47', '2025-04-03 14:46:47'),
(1438, 579, 25, 5, '1230000.00', '6150000.00', '2025-04-03 14:46:47', '2025-04-03 14:46:47'),
(1439, 579, 30, 2, '120000.00', '240000.00', '2025-04-03 14:46:47', '2025-04-03 14:46:47'),
(1440, 580, 179, 5, '3920000.00', '19600000.00', '2025-04-03 14:46:48', '2025-04-03 14:46:48'),
(1441, 580, 34, 4, '3920000.00', '15680000.00', '2025-04-03 14:46:48', '2025-04-03 14:46:48'),
(1442, 581, 111, 4, '1710000.00', '6840000.00', '2025-04-03 14:46:48', '2025-04-03 14:46:48'),
(1443, 582, 107, 2, '3500000.00', '7000000.00', '2025-04-03 14:46:48', '2025-04-03 14:46:48'),
(1444, 582, 206, 2, '4850000.00', '9700000.00', '2025-04-03 14:46:48', '2025-04-03 14:46:48'),
(1445, 582, 48, 2, '3080000.00', '6160000.00', '2025-04-03 14:46:48', '2025-04-03 14:46:48'),
(1446, 583, 87, 2, '4990000.00', '9980000.00', '2025-04-03 14:46:48', '2025-04-03 14:46:48'),
(1447, 583, 21, 2, '1250000.00', '2500000.00', '2025-04-03 14:46:48', '2025-04-03 14:46:48'),
(1448, 583, 228, 5, '1920000.00', '9600000.00', '2025-04-03 14:46:48', '2025-04-03 14:46:48'),
(1449, 583, 191, 2, '350000.00', '700000.00', '2025-04-03 14:46:48', '2025-04-03 14:46:48'),
(1450, 583, 87, 2, '4990000.00', '9980000.00', '2025-04-03 14:46:48', '2025-04-03 14:46:48'),
(1451, 584, 101, 1, '5290000.00', '5290000.00', '2025-04-03 14:46:48', '2025-04-03 14:46:48'),
(1452, 584, 115, 2, '1780000.00', '3560000.00', '2025-04-03 14:46:48', '2025-04-03 14:46:48'),
(1453, 585, 213, 5, '2370000.00', '11850000.00', '2025-04-03 14:46:48', '2025-04-03 14:46:48'),
(1454, 585, 137, 5, '4310000.00', '21550000.00', '2025-04-03 14:46:48', '2025-04-03 14:46:48'),
(1455, 585, 55, 3, '4000000.00', '12000000.00', '2025-04-03 14:46:48', '2025-04-03 14:46:48'),
(1456, 586, 33, 4, '3790000.00', '15160000.00', '2025-04-03 14:46:48', '2025-04-03 14:46:48'),
(1457, 586, 199, 5, '4760000.00', '23800000.00', '2025-04-03 14:46:48', '2025-04-03 14:46:48'),
(1458, 586, 138, 1, '4610000.00', '4610000.00', '2025-04-03 14:46:48', '2025-04-03 14:46:48'),
(1459, 587, 137, 5, '4310000.00', '21550000.00', '2025-04-03 14:46:48', '2025-04-03 14:46:48'),
(1460, 587, 205, 4, '3770000.00', '15080000.00', '2025-04-03 14:46:48', '2025-04-03 14:46:48'),
(1461, 588, 73, 4, '2100000.00', '8400000.00', '2025-04-03 14:46:48', '2025-04-03 14:46:48'),
(1462, 589, 71, 1, '2050000.00', '2050000.00', '2025-04-03 14:46:48', '2025-04-03 14:46:48'),
(1463, 590, 193, 3, '690000.00', '2070000.00', '2025-04-03 14:46:48', '2025-04-03 14:46:48'),
(1464, 590, 116, 2, '4400000.00', '8800000.00', '2025-04-03 14:46:48', '2025-04-03 14:46:48'),
(1465, 590, 220, 1, '2340000.00', '2340000.00', '2025-04-03 14:46:48', '2025-04-03 14:46:48'),
(1466, 590, 166, 2, '2130000.00', '4260000.00', '2025-04-03 14:46:48', '2025-04-03 14:46:48'),
(1467, 590, 55, 4, '4000000.00', '16000000.00', '2025-04-03 14:46:48', '2025-04-03 14:46:48'),
(1468, 591, 196, 1, '4690000.00', '4690000.00', '2025-04-03 14:46:48', '2025-04-03 14:46:48'),
(1469, 591, 208, 5, '4890000.00', '24450000.00', '2025-04-03 14:46:48', '2025-04-03 14:46:48'),
(1470, 591, 49, 1, '3090000.00', '3090000.00', '2025-04-03 14:46:48', '2025-04-03 14:46:48'),
(1471, 592, 43, 4, '1910000.00', '7640000.00', '2025-04-03 14:46:48', '2025-04-03 14:46:48'),
(1472, 592, 57, 3, '940000.00', '2820000.00', '2025-04-03 14:46:48', '2025-04-03 14:46:48'),
(1473, 592, 37, 2, '4410000.00', '8820000.00', '2025-04-03 14:46:48', '2025-04-03 14:46:48'),
(1474, 593, 19, 1, '1940000.00', '1940000.00', '2025-04-03 14:46:48', '2025-04-03 14:46:48'),
(1475, 593, 93, 4, '2630000.00', '10520000.00', '2025-04-03 14:46:48', '2025-04-03 14:46:48'),
(1476, 594, 89, 4, '4870000.00', '19480000.00', '2025-04-03 14:46:48', '2025-04-03 14:46:48'),
(1477, 594, 222, 4, '1180000.00', '4720000.00', '2025-04-03 14:46:48', '2025-04-03 14:46:48'),
(1478, 594, 22, 3, '1310000.00', '3930000.00', '2025-04-03 14:46:48', '2025-04-03 14:46:48'),
(1479, 595, 50, 5, '3110000.00', '15550000.00', '2025-04-03 14:46:48', '2025-04-03 14:46:48'),
(1480, 596, 184, 1, '2820000.00', '2820000.00', '2025-04-03 14:46:48', '2025-04-03 14:46:48'),
(1481, 596, 87, 3, '4990000.00', '14970000.00', '2025-04-03 14:46:48', '2025-04-03 14:46:48'),
(1482, 596, 177, 4, '4040000.00', '16160000.00', '2025-04-03 14:46:48', '2025-04-03 14:46:48'),
(1483, 597, 116, 5, '4400000.00', '22000000.00', '2025-04-03 14:46:48', '2025-04-03 14:46:48'),
(1484, 597, 100, 4, '3370000.00', '13480000.00', '2025-04-03 14:46:48', '2025-04-03 14:46:48'),
(1485, 597, 70, 4, '4150000.00', '16600000.00', '2025-04-03 14:46:48', '2025-04-03 14:46:48'),
(1486, 597, 225, 2, '1060000.00', '2120000.00', '2025-04-03 14:46:48', '2025-04-03 14:46:48'),
(1487, 597, 168, 5, '2420000.00', '12100000.00', '2025-04-03 14:46:48', '2025-04-03 14:46:48'),
(1488, 598, 86, 1, '4790000.00', '4790000.00', '2025-04-03 14:46:48', '2025-04-03 14:46:48'),
(1489, 598, 171, 4, '3210000.00', '12840000.00', '2025-04-03 14:46:48', '2025-04-03 14:46:48'),
(1490, 598, 34, 1, '3920000.00', '3920000.00', '2025-04-03 14:46:48', '2025-04-03 14:46:48'),
(1491, 598, 178, 3, '4050000.00', '12150000.00', '2025-04-03 14:46:48', '2025-04-03 14:46:48'),
(1492, 599, 148, 5, '5070000.00', '25350000.00', '2025-04-03 14:46:48', '2025-04-03 14:46:48'),
(1493, 599, 89, 1, '4870000.00', '4870000.00', '2025-04-03 14:46:48', '2025-04-03 14:46:48'),
(1494, 600, 16, 1, '2120000.00', '2120000.00', '2025-04-03 14:46:48', '2025-04-03 14:46:48'),
(1495, 600, 163, 5, '1100000.00', '5500000.00', '2025-04-03 14:46:48', '2025-04-03 14:46:48'),
(1496, 600, 236, 4, '4020000.00', '16080000.00', '2025-04-03 14:46:48', '2025-04-03 14:46:48'),
(1497, 601, 90, 1, '4610000.00', '4610000.00', '2025-04-03 14:46:48', '2025-04-03 14:46:48'),
(1498, 601, 47, 1, '3010000.00', '3010000.00', '2025-04-03 14:46:48', '2025-04-03 14:46:48'),
(1499, 601, 112, 3, '1380000.00', '4140000.00', '2025-04-03 14:46:48', '2025-04-03 14:46:48'),
(1500, 602, 56, 3, '1160000.00', '3480000.00', '2025-04-03 14:46:48', '2025-04-03 14:46:48'),
(1501, 602, 127, 2, '4540000.00', '9080000.00', '2025-04-03 14:46:48', '2025-04-03 14:46:48'),
(1502, 603, 183, 4, '2610000.00', '10440000.00', '2025-04-03 14:46:48', '2025-04-03 14:46:48'),
(1503, 603, 40, 3, '4390000.00', '13170000.00', '2025-04-03 14:46:48', '2025-04-03 14:46:48'),
(1504, 603, 59, 1, '760000.00', '760000.00', '2025-04-03 14:46:48', '2025-04-03 14:46:48'),
(1505, 604, 76, 2, '4200000.00', '8400000.00', '2025-04-03 14:46:48', '2025-04-03 14:46:48'),
(1506, 605, 157, 1, '2980000.00', '2980000.00', '2025-04-03 14:46:48', '2025-04-03 14:46:48'),
(1507, 606, 118, 4, '4240000.00', '16960000.00', '2025-04-03 14:46:48', '2025-04-03 14:46:48'),
(1508, 606, 6, 3, '560000.00', '1680000.00', '2025-04-03 14:46:48', '2025-04-03 14:46:48'),
(1509, 606, 221, 3, '1430000.00', '4290000.00', '2025-04-03 14:46:48', '2025-04-03 14:46:48'),
(1510, 606, 19, 5, '1940000.00', '9700000.00', '2025-04-03 14:46:48', '2025-04-03 14:46:48'),
(1511, 606, 199, 4, '4760000.00', '19040000.00', '2025-04-03 14:46:48', '2025-04-03 14:46:48'),
(1512, 607, 188, 4, '930000.00', '3720000.00', '2025-04-03 14:46:48', '2025-04-03 14:46:48'),
(1513, 608, 214, 1, '2450000.00', '2450000.00', '2025-04-03 14:46:48', '2025-04-03 14:46:48'),
(1514, 609, 56, 1, '1160000.00', '1160000.00', '2025-04-03 14:46:48', '2025-04-03 14:46:48'),
(1515, 609, 98, 3, '3620000.00', '10860000.00', '2025-04-03 14:46:48', '2025-04-03 14:46:48'),
(1516, 609, 177, 1, '4040000.00', '4040000.00', '2025-04-03 14:46:48', '2025-04-03 14:46:48'),
(1518, 610, 169, 3, '2260000.00', '6780000.00', '2025-04-03 14:46:48', '2025-04-03 14:46:48'),
(1519, 611, 180, 5, '3900000.00', '19500000.00', '2025-04-03 14:46:48', '2025-04-03 14:46:48'),
(1520, 611, 93, 1, '2630000.00', '2630000.00', '2025-04-03 14:46:48', '2025-04-03 14:46:48'),
(1521, 611, 225, 5, '1060000.00', '5300000.00', '2025-04-03 14:46:48', '2025-04-03 14:46:48'),
(1522, 611, 81, 3, '2600000.00', '7800000.00', '2025-04-03 14:46:48', '2025-04-03 14:46:48'),
(1523, 612, 149, 2, '4960000.00', '9920000.00', '2025-04-03 14:46:48', '2025-04-03 14:46:48'),
(1524, 612, 190, 4, '830000.00', '3320000.00', '2025-04-03 14:46:48', '2025-04-03 14:46:48'),
(1525, 613, 33, 1, '3790000.00', '3790000.00', '2025-04-03 14:46:48', '2025-04-03 14:46:48'),
(1527, 614, 39, 5, '4310000.00', '21550000.00', '2025-04-03 14:46:48', '2025-04-03 14:46:48'),
(1528, 615, 182, 1, '2590000.00', '2590000.00', '2025-04-03 14:46:48', '2025-04-03 14:46:48'),
(1529, 616, 18, 5, '1920000.00', '9600000.00', '2025-04-03 14:46:48', '2025-04-03 14:46:48'),
(1530, 617, 180, 5, '3900000.00', '19500000.00', '2025-04-03 14:46:48', '2025-04-03 14:46:48'),
(1531, 617, 180, 1, '3900000.00', '3900000.00', '2025-04-03 14:46:48', '2025-04-03 14:46:48'),
(1532, 618, 60, 3, '940000.00', '2820000.00', '2025-04-03 14:46:48', '2025-04-03 14:46:48'),
(1533, 618, 22, 2, '1310000.00', '2620000.00', '2025-04-03 14:46:48', '2025-04-03 14:46:48'),
(1534, 618, 195, 2, '440000.00', '880000.00', '2025-04-03 14:46:48', '2025-04-03 14:46:48'),
(1535, 619, 87, 3, '4990000.00', '14970000.00', '2025-04-03 14:46:48', '2025-04-03 14:46:48'),
(1536, 619, 194, 3, '640000.00', '1920000.00', '2025-04-03 14:46:48', '2025-04-03 14:46:48'),
(1537, 619, 43, 1, '1910000.00', '1910000.00', '2025-04-03 14:46:48', '2025-04-03 14:46:48'),
(1538, 619, 48, 3, '3080000.00', '9240000.00', '2025-04-03 14:46:48', '2025-04-03 14:46:48'),
(1539, 620, 155, 5, '2860000.00', '14300000.00', '2025-04-03 14:46:48', '2025-04-03 14:46:48'),
(1540, 620, 225, 4, '1060000.00', '4240000.00', '2025-04-03 14:46:48', '2025-04-03 14:46:48'),
(1541, 620, 48, 4, '3080000.00', '12320000.00', '2025-04-03 14:46:48', '2025-04-03 14:46:48'),
(1542, 620, 18, 1, '1920000.00', '1920000.00', '2025-04-03 14:46:48', '2025-04-03 14:46:48'),
(1543, 621, 214, 4, '2450000.00', '9800000.00', '2025-04-03 14:46:48', '2025-04-03 14:46:48'),
(1544, 621, 224, 2, '1150000.00', '2300000.00', '2025-04-03 14:46:48', '2025-04-03 14:46:48'),
(1545, 621, 184, 4, '2820000.00', '11280000.00', '2025-04-03 14:46:48', '2025-04-03 14:46:48'),
(1546, 622, 77, 4, '4530000.00', '18120000.00', '2025-04-03 14:46:48', '2025-04-03 14:46:48'),
(1547, 622, 100, 5, '3370000.00', '16850000.00', '2025-04-03 14:46:48', '2025-04-03 14:46:48'),
(1548, 622, 125, 4, '2490000.00', '9960000.00', '2025-04-03 14:46:48', '2025-04-03 14:46:48'),
(1549, 622, 202, 4, '3580000.00', '14320000.00', '2025-04-03 14:46:48', '2025-04-03 14:46:48'),
(1551, 623, 168, 4, '2420000.00', '9680000.00', '2025-04-03 14:46:48', '2025-04-03 14:46:48'),
(1552, 623, 112, 3, '1380000.00', '4140000.00', '2025-04-03 14:46:48', '2025-04-03 14:46:48'),
(1553, 623, 230, 4, '2220000.00', '8880000.00', '2025-04-03 14:46:48', '2025-04-03 14:46:48'),
(1554, 623, 190, 5, '830000.00', '4150000.00', '2025-04-03 14:46:48', '2025-04-03 14:46:48'),
(1555, 624, 153, 2, '2920000.00', '5840000.00', '2025-04-03 14:46:48', '2025-04-03 14:46:48'),
(1556, 624, 33, 3, '3790000.00', '11370000.00', '2025-04-03 14:46:48', '2025-04-03 14:46:48'),
(1557, 624, 147, 4, '4920000.00', '19680000.00', '2025-04-03 14:46:48', '2025-04-03 14:46:48'),
(1558, 625, 66, 1, '4340000.00', '4340000.00', '2025-04-03 14:46:48', '2025-04-03 14:46:48'),
(1559, 625, 234, 1, '4210000.00', '4210000.00', '2025-04-03 14:46:48', '2025-04-03 14:46:48'),
(1560, 626, 221, 4, '1430000.00', '5720000.00', '2025-04-03 14:46:48', '2025-04-03 14:46:48'),
(1561, 627, 222, 4, '1180000.00', '4720000.00', '2025-04-03 14:46:48', '2025-04-03 14:46:48'),
(1562, 627, 210, 1, '4880000.00', '4880000.00', '2025-04-03 14:46:48', '2025-04-03 14:46:48'),
(1563, 627, 226, 2, '1970000.00', '3940000.00', '2025-04-03 14:46:48', '2025-04-03 14:46:48'),
(1564, 627, 170, 5, '2560000.00', '12800000.00', '2025-04-03 14:46:48', '2025-04-03 14:46:48'),
(1566, 628, 156, 5, '2950000.00', '14750000.00', '2025-04-03 14:46:48', '2025-04-03 14:46:48'),
(1567, 628, 209, 4, '4650000.00', '18600000.00', '2025-04-03 14:46:48', '2025-04-03 14:46:48'),
(1568, 629, 92, 4, '2620000.00', '10480000.00', '2025-04-03 14:46:48', '2025-04-03 14:46:48'),
(1569, 629, 154, 5, '3100000.00', '15500000.00', '2025-04-03 14:46:48', '2025-04-03 14:46:48'),
(1570, 629, 230, 4, '2220000.00', '8880000.00', '2025-04-03 14:46:48', '2025-04-03 14:46:48'),
(1571, 630, 122, 5, '2430000.00', '12150000.00', '2025-04-03 14:46:48', '2025-04-03 14:46:48'),
(1572, 630, 77, 4, '4530000.00', '18120000.00', '2025-04-03 14:46:48', '2025-04-03 14:46:48'),
(1573, 631, 231, 5, '4130000.00', '20650000.00', '2025-04-03 14:46:48', '2025-04-03 14:46:48'),
(1574, 631, 182, 1, '2590000.00', '2590000.00', '2025-04-03 14:46:48', '2025-04-03 14:46:48'),
(1576, 631, 8, 3, '740000.00', '2220000.00', '2025-04-03 14:46:48', '2025-04-03 14:46:48'),
(1577, 632, 180, 5, '3900000.00', '19500000.00', '2025-04-03 14:46:48', '2025-04-03 14:46:48'),
(1578, 632, 190, 4, '830000.00', '3320000.00', '2025-04-03 14:46:48', '2025-04-03 14:46:48'),
(1579, 633, 176, 2, '4230000.00', '8460000.00', '2025-04-03 14:46:48', '2025-04-03 14:46:48'),
(1580, 633, 15, 5, '1060000.00', '5300000.00', '2025-04-03 14:46:48', '2025-04-03 14:46:48'),
(1581, 633, 119, 5, '4660000.00', '23300000.00', '2025-04-03 14:46:48', '2025-04-03 14:46:48'),
(1582, 634, 114, 2, '1490000.00', '2980000.00', '2025-04-03 14:46:48', '2025-04-03 14:46:48'),
(1583, 634, 91, 3, '2480000.00', '7440000.00', '2025-04-03 14:46:48', '2025-04-03 14:46:48'),
(1584, 634, 126, 5, '4520000.00', '22600000.00', '2025-04-03 14:46:48', '2025-04-03 14:46:48'),
(1585, 635, 51, 5, '4070000.00', '20350000.00', '2025-04-03 14:46:48', '2025-04-03 14:46:48'),
(1586, 635, 17, 2, '2300000.00', '4600000.00', '2025-04-03 14:46:48', '2025-04-03 14:46:48'),
(1587, 635, 108, 4, '3300000.00', '13200000.00', '2025-04-03 14:46:48', '2025-04-03 14:46:48'),
(1588, 636, 12, 5, '1100000.00', '5500000.00', '2025-04-03 14:46:48', '2025-04-03 14:46:48'),
(1589, 636, 105, 2, '5260000.00', '10520000.00', '2025-04-03 14:46:48', '2025-04-03 14:46:48'),
(1590, 637, 179, 3, '3920000.00', '11760000.00', '2025-04-03 14:46:48', '2025-04-03 14:46:48'),
(1591, 637, 60, 3, '940000.00', '2820000.00', '2025-04-03 14:46:48', '2025-04-03 14:46:48'),
(1592, 637, 240, 5, '3650000.00', '18250000.00', '2025-04-03 14:46:48', '2025-04-03 14:46:48'),
(1593, 638, 88, 5, '4580000.00', '22900000.00', '2025-04-03 14:46:48', '2025-04-03 14:46:48'),
(1594, 638, 145, 5, '800000.00', '4000000.00', '2025-04-03 14:46:48', '2025-04-03 14:46:48'),
(1595, 638, 50, 4, '3110000.00', '12440000.00', '2025-04-03 14:46:48', '2025-04-03 14:46:48'),
(1596, 639, 64, 3, '4220000.00', '12660000.00', '2025-04-03 14:46:48', '2025-04-03 14:46:48'),
(1597, 639, 78, 2, '4310000.00', '8620000.00', '2025-04-03 14:46:48', '2025-04-03 14:46:48'),
(1598, 639, 119, 3, '4660000.00', '13980000.00', '2025-04-03 14:46:48', '2025-04-03 14:46:48'),
(1599, 640, 63, 2, '4140000.00', '8280000.00', '2025-04-03 14:46:48', '2025-04-03 14:46:48'),
(1600, 640, 44, 2, '1960000.00', '3920000.00', '2025-04-03 14:46:48', '2025-04-03 14:46:48'),
(1601, 641, 152, 2, '3030000.00', '6060000.00', '2025-04-03 14:46:48', '2025-04-03 14:46:48'),
(1602, 642, 180, 5, '3900000.00', '19500000.00', '2025-04-03 14:46:48', '2025-04-03 14:46:48'),
(1603, 642, 16, 1, '2120000.00', '2120000.00', '2025-04-03 14:46:48', '2025-04-03 14:46:48'),
(1604, 642, 110, 5, '3680000.00', '18400000.00', '2025-04-03 14:46:48', '2025-04-03 14:46:48'),
(1605, 643, 139, 5, '4500000.00', '22500000.00', '2025-04-03 14:46:48', '2025-04-03 14:46:48'),
(1606, 643, 111, 5, '1710000.00', '8550000.00', '2025-04-03 14:46:48', '2025-04-03 14:46:48'),
(1607, 643, 122, 4, '2430000.00', '9720000.00', '2025-04-03 14:46:48', '2025-04-03 14:46:48'),
(1608, 644, 30, 5, '120000.00', '600000.00', '2025-04-03 14:46:48', '2025-04-03 14:46:48'),
(1610, 646, 177, 3, '4040000.00', '12120000.00', '2025-04-03 14:46:48', '2025-04-03 14:46:48'),
(1611, 646, 12, 1, '1100000.00', '1100000.00', '2025-04-03 14:46:48', '2025-04-03 14:46:48'),
(1612, 647, 30, 1, '120000.00', '120000.00', '2025-04-03 14:46:48', '2025-04-03 14:46:48'),
(1613, 648, 184, 4, '2820000.00', '11280000.00', '2025-04-03 14:46:48', '2025-04-03 14:46:48'),
(1614, 649, 114, 1, '1490000.00', '1490000.00', '2025-04-03 14:46:48', '2025-04-03 14:46:48'),
(1615, 649, 107, 2, '3500000.00', '7000000.00', '2025-04-03 14:46:48', '2025-04-03 14:46:48'),
(1616, 649, 136, 3, '4400000.00', '13200000.00', '2025-04-03 14:46:48', '2025-04-03 14:46:48'),
(1617, 650, 200, 3, '4860000.00', '14580000.00', '2025-04-03 14:46:48', '2025-04-03 14:46:48'),
(1618, 650, 179, 2, '3920000.00', '7840000.00', '2025-04-03 14:46:48', '2025-04-03 14:46:48'),
(1619, 651, 95, 5, '2390000.00', '11950000.00', '2025-04-03 14:46:48', '2025-04-03 14:46:48'),
(1620, 651, 88, 3, '4580000.00', '13740000.00', '2025-04-03 14:46:48', '2025-04-03 14:46:48'),
(1621, 652, 112, 4, '1380000.00', '5520000.00', '2025-04-03 14:46:48', '2025-04-03 14:46:48'),
(1622, 652, 44, 3, '1960000.00', '5880000.00', '2025-04-03 14:46:48', '2025-04-03 14:46:48'),
(1623, 652, 14, 2, '1160000.00', '2320000.00', '2025-04-03 14:46:48', '2025-04-03 14:46:48'),
(1624, 652, 228, 4, '1920000.00', '7680000.00', '2025-04-03 14:46:48', '2025-04-03 14:46:48'),
(1625, 653, 61, 4, '4120000.00', '16480000.00', '2025-04-03 14:46:48', '2025-04-03 14:46:48'),
(1626, 653, 238, 3, '3600000.00', '10800000.00', '2025-04-03 14:46:48', '2025-04-03 14:46:48'),
(1627, 653, 146, 1, '5130000.00', '5130000.00', '2025-04-03 14:46:48', '2025-04-03 14:46:48'),
(1628, 654, 18, 4, '1920000.00', '7680000.00', '2025-04-03 14:46:48', '2025-04-03 14:46:48'),
(1629, 655, 169, 1, '2260000.00', '2260000.00', '2025-04-03 14:46:48', '2025-04-03 14:46:48'),
(1630, 656, 117, 1, '4450000.00', '4450000.00', '2025-04-03 14:46:48', '2025-04-03 14:46:48'),
(1631, 656, 156, 2, '2950000.00', '5900000.00', '2025-04-03 14:46:48', '2025-04-03 14:46:48'),
(1632, 656, 136, 5, '4400000.00', '22000000.00', '2025-04-03 14:46:48', '2025-04-03 14:46:48'),
(1634, 657, 21, 5, '1250000.00', '6250000.00', '2025-04-03 14:46:48', '2025-04-03 14:46:48'),
(1635, 657, 7, 4, '720000.00', '2880000.00', '2025-04-03 14:46:48', '2025-04-03 14:46:48'),
(1636, 657, 121, 4, '2310000.00', '9240000.00', '2025-04-03 14:46:48', '2025-04-03 14:46:48'),
(1637, 658, 55, 5, '4000000.00', '20000000.00', '2025-04-03 14:46:48', '2025-04-03 14:46:48'),
(1638, 658, 205, 4, '3770000.00', '15080000.00', '2025-04-03 14:46:48', '2025-04-03 14:46:48'),
(1639, 659, 158, 3, '3240000.00', '9720000.00', '2025-04-03 14:46:48', '2025-04-03 14:46:48'),
(1640, 659, 90, 4, '4610000.00', '18440000.00', '2025-04-03 14:46:48', '2025-04-03 14:46:48'),
(1641, 659, 87, 3, '4990000.00', '14970000.00', '2025-04-03 14:46:48', '2025-04-03 14:46:48'),
(1642, 660, 171, 2, '3210000.00', '6420000.00', '2025-04-03 14:46:48', '2025-04-03 14:46:48'),
(1644, 661, 179, 2, '3920000.00', '7840000.00', '2025-04-03 14:46:48', '2025-04-03 14:46:48'),
(1645, 661, 75, 1, '2100000.00', '2100000.00', '2025-04-03 14:46:48', '2025-04-03 14:46:48'),
(1646, 662, 37, 2, '4410000.00', '8820000.00', '2025-04-03 14:46:48', '2025-04-03 14:46:48'),
(1647, 662, 136, 2, '4400000.00', '8800000.00', '2025-04-03 14:46:48', '2025-04-03 14:46:48'),
(1648, 663, 71, 1, '2050000.00', '2050000.00', '2025-04-03 14:46:48', '2025-04-03 14:46:48'),
(1649, 664, 140, 3, '4410000.00', '13230000.00', '2025-04-03 14:46:48', '2025-04-03 14:46:48'),
(1650, 664, 74, 1, '2370000.00', '2370000.00', '2025-04-03 14:46:48', '2025-04-03 14:46:48'),
(1651, 664, 126, 5, '4520000.00', '22600000.00', '2025-04-03 14:46:48', '2025-04-03 14:46:48'),
(1652, 665, 116, 2, '4400000.00', '8800000.00', '2025-04-03 14:46:49', '2025-04-03 14:46:49'),
(1653, 665, 175, 1, '3410000.00', '3410000.00', '2025-04-03 14:46:49', '2025-04-03 14:46:49'),
(1654, 665, 202, 5, '3580000.00', '17900000.00', '2025-04-03 14:46:49', '2025-04-03 14:46:49'),
(1655, 665, 99, 2, '3430000.00', '6860000.00', '2025-04-03 14:46:49', '2025-04-03 14:46:49'),
(1656, 666, 92, 1, '2620000.00', '2620000.00', '2025-04-03 14:46:49', '2025-04-03 14:46:49'),
(1657, 666, 27, 1, '350000.00', '350000.00', '2025-04-03 14:46:49', '2025-04-03 14:46:49'),
(1658, 666, 19, 3, '1940000.00', '5820000.00', '2025-04-03 14:46:49', '2025-04-03 14:46:49'),
(1659, 667, 17, 4, '2300000.00', '9200000.00', '2025-04-03 14:46:49', '2025-04-03 14:46:49'),
(1660, 667, 145, 4, '800000.00', '3200000.00', '2025-04-03 14:46:49', '2025-04-03 14:46:49'),
(1661, 667, 175, 4, '3410000.00', '13640000.00', '2025-04-03 14:46:49', '2025-04-03 14:46:49'),
(1662, 668, 25, 5, '1230000.00', '6150000.00', '2025-04-03 14:46:49', '2025-04-03 14:46:49'),
(1663, 668, 185, 3, '2570000.00', '7710000.00', '2025-04-03 14:46:49', '2025-04-03 14:46:49'),
(1664, 668, 216, 5, '2370000.00', '11850000.00', '2025-04-03 14:46:49', '2025-04-03 14:46:49'),
(1665, 668, 171, 5, '3210000.00', '16050000.00', '2025-04-03 14:46:49', '2025-04-03 14:46:49'),
(1666, 668, 15, 1, '1060000.00', '1060000.00', '2025-04-03 14:46:49', '2025-04-03 14:46:49'),
(1667, 669, 150, 1, '4820000.00', '4820000.00', '2025-04-03 14:46:49', '2025-04-03 14:46:49'),
(1668, 669, 126, 2, '4520000.00', '9040000.00', '2025-04-03 14:46:49', '2025-04-03 14:46:49'),
(1669, 670, 176, 1, '4230000.00', '4230000.00', '2025-04-03 14:46:49', '2025-04-03 14:46:49'),
(1670, 670, 45, 5, '1910000.00', '9550000.00', '2025-04-03 14:46:49', '2025-04-03 14:46:49'),
(1671, 670, 102, 2, '5350000.00', '10700000.00', '2025-04-03 14:46:49', '2025-04-03 14:46:49'),
(1672, 671, 56, 3, '1160000.00', '3480000.00', '2025-04-03 14:46:49', '2025-04-03 14:46:49'),
(1673, 671, 208, 2, '4890000.00', '9780000.00', '2025-04-03 14:46:49', '2025-04-03 14:46:49'),
(1674, 672, 238, 2, '3600000.00', '7200000.00', '2025-04-03 14:46:49', '2025-04-03 14:46:49'),
(1675, 672, 157, 2, '2980000.00', '5960000.00', '2025-04-03 14:46:49', '2025-04-03 14:46:49'),
(1676, 672, 84, 2, '2690000.00', '5380000.00', '2025-04-03 14:46:49', '2025-04-03 14:46:49'),
(1677, 673, 230, 5, '2220000.00', '11100000.00', '2025-04-03 14:46:49', '2025-04-03 14:46:49'),
(1678, 673, 180, 2, '3900000.00', '7800000.00', '2025-04-03 14:46:49', '2025-04-03 14:46:49'),
(1679, 673, 233, 2, '4150000.00', '8300000.00', '2025-04-03 14:46:49', '2025-04-03 14:46:49');
INSERT INTO `order_items` (`id`, `order_id`, `variant_id`, `quantity`, `unit_price`, `total_price`, `created_at`, `updated_at`) VALUES
(1680, 673, 233, 2, '4150000.00', '8300000.00', '2025-04-03 14:46:49', '2025-04-03 14:46:49'),
(1681, 674, 9, 3, '340000.00', '1020000.00', '2025-04-03 14:46:49', '2025-04-03 14:46:49'),
(1682, 674, 21, 4, '1250000.00', '5000000.00', '2025-04-03 14:46:49', '2025-04-03 14:46:49'),
(1684, 674, 49, 5, '3090000.00', '15450000.00', '2025-04-03 14:46:49', '2025-04-03 14:46:49'),
(1685, 675, 188, 1, '930000.00', '930000.00', '2025-04-03 14:46:49', '2025-04-03 14:46:49'),
(1686, 675, 161, 2, '920000.00', '1840000.00', '2025-04-03 14:46:49', '2025-04-03 14:46:49'),
(1687, 676, 171, 4, '3210000.00', '12840000.00', '2025-04-03 14:46:49', '2025-04-03 14:46:49'),
(1688, 677, 121, 3, '2310000.00', '6930000.00', '2025-04-03 14:46:49', '2025-04-03 14:46:49'),
(1689, 677, 169, 2, '2260000.00', '4520000.00', '2025-04-03 14:46:49', '2025-04-03 14:46:49'),
(1690, 678, 220, 2, '2340000.00', '4680000.00', '2025-04-03 14:46:49', '2025-04-03 14:46:49'),
(1691, 678, 57, 1, '940000.00', '940000.00', '2025-04-03 14:46:49', '2025-04-03 14:46:49'),
(1692, 679, 74, 5, '2370000.00', '11850000.00', '2025-04-03 14:46:49', '2025-04-03 14:46:49'),
(1693, 679, 202, 2, '3580000.00', '7160000.00', '2025-04-03 14:46:49', '2025-04-03 14:46:49'),
(1694, 679, 67, 3, '4490000.00', '13470000.00', '2025-04-03 14:46:49', '2025-04-03 14:46:49'),
(1696, 681, 6, 3, '560000.00', '1680000.00', '2025-04-03 14:46:49', '2025-04-03 14:46:49'),
(1697, 681, 61, 1, '4120000.00', '4120000.00', '2025-04-03 14:46:49', '2025-04-03 14:46:49'),
(1698, 682, 94, 1, '2660000.00', '2660000.00', '2025-04-03 14:46:49', '2025-04-03 14:46:49'),
(1699, 682, 235, 1, '3960000.00', '3960000.00', '2025-04-03 14:46:49', '2025-04-03 14:46:49'),
(1700, 682, 65, 1, '4050000.00', '4050000.00', '2025-04-03 14:46:49', '2025-04-03 14:46:49'),
(1701, 683, 32, 4, '3760000.00', '15040000.00', '2025-04-03 14:46:49', '2025-04-03 14:46:49'),
(1702, 684, 129, 2, '4810000.00', '9620000.00', '2025-04-03 14:46:49', '2025-04-03 14:46:49'),
(1703, 684, 16, 2, '2120000.00', '4240000.00', '2025-04-03 14:46:49', '2025-04-03 14:46:49'),
(1704, 685, 92, 5, '2620000.00', '13100000.00', '2025-04-03 14:46:49', '2025-04-03 14:46:49'),
(1705, 685, 69, 1, '4180000.00', '4180000.00', '2025-04-03 14:46:49', '2025-04-03 14:46:49'),
(1706, 686, 234, 2, '4210000.00', '8420000.00', '2025-04-03 14:46:49', '2025-04-03 14:46:49'),
(1707, 686, 230, 1, '2220000.00', '2220000.00', '2025-04-03 14:46:49', '2025-04-03 14:46:49'),
(1708, 686, 128, 5, '4840000.00', '24200000.00', '2025-04-03 14:46:49', '2025-04-03 14:46:49'),
(1709, 687, 102, 4, '5350000.00', '21400000.00', '2025-04-03 14:46:49', '2025-04-03 14:46:49'),
(1710, 688, 67, 4, '4490000.00', '17960000.00', '2025-04-03 14:46:49', '2025-04-03 14:46:49'),
(1711, 688, 112, 5, '1380000.00', '6900000.00', '2025-04-03 14:46:49', '2025-04-03 14:46:49'),
(1712, 689, 111, 3, '1710000.00', '5130000.00', '2025-04-03 14:46:49', '2025-04-03 14:46:49'),
(1713, 689, 219, 1, '2470000.00', '2470000.00', '2025-04-03 14:46:49', '2025-04-03 14:46:49'),
(1714, 689, 33, 5, '3790000.00', '18950000.00', '2025-04-03 14:46:49', '2025-04-03 14:46:49'),
(1715, 690, 111, 2, '1710000.00', '3420000.00', '2025-04-03 14:46:49', '2025-04-03 14:46:49'),
(1716, 690, 138, 4, '4610000.00', '18440000.00', '2025-04-03 14:46:49', '2025-04-03 14:46:49'),
(1717, 690, 28, 5, '540000.00', '2700000.00', '2025-04-03 14:46:49', '2025-04-03 14:46:49'),
(1718, 691, 178, 5, '4050000.00', '20250000.00', '2025-04-03 14:46:49', '2025-04-03 14:46:49'),
(1719, 691, 108, 4, '3300000.00', '13200000.00', '2025-04-03 14:46:49', '2025-04-03 14:46:49'),
(1720, 692, 191, 2, '350000.00', '700000.00', '2025-04-03 14:46:49', '2025-04-03 14:46:49'),
(1721, 692, 150, 4, '4820000.00', '19280000.00', '2025-04-03 14:46:49', '2025-04-03 14:46:49'),
(1722, 693, 147, 4, '4920000.00', '19680000.00', '2025-04-03 14:46:49', '2025-04-03 14:46:49'),
(1723, 693, 60, 1, '940000.00', '940000.00', '2025-04-03 14:46:49', '2025-04-03 14:46:49'),
(1724, 693, 207, 2, '4820000.00', '9640000.00', '2025-04-03 14:46:49', '2025-04-03 14:46:49'),
(1725, 693, 143, 2, '970000.00', '1940000.00', '2025-04-03 14:46:49', '2025-04-03 14:46:49'),
(1726, 694, 187, 2, '770000.00', '1540000.00', '2025-04-03 14:46:49', '2025-04-03 14:46:49'),
(1727, 695, 52, 5, '4050000.00', '20250000.00', '2025-04-03 14:46:49', '2025-04-03 14:46:49'),
(1728, 695, 7, 3, '720000.00', '2160000.00', '2025-04-03 14:46:49', '2025-04-03 14:46:49'),
(1729, 695, 193, 1, '690000.00', '690000.00', '2025-04-03 14:46:49', '2025-04-03 14:46:49'),
(1730, 696, 226, 3, '1970000.00', '5910000.00', '2025-04-03 14:46:49', '2025-04-03 14:46:49'),
(1731, 696, 137, 2, '4310000.00', '8620000.00', '2025-04-03 14:46:49', '2025-04-03 14:46:49'),
(1732, 696, 24, 2, '1150000.00', '2300000.00', '2025-04-03 14:46:49', '2025-04-03 14:46:49'),
(1733, 697, 237, 1, '3810000.00', '3810000.00', '2025-04-03 14:46:49', '2025-04-03 14:46:49'),
(1734, 697, 109, 1, '3260000.00', '3260000.00', '2025-04-03 14:46:49', '2025-04-03 14:46:49'),
(1735, 697, 184, 5, '2820000.00', '14100000.00', '2025-04-03 14:46:49', '2025-04-03 14:46:49'),
(1736, 697, 34, 1, '3920000.00', '3920000.00', '2025-04-03 14:46:49', '2025-04-03 14:46:49'),
(1737, 698, 217, 3, '2470000.00', '7410000.00', '2025-04-03 14:46:49', '2025-04-03 14:46:49'),
(1738, 699, 238, 1, '3600000.00', '3600000.00', '2025-04-03 14:46:49', '2025-04-03 14:46:49'),
(1739, 699, 99, 3, '3430000.00', '10290000.00', '2025-04-03 14:46:49', '2025-04-03 14:46:49'),
(1740, 700, 106, 3, '3420000.00', '10260000.00', '2025-04-03 14:46:49', '2025-04-03 14:46:49'),
(1741, 701, 48, 2, '3080000.00', '6160000.00', '2025-04-03 14:46:49', '2025-04-03 14:46:49'),
(1742, 701, 65, 3, '4050000.00', '12150000.00', '2025-04-03 14:46:49', '2025-04-03 14:46:49'),
(1743, 701, 174, 3, '3290000.00', '9870000.00', '2025-04-03 14:46:49', '2025-04-03 14:46:49'),
(1744, 702, 159, 3, '3270000.00', '9810000.00', '2025-04-03 14:46:49', '2025-04-03 14:46:49'),
(1745, 702, 88, 2, '4580000.00', '9160000.00', '2025-04-03 14:46:49', '2025-04-03 14:46:49'),
(1746, 703, 79, 2, '4510000.00', '9020000.00', '2025-04-03 14:46:49', '2025-04-03 14:46:49'),
(1748, 703, 18, 4, '1920000.00', '7680000.00', '2025-04-03 14:46:49', '2025-04-03 14:46:49'),
(1749, 703, 109, 4, '3260000.00', '13040000.00', '2025-04-03 14:46:49', '2025-04-03 14:46:49'),
(1750, 704, 68, 2, '4200000.00', '8400000.00', '2025-04-03 14:46:49', '2025-04-03 14:46:49'),
(1751, 704, 144, 1, '1000000.00', '1000000.00', '2025-04-03 14:46:49', '2025-04-03 14:46:49'),
(1752, 704, 48, 1, '3080000.00', '3080000.00', '2025-04-03 14:46:49', '2025-04-03 14:46:49'),
(1753, 704, 78, 3, '4310000.00', '12930000.00', '2025-04-03 14:46:49', '2025-04-03 14:46:49'),
(1754, 705, 97, 5, '3670000.00', '18350000.00', '2025-04-03 14:46:49', '2025-04-03 14:46:49'),
(1755, 705, 231, 1, '4130000.00', '4130000.00', '2025-04-03 14:46:49', '2025-04-03 14:46:49'),
(1756, 706, 27, 5, '350000.00', '1750000.00', '2025-04-03 14:46:49', '2025-04-03 14:46:49'),
(1757, 706, 10, 3, '430000.00', '1290000.00', '2025-04-03 14:46:49', '2025-04-03 14:46:49'),
(1758, 706, 234, 4, '4210000.00', '16840000.00', '2025-04-03 14:46:49', '2025-04-03 14:46:49'),
(1759, 707, 66, 2, '4340000.00', '8680000.00', '2025-04-03 14:46:49', '2025-04-03 14:46:49'),
(1760, 707, 13, 2, '1360000.00', '2720000.00', '2025-04-03 14:46:49', '2025-04-03 14:46:49'),
(1761, 707, 138, 1, '4610000.00', '4610000.00', '2025-04-03 14:46:49', '2025-04-03 14:46:49'),
(1762, 708, 238, 2, '3600000.00', '7200000.00', '2025-04-03 14:46:49', '2025-04-03 14:46:49'),
(1763, 709, 235, 3, '3960000.00', '11880000.00', '2025-04-03 14:46:49', '2025-04-03 14:46:49'),
(1764, 709, 182, 4, '2590000.00', '10360000.00', '2025-04-03 14:46:49', '2025-04-03 14:46:49'),
(1765, 710, 222, 1, '1180000.00', '1180000.00', '2025-04-03 14:46:49', '2025-04-03 14:46:49'),
(1766, 711, 39, 4, '4310000.00', '17240000.00', '2025-04-03 14:46:49', '2025-04-03 14:46:49'),
(1767, 711, 140, 5, '4410000.00', '22050000.00', '2025-04-03 14:46:49', '2025-04-03 14:46:49'),
(1768, 712, 181, 3, '2410000.00', '7230000.00', '2025-04-03 14:46:49', '2025-04-03 14:46:49'),
(1769, 712, 104, 5, '5010000.00', '25050000.00', '2025-04-03 14:46:49', '2025-04-03 14:46:49'),
(1770, 713, 236, 3, '4020000.00', '12060000.00', '2025-04-03 14:46:49', '2025-04-03 14:46:49'),
(1771, 713, 237, 1, '3810000.00', '3810000.00', '2025-04-03 14:46:49', '2025-04-03 14:46:49'),
(1772, 714, 48, 1, '3080000.00', '3080000.00', '2025-04-03 14:46:49', '2025-04-03 14:46:49'),
(1773, 714, 141, 1, '1050000.00', '1050000.00', '2025-04-03 14:46:49', '2025-04-03 14:46:49'),
(1774, 714, 36, 3, '4050000.00', '12150000.00', '2025-04-03 14:46:49', '2025-04-03 14:46:49'),
(1775, 714, 166, 4, '2130000.00', '8520000.00', '2025-04-03 14:46:49', '2025-04-03 14:46:49'),
(1776, 715, 92, 3, '2620000.00', '7860000.00', '2025-04-03 14:46:49', '2025-04-03 14:46:49'),
(1777, 716, 79, 1, '4510000.00', '4510000.00', '2025-04-03 14:46:49', '2025-04-03 14:46:49'),
(1778, 717, 197, 1, '4790000.00', '4790000.00', '2025-04-03 14:46:49', '2025-04-03 14:46:49'),
(1779, 718, 19, 5, '1940000.00', '9700000.00', '2025-04-03 14:46:49', '2025-04-03 14:46:49'),
(1780, 718, 166, 2, '2130000.00', '4260000.00', '2025-04-03 14:46:49', '2025-04-03 14:46:49'),
(1781, 718, 112, 4, '1380000.00', '5520000.00', '2025-04-03 14:46:49', '2025-04-03 14:46:49'),
(1782, 718, 137, 3, '4310000.00', '12930000.00', '2025-04-03 14:46:49', '2025-04-03 14:46:49'),
(1783, 719, 40, 2, '4390000.00', '8780000.00', '2025-04-03 14:46:49', '2025-04-03 14:46:49'),
(1785, 720, 72, 3, '2300000.00', '6900000.00', '2025-04-03 14:46:49', '2025-04-03 14:46:49'),
(1786, 721, 232, 4, '3920000.00', '15680000.00', '2025-04-03 14:46:49', '2025-04-03 14:46:49'),
(1787, 722, 126, 4, '4520000.00', '18080000.00', '2025-04-03 14:46:49', '2025-04-03 14:46:49'),
(1788, 722, 159, 4, '3270000.00', '13080000.00', '2025-04-03 14:46:49', '2025-04-03 14:46:49'),
(1789, 722, 30, 2, '120000.00', '240000.00', '2025-04-03 14:46:49', '2025-04-03 14:46:49'),
(1790, 723, 157, 3, '2980000.00', '8940000.00', '2025-04-03 14:46:49', '2025-04-03 14:46:49'),
(1791, 723, 137, 1, '4310000.00', '4310000.00', '2025-04-03 14:46:49', '2025-04-03 14:46:49'),
(1792, 723, 34, 3, '3920000.00', '11760000.00', '2025-04-03 14:46:49', '2025-04-03 14:46:49'),
(1793, 724, 209, 3, '4650000.00', '13950000.00', '2025-04-03 14:46:49', '2025-04-03 14:46:49'),
(1794, 724, 67, 4, '4490000.00', '17960000.00', '2025-04-03 14:46:49', '2025-04-03 14:46:49'),
(1795, 725, 86, 4, '4790000.00', '19160000.00', '2025-04-03 14:46:49', '2025-04-03 14:46:49'),
(1796, 725, 35, 3, '3660000.00', '10980000.00', '2025-04-03 14:46:49', '2025-04-03 14:46:49'),
(1797, 725, 14, 2, '1160000.00', '2320000.00', '2025-04-03 14:46:49', '2025-04-03 14:46:49'),
(1798, 726, 157, 4, '2980000.00', '11920000.00', '2025-04-03 14:46:49', '2025-04-03 14:46:49'),
(1799, 726, 52, 5, '4050000.00', '20250000.00', '2025-04-03 14:46:49', '2025-04-03 14:46:49'),
(1800, 727, 159, 5, '3270000.00', '16350000.00', '2025-04-03 14:46:49', '2025-04-03 14:46:49'),
(1801, 727, 11, 3, '1100000.00', '3300000.00', '2025-04-03 14:46:49', '2025-04-03 14:46:49'),
(1802, 728, 229, 4, '1930000.00', '7720000.00', '2025-04-03 14:46:49', '2025-04-03 14:46:49'),
(1803, 728, 185, 3, '2570000.00', '7710000.00', '2025-04-03 14:46:49', '2025-04-03 14:46:49'),
(1804, 729, 124, 2, '2510000.00', '5020000.00', '2025-04-03 14:46:49', '2025-04-03 14:46:49'),
(1805, 729, 113, 4, '1610000.00', '6440000.00', '2025-04-03 14:46:49', '2025-04-03 14:46:49'),
(1806, 729, 19, 4, '1940000.00', '7760000.00', '2025-04-03 14:46:49', '2025-04-03 14:46:49'),
(1807, 730, 201, 1, '3590000.00', '3590000.00', '2025-04-03 14:46:49', '2025-04-03 14:46:49'),
(1808, 730, 50, 3, '3110000.00', '9330000.00', '2025-04-03 14:46:49', '2025-04-03 14:46:49'),
(1809, 730, 176, 5, '4230000.00', '21150000.00', '2025-04-03 14:46:49', '2025-04-03 14:46:49'),
(1810, 730, 127, 1, '4540000.00', '4540000.00', '2025-04-03 14:46:49', '2025-04-03 14:46:49'),
(1811, 731, 36, 4, '4050000.00', '16200000.00', '2025-04-03 14:46:49', '2025-04-03 14:46:49'),
(1812, 731, 81, 1, '2600000.00', '2600000.00', '2025-04-03 14:46:49', '2025-04-03 14:46:49'),
(1813, 731, 153, 1, '2920000.00', '2920000.00', '2025-04-03 14:46:49', '2025-04-03 14:46:49'),
(1814, 731, 223, 3, '1170000.00', '3510000.00', '2025-04-03 14:46:49', '2025-04-03 14:46:49'),
(1815, 732, 193, 4, '690000.00', '2760000.00', '2025-04-03 14:46:49', '2025-04-03 14:46:49'),
(1816, 733, 212, 2, '2480000.00', '4960000.00', '2025-04-03 14:46:49', '2025-04-03 14:46:49'),
(1817, 733, 208, 1, '4890000.00', '4890000.00', '2025-04-03 14:46:49', '2025-04-03 14:46:49'),
(1818, 734, 156, 2, '2950000.00', '5900000.00', '2025-04-03 14:46:49', '2025-04-03 14:46:49'),
(1819, 735, 58, 4, '1020000.00', '4080000.00', '2025-04-03 14:46:49', '2025-04-03 14:46:49'),
(1820, 735, 56, 3, '1160000.00', '3480000.00', '2025-04-03 14:46:49', '2025-04-03 14:46:49'),
(1821, 735, 202, 1, '3580000.00', '3580000.00', '2025-04-03 14:46:49', '2025-04-03 14:46:49'),
(1822, 736, 82, 1, '2810000.00', '2810000.00', '2025-04-03 14:46:49', '2025-04-03 14:46:49'),
(1823, 736, 237, 1, '3810000.00', '3810000.00', '2025-04-03 14:46:49', '2025-04-03 14:46:49'),
(1824, 736, 41, 2, '2140000.00', '4280000.00', '2025-04-03 14:46:49', '2025-04-03 14:46:49'),
(1825, 737, 182, 4, '2590000.00', '10360000.00', '2025-04-03 14:46:49', '2025-04-03 14:46:49'),
(1826, 737, 83, 2, '2560000.00', '5120000.00', '2025-04-03 14:46:49', '2025-04-03 14:46:49'),
(1827, 737, 236, 5, '4020000.00', '20100000.00', '2025-04-03 14:46:49', '2025-04-03 14:46:49'),
(1828, 738, 167, 2, '2550000.00', '5100000.00', '2025-04-03 14:46:49', '2025-04-03 14:46:49'),
(1829, 738, 182, 5, '2590000.00', '12950000.00', '2025-04-03 14:46:49', '2025-04-03 14:46:49'),
(1830, 739, 42, 5, '1890000.00', '9450000.00', '2025-04-03 14:46:49', '2025-04-03 14:46:49'),
(1831, 739, 203, 3, '3890000.00', '11670000.00', '2025-04-03 14:46:49', '2025-04-03 14:46:49'),
(1832, 740, 198, 1, '4700000.00', '4700000.00', '2025-04-03 14:46:49', '2025-04-03 14:46:49'),
(1833, 741, 212, 5, '2480000.00', '12400000.00', '2025-04-03 14:46:49', '2025-04-03 14:46:49'),
(1834, 741, 13, 2, '1360000.00', '2720000.00', '2025-04-03 14:46:49', '2025-04-03 14:46:49'),
(1835, 741, 144, 4, '1000000.00', '4000000.00', '2025-04-03 14:46:49', '2025-04-03 14:46:49'),
(1836, 741, 206, 4, '4850000.00', '19400000.00', '2025-04-03 14:46:49', '2025-04-03 14:46:49'),
(1837, 742, 54, 3, '4190000.00', '12570000.00', '2025-04-03 14:46:49', '2025-04-03 14:46:49'),
(1838, 742, 201, 4, '3590000.00', '14360000.00', '2025-04-03 14:46:49', '2025-04-03 14:46:49'),
(1839, 742, 214, 2, '2450000.00', '4900000.00', '2025-04-03 14:46:49', '2025-04-03 14:46:49'),
(1840, 743, 106, 5, '3420000.00', '17100000.00', '2025-04-03 14:46:49', '2025-04-03 14:46:49'),
(1841, 743, 173, 4, '3550000.00', '14200000.00', '2025-04-03 14:46:49', '2025-04-03 14:46:49'),
(1842, 744, 44, 2, '1960000.00', '3920000.00', '2025-04-03 14:46:49', '2025-04-03 14:46:49'),
(1843, 744, 7, 5, '720000.00', '3600000.00', '2025-04-03 14:46:49', '2025-04-03 14:46:49'),
(1844, 744, 151, 1, '2980000.00', '2980000.00', '2025-04-03 14:46:49', '2025-04-03 14:46:49'),
(1845, 744, 62, 3, '4010000.00', '12030000.00', '2025-04-03 14:46:49', '2025-04-03 14:46:49'),
(1846, 744, 52, 5, '4050000.00', '20250000.00', '2025-04-03 14:46:49', '2025-04-03 14:46:49'),
(1847, 745, 119, 1, '4660000.00', '4660000.00', '2025-04-03 14:46:49', '2025-04-03 14:46:49'),
(1848, 745, 82, 2, '2810000.00', '5620000.00', '2025-04-03 14:46:49', '2025-04-03 14:46:49'),
(1849, 745, 35, 5, '3660000.00', '18300000.00', '2025-04-03 14:46:49', '2025-04-03 14:46:49'),
(1850, 746, 217, 3, '2470000.00', '7410000.00', '2025-04-03 14:46:49', '2025-04-03 14:46:49'),
(1851, 746, 145, 3, '800000.00', '2400000.00', '2025-04-03 14:46:49', '2025-04-03 14:46:49'),
(1852, 746, 166, 3, '2130000.00', '6390000.00', '2025-04-03 14:46:49', '2025-04-03 14:46:49'),
(1853, 747, 46, 3, '3180000.00', '9540000.00', '2025-04-03 14:46:49', '2025-04-03 14:46:49'),
(1854, 747, 19, 4, '1940000.00', '7760000.00', '2025-04-03 14:46:49', '2025-04-03 14:46:49'),
(1855, 748, 108, 3, '3300000.00', '9900000.00', '2025-04-03 14:46:49', '2025-04-03 14:46:49'),
(1856, 748, 39, 3, '4310000.00', '12930000.00', '2025-04-03 14:46:49', '2025-04-03 14:46:49'),
(1857, 749, 71, 2, '2050000.00', '4100000.00', '2025-04-03 14:46:49', '2025-04-03 14:46:49'),
(1858, 749, 112, 2, '1380000.00', '2760000.00', '2025-04-03 14:46:49', '2025-04-03 14:46:49'),
(1859, 750, 18, 4, '1920000.00', '7680000.00', '2025-04-03 14:46:49', '2025-04-03 14:46:49'),
(1860, 751, 127, 2, '4540000.00', '9080000.00', '2025-04-03 14:46:49', '2025-04-03 14:46:49'),
(1861, 751, 108, 2, '3300000.00', '6600000.00', '2025-04-03 14:46:49', '2025-04-03 14:46:49'),
(1862, 751, 91, 1, '2480000.00', '2480000.00', '2025-04-03 14:46:49', '2025-04-03 14:46:49'),
(1863, 752, 108, 5, '3300000.00', '16500000.00', '2025-04-03 14:46:50', '2025-04-03 14:46:50'),
(1864, 752, 226, 3, '1970000.00', '5910000.00', '2025-04-03 14:46:50', '2025-04-03 14:46:50'),
(1865, 752, 67, 5, '4490000.00', '22450000.00', '2025-04-03 14:46:50', '2025-04-03 14:46:50'),
(1866, 753, 26, 5, '470000.00', '2350000.00', '2025-04-03 14:46:50', '2025-04-03 14:46:50'),
(1867, 753, 175, 4, '3410000.00', '13640000.00', '2025-04-03 14:46:50', '2025-04-03 14:46:50'),
(1868, 754, 8, 5, '740000.00', '3700000.00', '2025-04-03 14:46:50', '2025-04-03 14:46:50'),
(1869, 755, 23, 2, '1140000.00', '2280000.00', '2025-04-03 14:46:50', '2025-04-03 14:46:50'),
(1870, 755, 234, 1, '4210000.00', '4210000.00', '2025-04-03 14:46:50', '2025-04-03 14:46:50'),
(1871, 755, 44, 5, '1960000.00', '9800000.00', '2025-04-03 14:46:50', '2025-04-03 14:46:50'),
(1872, 755, 26, 2, '470000.00', '940000.00', '2025-04-03 14:46:50', '2025-04-03 14:46:50'),
(1873, 756, 172, 3, '3390000.00', '10170000.00', '2025-04-03 14:46:50', '2025-04-03 14:46:50'),
(1874, 756, 114, 2, '1490000.00', '2980000.00', '2025-04-03 14:46:50', '2025-04-03 14:46:50'),
(1875, 756, 164, 4, '1370000.00', '5480000.00', '2025-04-03 14:46:50', '2025-04-03 14:46:50'),
(1876, 757, 81, 1, '2600000.00', '2600000.00', '2025-04-03 14:46:50', '2025-04-03 14:46:50'),
(1877, 757, 43, 3, '1910000.00', '5730000.00', '2025-04-03 14:46:50', '2025-04-03 14:46:50'),
(1878, 757, 208, 3, '4890000.00', '14670000.00', '2025-04-03 14:46:50', '2025-04-03 14:46:50'),
(1879, 757, 31, 4, '3950000.00', '15800000.00', '2025-04-03 14:46:50', '2025-04-03 14:46:50'),
(1880, 758, 107, 5, '3500000.00', '17500000.00', '2025-04-03 14:46:50', '2025-04-03 14:46:50'),
(1881, 759, 127, 2, '4540000.00', '9080000.00', '2025-04-03 14:46:50', '2025-04-03 14:46:50'),
(1882, 759, 199, 4, '4760000.00', '19040000.00', '2025-04-03 14:46:50', '2025-04-03 14:46:50'),
(1883, 759, 152, 5, '3030000.00', '15150000.00', '2025-04-03 14:46:50', '2025-04-03 14:46:50'),
(1884, 760, 206, 4, '4850000.00', '19400000.00', '2025-04-03 14:46:50', '2025-04-03 14:46:50'),
(1885, 760, 198, 2, '4700000.00', '9400000.00', '2025-04-03 14:46:50', '2025-04-03 14:46:50'),
(1886, 760, 234, 2, '4210000.00', '8420000.00', '2025-04-03 14:46:50', '2025-04-03 14:46:50'),
(1887, 760, 162, 2, '1190000.00', '2380000.00', '2025-04-03 14:46:50', '2025-04-03 14:46:50'),
(1888, 761, 211, 2, '2630000.00', '5260000.00', '2025-04-03 14:46:50', '2025-04-03 14:46:50'),
(1889, 761, 144, 3, '1000000.00', '3000000.00', '2025-04-03 14:46:50', '2025-04-03 14:46:50'),
(1890, 761, 70, 1, '4150000.00', '4150000.00', '2025-04-03 14:46:50', '2025-04-03 14:46:50'),
(1891, 762, 62, 1, '4010000.00', '4010000.00', '2025-04-03 14:46:50', '2025-04-03 14:46:50'),
(1892, 762, 47, 1, '3010000.00', '3010000.00', '2025-04-03 14:46:50', '2025-04-03 14:46:50'),
(1893, 763, 73, 1, '2100000.00', '2100000.00', '2025-04-03 14:46:50', '2025-04-03 14:46:50'),
(1894, 764, 187, 3, '770000.00', '2310000.00', '2025-04-03 14:46:50', '2025-04-03 14:46:50'),
(1895, 764, 111, 2, '1710000.00', '3420000.00', '2025-04-03 14:46:50', '2025-04-03 14:46:50'),
(1896, 764, 103, 4, '5410000.00', '21640000.00', '2025-04-03 14:46:50', '2025-04-03 14:46:50'),
(1897, 764, 124, 2, '2510000.00', '5020000.00', '2025-04-03 14:46:50', '2025-04-03 14:46:50'),
(1898, 764, 14, 4, '1160000.00', '4640000.00', '2025-04-03 14:46:50', '2025-04-03 14:46:50'),
(1899, 765, 37, 1, '4410000.00', '4410000.00', '2025-04-03 14:46:50', '2025-04-03 14:46:50'),
(1900, 765, 106, 1, '3420000.00', '3420000.00', '2025-04-03 14:46:50', '2025-04-03 14:46:50'),
(1901, 765, 87, 5, '4990000.00', '24950000.00', '2025-04-03 14:46:50', '2025-04-03 14:46:50'),
(1902, 766, 96, 3, '3250000.00', '9750000.00', '2025-04-03 14:46:50', '2025-04-03 14:46:50'),
(1903, 766, 20, 3, '2140000.00', '6420000.00', '2025-04-03 14:46:50', '2025-04-03 14:46:50'),
(1904, 767, 88, 5, '4580000.00', '22900000.00', '2025-04-03 14:46:50', '2025-04-03 14:46:50'),
(1905, 767, 25, 5, '1230000.00', '6150000.00', '2025-04-03 14:46:50', '2025-04-03 14:46:50'),
(1906, 768, 37, 1, '4410000.00', '4410000.00', '2025-04-03 14:46:50', '2025-04-03 14:46:50'),
(1908, 769, 50, 4, '3110000.00', '12440000.00', '2025-04-03 14:46:50', '2025-04-03 14:46:50'),
(1909, 769, 238, 3, '3600000.00', '10800000.00', '2025-04-03 14:46:50', '2025-04-03 14:46:50'),
(1910, 769, 44, 5, '1960000.00', '9800000.00', '2025-04-03 14:46:50', '2025-04-03 14:46:50'),
(1911, 770, 142, 4, '1200000.00', '4800000.00', '2025-04-03 14:46:50', '2025-04-03 14:46:50'),
(1912, 771, 224, 1, '1150000.00', '1150000.00', '2025-04-03 14:46:50', '2025-04-03 14:46:50'),
(1913, 771, 83, 3, '2560000.00', '7680000.00', '2025-04-03 14:46:50', '2025-04-03 14:46:50'),
(1914, 772, 150, 3, '4820000.00', '14460000.00', '2025-04-03 14:46:50', '2025-04-03 14:46:50'),
(1915, 772, 146, 3, '5130000.00', '15390000.00', '2025-04-03 14:46:50', '2025-04-03 14:46:50'),
(1916, 772, 185, 5, '2570000.00', '12850000.00', '2025-04-03 14:46:50', '2025-04-03 14:46:50'),
(1917, 773, 232, 2, '3920000.00', '7840000.00', '2025-04-03 14:46:50', '2025-04-03 14:46:50'),
(1918, 773, 92, 2, '2620000.00', '5240000.00', '2025-04-03 14:46:50', '2025-04-03 14:46:50'),
(1919, 773, 78, 2, '4310000.00', '8620000.00', '2025-04-03 14:46:50', '2025-04-03 14:46:50'),
(1920, 774, 187, 2, '770000.00', '1540000.00', '2025-04-03 14:46:50', '2025-04-03 14:46:50'),
(1922, 775, 170, 1, '2560000.00', '2560000.00', '2025-04-03 14:46:50', '2025-04-03 14:46:50'),
(1923, 775, 179, 4, '3920000.00', '15680000.00', '2025-04-03 14:46:50', '2025-04-03 14:46:50'),
(1924, 775, 56, 5, '1160000.00', '5800000.00', '2025-04-03 14:46:50', '2025-04-03 14:46:50'),
(1926, 776, 191, 2, '350000.00', '700000.00', '2025-04-03 14:46:50', '2025-04-03 14:46:50'),
(1927, 777, 32, 1, '3760000.00', '3760000.00', '2025-04-03 14:46:50', '2025-04-03 14:46:50'),
(1928, 777, 67, 3, '4490000.00', '13470000.00', '2025-04-03 14:46:50', '2025-04-03 14:46:50'),
(1929, 777, 111, 5, '1710000.00', '8550000.00', '2025-04-03 14:46:50', '2025-04-03 14:46:50'),
(1930, 778, 216, 5, '2370000.00', '11850000.00', '2025-04-03 14:46:50', '2025-04-03 14:46:50'),
(1931, 779, 162, 3, '1190000.00', '3570000.00', '2025-04-03 14:46:50', '2025-04-03 14:46:50'),
(1932, 780, 71, 1, '2050000.00', '2050000.00', '2025-04-03 14:46:50', '2025-04-03 14:46:50'),
(1933, 780, 22, 4, '1310000.00', '5240000.00', '2025-04-03 14:46:50', '2025-04-03 14:46:50'),
(1934, 780, 25, 3, '1230000.00', '3690000.00', '2025-04-03 14:46:50', '2025-04-03 14:46:50'),
(1935, 781, 218, 4, '2400000.00', '9600000.00', '2025-04-03 14:46:50', '2025-04-03 14:46:50'),
(1936, 782, 122, 3, '2430000.00', '7290000.00', '2025-04-03 14:46:50', '2025-04-03 14:46:50'),
(1937, 782, 12, 5, '1100000.00', '5500000.00', '2025-04-03 14:46:50', '2025-04-03 14:46:50'),
(1938, 783, 164, 1, '1370000.00', '1370000.00', '2025-04-03 14:46:50', '2025-04-03 14:46:50'),
(1939, 784, 36, 4, '4050000.00', '16200000.00', '2025-04-03 14:46:50', '2025-04-03 14:46:50'),
(1940, 785, 106, 3, '3420000.00', '10260000.00', '2025-04-03 14:46:50', '2025-04-03 14:46:50'),
(1941, 785, 124, 3, '2510000.00', '7530000.00', '2025-04-03 14:46:50', '2025-04-03 14:46:50'),
(1942, 786, 182, 5, '2590000.00', '12950000.00', '2025-04-03 14:46:50', '2025-04-03 14:46:50'),
(1943, 787, 105, 4, '5260000.00', '21040000.00', '2025-04-03 14:46:50', '2025-04-03 14:46:50'),
(1944, 788, 186, 3, '840000.00', '2520000.00', '2025-04-03 14:46:50', '2025-04-03 14:46:50'),
(1945, 788, 96, 1, '3250000.00', '3250000.00', '2025-04-03 14:46:50', '2025-04-03 14:46:50'),
(1946, 788, 238, 5, '3600000.00', '18000000.00', '2025-04-03 14:46:50', '2025-04-03 14:46:50'),
(1947, 789, 118, 3, '4240000.00', '12720000.00', '2025-04-03 14:46:50', '2025-04-03 14:46:50'),
(1948, 789, 20, 3, '2140000.00', '6420000.00', '2025-04-03 14:46:50', '2025-04-03 14:46:50'),
(1949, 789, 125, 5, '2490000.00', '12450000.00', '2025-04-03 14:46:50', '2025-04-03 14:46:50'),
(1950, 789, 225, 2, '1060000.00', '2120000.00', '2025-04-03 14:46:50', '2025-04-03 14:46:50'),
(1951, 790, 128, 3, '4840000.00', '14520000.00', '2025-04-03 14:46:50', '2025-04-03 14:46:50'),
(1952, 790, 115, 5, '1780000.00', '8900000.00', '2025-04-03 14:46:50', '2025-04-03 14:46:50'),
(1953, 790, 213, 2, '2370000.00', '4740000.00', '2025-04-03 14:46:50', '2025-04-03 14:46:50'),
(1954, 790, 142, 5, '1200000.00', '6000000.00', '2025-04-03 14:46:50', '2025-04-03 14:46:50'),
(1955, 791, 78, 1, '4310000.00', '4310000.00', '2025-04-03 14:46:50', '2025-04-03 14:46:50'),
(1956, 791, 136, 4, '4400000.00', '17600000.00', '2025-04-03 14:46:50', '2025-04-03 14:46:50'),
(1957, 792, 141, 4, '1050000.00', '4200000.00', '2025-04-03 14:46:50', '2025-04-03 14:46:50'),
(1958, 792, 53, 1, '4310000.00', '4310000.00', '2025-04-03 14:46:50', '2025-04-03 14:46:50'),
(1959, 792, 67, 3, '4490000.00', '13470000.00', '2025-04-03 14:46:50', '2025-04-03 14:46:50'),
(1960, 793, 214, 1, '2450000.00', '2450000.00', '2025-04-03 14:46:50', '2025-04-03 14:46:50'),
(1961, 793, 223, 3, '1170000.00', '3510000.00', '2025-04-03 14:46:50', '2025-04-03 14:46:50'),
(1962, 794, 213, 4, '2370000.00', '9480000.00', '2025-04-03 14:46:50', '2025-04-03 14:46:50'),
(1964, 795, 84, 1, '2690000.00', '2690000.00', '2025-04-03 14:46:50', '2025-04-03 14:46:50'),
(1965, 795, 218, 3, '2400000.00', '7200000.00', '2025-04-03 14:46:50', '2025-04-03 14:46:50'),
(1966, 796, 171, 4, '3210000.00', '12840000.00', '2025-04-03 14:46:50', '2025-04-03 14:46:50'),
(1967, 796, 18, 1, '1920000.00', '1920000.00', '2025-04-03 14:46:50', '2025-04-03 14:46:50'),
(1968, 796, 38, 3, '4070000.00', '12210000.00', '2025-04-03 14:46:50', '2025-04-03 14:46:50'),
(1969, 797, 12, 3, '1100000.00', '3300000.00', '2025-04-03 14:46:50', '2025-04-03 14:46:50'),
(1970, 797, 211, 2, '2630000.00', '5260000.00', '2025-04-03 14:46:50', '2025-04-03 14:46:50'),
(1971, 797, 17, 4, '2300000.00', '9200000.00', '2025-04-03 14:46:50', '2025-04-03 14:46:50'),
(1972, 797, 31, 1, '3950000.00', '3950000.00', '2025-04-03 14:46:50', '2025-04-03 14:46:50'),
(1973, 798, 75, 1, '2100000.00', '2100000.00', '2025-04-03 14:46:50', '2025-04-03 14:46:50'),
(1974, 798, 118, 3, '4240000.00', '12720000.00', '2025-04-03 14:46:50', '2025-04-03 14:46:50'),
(1975, 798, 137, 3, '4310000.00', '12930000.00', '2025-04-03 14:46:50', '2025-04-03 14:46:50'),
(1976, 799, 226, 5, '1970000.00', '9850000.00', '2025-04-03 14:46:50', '2025-04-03 14:46:50'),
(1977, 799, 66, 5, '4340000.00', '21700000.00', '2025-04-03 14:46:50', '2025-04-03 14:46:50'),
(1978, 799, 173, 3, '3550000.00', '10650000.00', '2025-04-03 14:46:50', '2025-04-03 14:46:50'),
(1979, 799, 26, 1, '470000.00', '470000.00', '2025-04-03 14:46:50', '2025-04-03 14:46:50'),
(1980, 800, 84, 2, '2690000.00', '5380000.00', '2025-04-03 14:46:50', '2025-04-03 14:46:50'),
(1981, 800, 154, 5, '3100000.00', '15500000.00', '2025-04-03 14:46:50', '2025-04-03 14:46:50'),
(1983, 802, 183, 5, '2610000.00', '13050000.00', '2025-04-03 14:46:50', '2025-04-03 14:46:50'),
(1984, 802, 70, 3, '4150000.00', '12450000.00', '2025-04-03 14:46:50', '2025-04-03 14:46:50'),
(1985, 803, 14, 1, '1160000.00', '1160000.00', '2025-04-03 14:46:50', '2025-04-03 14:46:50'),
(1986, 803, 70, 5, '4150000.00', '20750000.00', '2025-04-03 14:46:50', '2025-04-03 14:46:50'),
(1987, 803, 23, 5, '1140000.00', '5700000.00', '2025-04-03 14:46:50', '2025-04-03 14:46:50'),
(1988, 804, 119, 2, '4660000.00', '9320000.00', '2025-04-03 14:46:50', '2025-04-03 14:46:50'),
(1989, 805, 239, 5, '3690000.00', '18450000.00', '2025-04-03 14:46:50', '2025-04-03 14:46:50'),
(1990, 805, 63, 2, '4140000.00', '8280000.00', '2025-04-03 14:46:50', '2025-04-03 14:46:50'),
(1991, 805, 193, 4, '690000.00', '2760000.00', '2025-04-03 14:46:50', '2025-04-03 14:46:50'),
(1992, 806, 169, 3, '2260000.00', '6780000.00', '2025-04-03 14:46:50', '2025-04-03 14:46:50'),
(1993, 807, 130, 4, '4620000.00', '18480000.00', '2025-04-03 14:46:50', '2025-04-03 14:46:50'),
(1994, 807, 14, 3, '1160000.00', '3480000.00', '2025-04-03 14:46:50', '2025-04-03 14:46:50'),
(1995, 807, 65, 4, '4050000.00', '16200000.00', '2025-04-03 14:46:50', '2025-04-03 14:46:50'),
(1996, 807, 189, 2, '650000.00', '1300000.00', '2025-04-03 14:46:50', '2025-04-03 14:46:50'),
(1997, 808, 202, 2, '3580000.00', '7160000.00', '2025-04-03 14:46:50', '2025-04-03 14:46:50'),
(1998, 808, 37, 1, '4410000.00', '4410000.00', '2025-04-03 14:46:50', '2025-04-03 14:46:50'),
(1999, 808, 125, 5, '2490000.00', '12450000.00', '2025-04-03 14:46:50', '2025-04-03 14:46:50'),
(2000, 809, 236, 4, '4020000.00', '16080000.00', '2025-04-03 14:46:50', '2025-04-03 14:46:50'),
(2001, 809, 60, 5, '940000.00', '4700000.00', '2025-04-03 14:46:50', '2025-04-03 14:46:50'),
(2002, 809, 225, 4, '1060000.00', '4240000.00', '2025-04-03 14:46:50', '2025-04-03 14:46:50'),
(2003, 810, 24, 5, '1150000.00', '5750000.00', '2025-04-03 14:46:50', '2025-04-03 14:46:50'),
(2004, 810, 196, 5, '4690000.00', '23450000.00', '2025-04-03 14:46:50', '2025-04-03 14:46:50'),
(2005, 810, 166, 4, '2130000.00', '8520000.00', '2025-04-03 14:46:50', '2025-04-03 14:46:50'),
(2006, 811, 220, 3, '2340000.00', '7020000.00', '2025-04-03 14:46:50', '2025-04-03 14:46:50'),
(2007, 812, 185, 4, '2570000.00', '10280000.00', '2025-04-03 14:46:50', '2025-04-03 14:46:50'),
(2008, 812, 194, 2, '640000.00', '1280000.00', '2025-04-03 14:46:50', '2025-04-03 14:46:50'),
(2009, 812, 197, 1, '4790000.00', '4790000.00', '2025-04-03 14:46:50', '2025-04-03 14:46:50'),
(2010, 812, 27, 4, '350000.00', '1400000.00', '2025-04-03 14:46:50', '2025-04-03 14:46:50'),
(2011, 813, 146, 3, '5130000.00', '15390000.00', '2025-04-03 14:46:50', '2025-04-03 14:46:50'),
(2012, 813, 195, 5, '440000.00', '2200000.00', '2025-04-03 14:46:50', '2025-04-03 14:46:50'),
(2013, 813, 114, 3, '1490000.00', '4470000.00', '2025-04-03 14:46:50', '2025-04-03 14:46:50'),
(2014, 813, 64, 5, '4220000.00', '21100000.00', '2025-04-03 14:46:50', '2025-04-03 14:46:50'),
(2015, 814, 184, 2, '2820000.00', '5640000.00', '2025-04-03 14:46:50', '2025-04-03 14:46:50'),
(2016, 814, 27, 1, '350000.00', '350000.00', '2025-04-03 14:46:50', '2025-04-03 14:46:50'),
(2017, 815, 97, 2, '3670000.00', '7340000.00', '2025-04-03 14:46:50', '2025-04-03 14:46:50'),
(2018, 816, 193, 3, '690000.00', '2070000.00', '2025-04-03 14:46:50', '2025-04-03 14:46:50'),
(2019, 817, 183, 4, '2610000.00', '10440000.00', '2025-04-03 14:46:50', '2025-04-03 14:46:50'),
(2020, 817, 180, 4, '3900000.00', '15600000.00', '2025-04-03 14:46:50', '2025-04-03 14:46:50'),
(2022, 817, 74, 4, '2370000.00', '9480000.00', '2025-04-03 14:46:50', '2025-04-03 14:46:50'),
(2024, 818, 120, 3, '4390000.00', '13170000.00', '2025-04-03 14:46:50', '2025-04-03 14:46:50'),
(2025, 818, 124, 4, '2510000.00', '10040000.00', '2025-04-03 14:46:50', '2025-04-03 14:46:50'),
(2026, 819, 110, 4, '3680000.00', '14720000.00', '2025-04-03 14:46:50', '2025-04-03 14:46:50'),
(2027, 819, 183, 3, '2610000.00', '7830000.00', '2025-04-03 14:46:50', '2025-04-03 14:46:50'),
(2028, 820, 205, 5, '3770000.00', '18850000.00', '2025-04-03 14:46:50', '2025-04-03 14:46:50'),
(2029, 820, 33, 4, '3790000.00', '15160000.00', '2025-04-03 14:46:50', '2025-04-03 14:46:50'),
(2030, 821, 126, 1, '4520000.00', '4520000.00', '2025-04-03 14:46:50', '2025-04-03 14:46:50'),
(2031, 821, 45, 5, '1910000.00', '9550000.00', '2025-04-03 14:46:50', '2025-04-03 14:46:50'),
(2032, 821, 198, 2, '4700000.00', '9400000.00', '2025-04-03 14:46:50', '2025-04-03 14:46:50'),
(2034, 821, 84, 4, '2690000.00', '10760000.00', '2025-04-03 14:46:50', '2025-04-03 14:46:50'),
(2035, 822, 191, 5, '350000.00', '1750000.00', '2025-04-03 14:46:50', '2025-04-03 14:46:50'),
(2036, 822, 30, 1, '120000.00', '120000.00', '2025-04-03 14:46:50', '2025-04-03 14:46:50'),
(2037, 822, 192, 3, '700000.00', '2100000.00', '2025-04-03 14:46:50', '2025-04-03 14:46:50'),
(2038, 822, 182, 5, '2590000.00', '12950000.00', '2025-04-03 14:46:50', '2025-04-03 14:46:50'),
(2039, 822, 86, 4, '4790000.00', '19160000.00', '2025-04-03 14:46:50', '2025-04-03 14:46:50'),
(2040, 823, 23, 4, '1140000.00', '4560000.00', '2025-04-03 14:46:50', '2025-04-03 14:46:50'),
(2041, 823, 75, 2, '2100000.00', '4200000.00', '2025-04-03 14:46:50', '2025-04-03 14:46:50'),
(2042, 823, 151, 2, '2980000.00', '5960000.00', '2025-04-03 14:46:50', '2025-04-03 14:46:50'),
(2043, 824, 202, 3, '3580000.00', '10740000.00', '2025-04-03 14:46:50', '2025-04-03 14:46:50'),
(2044, 824, 127, 3, '4540000.00', '13620000.00', '2025-04-03 14:46:50', '2025-04-03 14:46:50'),
(2045, 825, 192, 3, '700000.00', '2100000.00', '2025-04-03 14:46:50', '2025-04-03 14:46:50'),
(2046, 825, 28, 4, '540000.00', '2160000.00', '2025-04-03 14:46:50', '2025-04-03 14:46:50'),
(2047, 826, 165, 4, '970000.00', '3880000.00', '2025-04-03 14:46:50', '2025-04-03 14:46:50'),
(2048, 827, 93, 4, '2630000.00', '10520000.00', '2025-04-03 14:46:50', '2025-04-03 14:46:50'),
(2049, 827, 115, 3, '1780000.00', '5340000.00', '2025-04-03 14:46:50', '2025-04-03 14:46:50'),
(2050, 827, 157, 5, '2980000.00', '14900000.00', '2025-04-03 14:46:50', '2025-04-03 14:46:50'),
(2051, 827, 22, 1, '1310000.00', '1310000.00', '2025-04-03 14:46:50', '2025-04-03 14:46:50'),
(2052, 828, 67, 5, '4490000.00', '22450000.00', '2025-04-03 14:46:50', '2025-04-03 14:46:50'),
(2053, 828, 107, 4, '3500000.00', '14000000.00', '2025-04-03 14:46:50', '2025-04-03 14:46:50'),
(2054, 828, 107, 5, '3500000.00', '17500000.00', '2025-04-03 14:46:50', '2025-04-03 14:46:50'),
(2055, 829, 85, 2, '2860000.00', '5720000.00', '2025-04-03 14:46:50', '2025-04-03 14:46:50'),
(2056, 829, 147, 4, '4920000.00', '19680000.00', '2025-04-03 14:46:50', '2025-04-03 14:46:50'),
(2057, 829, 64, 4, '4220000.00', '16880000.00', '2025-04-03 14:46:50', '2025-04-03 14:46:50'),
(2058, 830, 96, 4, '3250000.00', '13000000.00', '2025-04-03 14:46:50', '2025-04-03 14:46:50'),
(2059, 831, 207, 1, '4820000.00', '4820000.00', '2025-04-03 14:46:50', '2025-04-03 14:46:50'),
(2060, 831, 192, 4, '700000.00', '2800000.00', '2025-04-03 14:46:50', '2025-04-03 14:46:50'),
(2061, 831, 111, 5, '1710000.00', '8550000.00', '2025-04-03 14:46:50', '2025-04-03 14:46:50'),
(2062, 831, 90, 1, '4610000.00', '4610000.00', '2025-04-03 14:46:50', '2025-04-03 14:46:50'),
(2064, 832, 48, 2, '3080000.00', '6160000.00', '2025-04-03 14:46:50', '2025-04-03 14:46:50'),
(2065, 832, 143, 4, '970000.00', '3880000.00', '2025-04-03 14:46:50', '2025-04-03 14:46:50'),
(2066, 833, 36, 5, '4050000.00', '20250000.00', '2025-04-03 14:46:50', '2025-04-03 14:46:50'),
(2067, 833, 168, 2, '2420000.00', '4840000.00', '2025-04-03 14:46:50', '2025-04-03 14:46:50'),
(2068, 833, 157, 5, '2980000.00', '14900000.00', '2025-04-03 14:46:50', '2025-04-03 14:46:50'),
(2069, 834, 90, 1, '4610000.00', '4610000.00', '2025-04-03 14:46:50', '2025-04-03 14:46:50'),
(2070, 834, 225, 4, '1060000.00', '4240000.00', '2025-04-03 14:46:50', '2025-04-03 14:46:50'),
(2071, 834, 16, 5, '2120000.00', '10600000.00', '2025-04-03 14:46:50', '2025-04-03 14:46:50'),
(2072, 834, 84, 5, '2690000.00', '13450000.00', '2025-04-03 14:46:50', '2025-04-03 14:46:50'),
(2073, 835, 240, 1, '3650000.00', '3650000.00', '2025-04-03 14:46:50', '2025-04-03 14:46:50'),
(2074, 835, 218, 2, '2400000.00', '4800000.00', '2025-04-03 14:46:50', '2025-04-03 14:46:50'),
(2075, 836, 42, 1, '1890000.00', '1890000.00', '2025-04-03 14:46:50', '2025-04-03 14:46:50'),
(2076, 836, 15, 4, '1060000.00', '4240000.00', '2025-04-03 14:46:50', '2025-04-03 14:46:50'),
(2077, 836, 31, 3, '3950000.00', '11850000.00', '2025-04-03 14:46:50', '2025-04-03 14:46:50'),
(2078, 837, 174, 2, '3290000.00', '6580000.00', '2025-04-03 14:46:50', '2025-04-03 14:46:50'),
(2079, 837, 157, 1, '2980000.00', '2980000.00', '2025-04-03 14:46:50', '2025-04-03 14:46:50'),
(2080, 837, 6, 1, '560000.00', '560000.00', '2025-04-03 14:46:51', '2025-04-03 14:46:51'),
(2081, 837, 193, 3, '690000.00', '2070000.00', '2025-04-03 14:46:51', '2025-04-03 14:46:51'),
(2082, 837, 51, 4, '4070000.00', '16280000.00', '2025-04-03 14:46:51', '2025-04-03 14:46:51'),
(2083, 838, 62, 3, '4010000.00', '12030000.00', '2025-04-03 14:46:51', '2025-04-03 14:46:51'),
(2085, 839, 239, 4, '3690000.00', '14760000.00', '2025-04-03 14:46:51', '2025-04-03 14:46:51'),
(2086, 840, 37, 2, '4410000.00', '8820000.00', '2025-04-03 14:46:51', '2025-04-03 14:46:51'),
(2087, 840, 69, 5, '4180000.00', '20900000.00', '2025-04-03 14:46:51', '2025-04-03 14:46:51'),
(2088, 840, 88, 5, '4580000.00', '22900000.00', '2025-04-03 14:46:51', '2025-04-03 14:46:51'),
(2089, 841, 179, 2, '3920000.00', '7840000.00', '2025-04-03 14:46:51', '2025-04-03 14:46:51'),
(2090, 842, 233, 3, '4150000.00', '12450000.00', '2025-04-03 14:46:51', '2025-04-03 14:46:51'),
(2091, 842, 50, 2, '3110000.00', '6220000.00', '2025-04-03 14:46:51', '2025-04-03 14:46:51'),
(2092, 843, 146, 3, '5130000.00', '15390000.00', '2025-04-03 14:46:51', '2025-04-03 14:46:51'),
(2093, 843, 223, 1, '1170000.00', '1170000.00', '2025-04-03 14:46:51', '2025-04-03 14:46:51'),
(2094, 844, 17, 5, '2300000.00', '11500000.00', '2025-04-03 14:46:51', '2025-04-03 14:46:51'),
(2095, 844, 185, 3, '2570000.00', '7710000.00', '2025-04-03 14:46:51', '2025-04-03 14:46:51'),
(2096, 845, 94, 4, '2660000.00', '10640000.00', '2025-04-03 14:46:51', '2025-04-03 14:46:51'),
(2097, 845, 223, 3, '1170000.00', '3510000.00', '2025-04-03 14:46:51', '2025-04-03 14:46:51'),
(2098, 845, 58, 5, '1020000.00', '5100000.00', '2025-04-03 14:46:51', '2025-04-03 14:46:51'),
(2099, 846, 232, 4, '3920000.00', '15680000.00', '2025-04-03 14:46:51', '2025-04-03 14:46:51'),
(2100, 846, 220, 2, '2340000.00', '4680000.00', '2025-04-03 14:46:51', '2025-04-03 14:46:51'),
(2101, 846, 212, 2, '2480000.00', '4960000.00', '2025-04-03 14:46:51', '2025-04-03 14:46:51'),
(2103, 847, 169, 4, '2260000.00', '9040000.00', '2025-04-03 14:46:51', '2025-04-03 14:46:51'),
(2104, 847, 147, 3, '4920000.00', '14760000.00', '2025-04-03 14:46:51', '2025-04-03 14:46:51'),
(2105, 847, 180, 3, '3900000.00', '11700000.00', '2025-04-03 14:46:51', '2025-04-03 14:46:51'),
(2106, 847, 121, 5, '2310000.00', '11550000.00', '2025-04-03 14:46:51', '2025-04-03 14:46:51'),
(2107, 848, 227, 1, '2170000.00', '2170000.00', '2025-04-03 14:46:51', '2025-04-03 14:46:51'),
(2108, 848, 240, 5, '3650000.00', '18250000.00', '2025-04-03 14:46:51', '2025-04-03 14:46:51'),
(2109, 848, 169, 4, '2260000.00', '9040000.00', '2025-04-03 14:46:51', '2025-04-03 14:46:51'),
(2110, 849, 194, 3, '640000.00', '1920000.00', '2025-04-03 14:46:51', '2025-04-03 14:46:51'),
(2111, 849, 167, 5, '2550000.00', '12750000.00', '2025-04-03 14:46:51', '2025-04-03 14:46:51'),
(2112, 850, 86, 2, '4790000.00', '9580000.00', '2025-04-03 14:46:51', '2025-04-03 14:46:51'),
(2113, 850, 119, 1, '4660000.00', '4660000.00', '2025-04-03 14:46:51', '2025-04-03 14:46:51'),
(2114, 850, 79, 1, '4510000.00', '4510000.00', '2025-04-03 14:46:51', '2025-04-03 14:46:51'),
(2115, 850, 97, 4, '3670000.00', '14680000.00', '2025-04-03 14:46:51', '2025-04-03 14:46:51'),
(2116, 851, 174, 4, '3290000.00', '13160000.00', '2025-04-03 14:46:51', '2025-04-03 14:46:51'),
(2117, 851, 201, 4, '3590000.00', '14360000.00', '2025-04-03 14:46:51', '2025-04-03 14:46:51'),
(2118, 851, 181, 1, '2410000.00', '2410000.00', '2025-04-03 14:46:51', '2025-04-03 14:46:51'),
(2119, 852, 139, 3, '4500000.00', '13500000.00', '2025-04-03 14:46:51', '2025-04-03 14:46:51'),
(2120, 852, 46, 1, '3180000.00', '3180000.00', '2025-04-03 14:46:51', '2025-04-03 14:46:51'),
(2121, 853, 21, 5, '1250000.00', '6250000.00', '2025-04-03 14:46:51', '2025-04-03 14:46:51'),
(2122, 853, 214, 3, '2450000.00', '7350000.00', '2025-04-03 14:46:51', '2025-04-03 14:46:51'),
(2123, 853, 129, 3, '4810000.00', '14430000.00', '2025-04-03 14:46:51', '2025-04-03 14:46:51'),
(2124, 854, 33, 2, '3790000.00', '7580000.00', '2025-04-03 14:46:51', '2025-04-03 14:46:51'),
(2125, 855, 123, 1, '2210000.00', '2210000.00', '2025-04-03 14:46:51', '2025-04-03 14:46:51'),
(2126, 855, 47, 4, '3010000.00', '12040000.00', '2025-04-03 14:46:51', '2025-04-03 14:46:51'),
(2127, 855, 207, 5, '4820000.00', '24100000.00', '2025-04-03 14:46:51', '2025-04-03 14:46:51'),
(2128, 856, 63, 4, '4140000.00', '16560000.00', '2025-04-03 14:46:51', '2025-04-03 14:46:51'),
(2129, 856, 62, 5, '4010000.00', '20050000.00', '2025-04-03 14:46:51', '2025-04-03 14:46:51'),
(2130, 857, 93, 3, '2630000.00', '7890000.00', '2025-04-03 14:46:51', '2025-04-03 14:46:51'),
(2131, 858, 55, 1, '4000000.00', '4000000.00', '2025-04-03 14:46:51', '2025-04-03 14:46:51'),
(2132, 858, 52, 2, '4050000.00', '8100000.00', '2025-04-03 14:46:51', '2025-04-03 14:46:51'),
(2133, 859, 161, 1, '920000.00', '920000.00', '2025-04-03 14:46:51', '2025-04-03 14:46:51'),
(2134, 860, 83, 5, '2560000.00', '12800000.00', '2025-04-03 14:46:51', '2025-04-03 14:46:51'),
(2135, 860, 78, 4, '4310000.00', '17240000.00', '2025-04-03 14:46:51', '2025-04-03 14:46:51'),
(2136, 861, 142, 5, '1200000.00', '6000000.00', '2025-04-03 14:46:51', '2025-04-03 14:46:51'),
(2137, 861, 55, 4, '4000000.00', '16000000.00', '2025-04-03 14:46:51', '2025-04-03 14:46:51'),
(2138, 862, 73, 4, '2100000.00', '8400000.00', '2025-04-03 14:46:51', '2025-04-03 14:46:51'),
(2139, 862, 201, 3, '3590000.00', '10770000.00', '2025-04-03 14:46:51', '2025-04-03 14:46:51'),
(2140, 862, 65, 4, '4050000.00', '16200000.00', '2025-04-03 14:46:51', '2025-04-03 14:46:51'),
(2141, 862, 166, 2, '2130000.00', '4260000.00', '2025-04-03 14:46:51', '2025-04-03 14:46:51'),
(2142, 863, 237, 4, '3810000.00', '15240000.00', '2025-04-03 14:46:51', '2025-04-03 14:46:51'),
(2143, 864, 120, 1, '4390000.00', '4390000.00', '2025-04-03 14:46:51', '2025-04-03 14:46:51'),
(2144, 865, 103, 3, '5410000.00', '16230000.00', '2025-04-03 14:46:51', '2025-04-03 14:46:51'),
(2145, 865, 128, 4, '4840000.00', '19360000.00', '2025-04-03 14:46:51', '2025-04-03 14:46:51'),
(2146, 866, 215, 1, '2640000.00', '2640000.00', '2025-04-03 14:46:51', '2025-04-03 14:46:51'),
(2147, 867, 113, 5, '1610000.00', '8050000.00', '2025-04-03 14:46:51', '2025-04-03 14:46:51'),
(2148, 867, 77, 1, '4530000.00', '4530000.00', '2025-04-03 14:46:51', '2025-04-03 14:46:51'),
(2149, 868, 211, 3, '2630000.00', '7890000.00', '2025-04-03 14:46:51', '2025-04-03 14:46:51'),
(2150, 868, 147, 1, '4920000.00', '4920000.00', '2025-04-03 14:46:51', '2025-04-03 14:46:51'),
(2151, 868, 90, 5, '4610000.00', '23050000.00', '2025-04-03 14:46:51', '2025-04-03 14:46:51'),
(2152, 868, 95, 4, '2390000.00', '9560000.00', '2025-04-03 14:46:51', '2025-04-03 14:46:51'),
(2153, 868, 213, 3, '2370000.00', '7110000.00', '2025-04-03 14:46:51', '2025-04-03 14:46:51'),
(2154, 869, 105, 1, '5260000.00', '5260000.00', '2025-04-03 14:46:51', '2025-04-03 14:46:51'),
(2155, 869, 62, 1, '4010000.00', '4010000.00', '2025-04-03 14:46:51', '2025-04-03 14:46:51'),
(2156, 869, 174, 1, '3290000.00', '3290000.00', '2025-04-03 14:46:51', '2025-04-03 14:46:51'),
(2157, 869, 189, 1, '650000.00', '650000.00', '2025-04-03 14:46:51', '2025-04-03 14:46:51'),
(2160, 870, 178, 5, '4050000.00', '20250000.00', '2025-04-03 14:46:51', '2025-04-03 14:46:51'),
(2161, 871, 73, 2, '2100000.00', '4200000.00', '2025-04-03 14:46:51', '2025-04-03 14:46:51'),
(2162, 872, 126, 4, '4520000.00', '18080000.00', '2025-04-03 14:46:51', '2025-04-03 14:46:51'),
(2163, 872, 181, 1, '2410000.00', '2410000.00', '2025-04-03 14:46:51', '2025-04-03 14:46:51'),
(2164, 872, 46, 1, '3180000.00', '3180000.00', '2025-04-03 14:46:51', '2025-04-03 14:46:51'),
(2165, 873, 225, 2, '1060000.00', '2120000.00', '2025-04-03 14:46:51', '2025-04-03 14:46:51'),
(2166, 873, 99, 1, '3430000.00', '3430000.00', '2025-04-03 14:46:51', '2025-04-03 14:46:51'),
(2167, 874, 42, 2, '1890000.00', '3780000.00', '2025-04-03 14:46:51', '2025-04-03 14:46:51'),
(2168, 874, 31, 3, '3950000.00', '11850000.00', '2025-04-03 14:46:51', '2025-04-03 14:46:51'),
(2169, 874, 60, 4, '940000.00', '3760000.00', '2025-04-03 14:46:51', '2025-04-03 14:46:51'),
(2170, 875, 158, 3, '3240000.00', '9720000.00', '2025-04-03 14:46:51', '2025-04-03 14:46:51'),
(2171, 875, 87, 2, '4990000.00', '9980000.00', '2025-04-03 14:46:51', '2025-04-03 14:46:51'),
(2172, 875, 235, 4, '3960000.00', '15840000.00', '2025-04-03 14:46:51', '2025-04-03 14:46:51'),
(2173, 876, 102, 4, '5350000.00', '21400000.00', '2025-04-03 14:46:51', '2025-04-03 14:46:51'),
(2174, 876, 28, 3, '540000.00', '1620000.00', '2025-04-03 14:46:51', '2025-04-03 14:46:51'),
(2175, 876, 142, 4, '1200000.00', '4800000.00', '2025-04-03 14:46:51', '2025-04-03 14:46:51'),
(2176, 876, 154, 3, '3100000.00', '9300000.00', '2025-04-03 14:46:51', '2025-04-03 14:46:51'),
(2177, 877, 40, 1, '4390000.00', '4390000.00', '2025-04-03 14:46:51', '2025-04-03 14:46:51'),
(2178, 877, 80, 4, '4140000.00', '16560000.00', '2025-04-03 14:46:51', '2025-04-03 14:46:51'),
(2179, 878, 9, 4, '340000.00', '1360000.00', '2025-04-03 14:46:51', '2025-04-03 14:46:51'),
(2180, 879, 201, 5, '3590000.00', '17950000.00', '2025-04-03 14:46:51', '2025-04-03 14:46:51'),
(2181, 879, 123, 4, '2210000.00', '8840000.00', '2025-04-03 14:46:51', '2025-04-03 14:46:51'),
(2182, 879, 79, 1, '4510000.00', '4510000.00', '2025-04-03 14:46:51', '2025-04-03 14:46:51'),
(2183, 879, 80, 5, '4140000.00', '20700000.00', '2025-04-03 14:46:51', '2025-04-03 14:46:51'),
(2184, 880, 180, 4, '3900000.00', '15600000.00', '2025-04-03 14:46:51', '2025-04-03 14:46:51'),
(2185, 881, 102, 3, '5350000.00', '16050000.00', '2025-04-03 14:46:51', '2025-04-03 14:46:51'),
(2186, 881, 204, 3, '3500000.00', '10500000.00', '2025-04-03 14:46:51', '2025-04-03 14:46:51'),
(2188, 882, 29, 5, '110000.00', '550000.00', '2025-04-03 14:46:51', '2025-04-03 14:46:51'),
(2189, 882, 47, 5, '3010000.00', '15050000.00', '2025-04-03 14:46:51', '2025-04-03 14:46:51'),
(2190, 882, 68, 4, '4200000.00', '16800000.00', '2025-04-03 14:46:51', '2025-04-03 14:46:51'),
(2191, 883, 129, 3, '4810000.00', '14430000.00', '2025-04-03 14:46:51', '2025-04-03 14:46:51'),
(2192, 883, 93, 1, '2630000.00', '2630000.00', '2025-04-03 14:46:51', '2025-04-03 14:46:51'),
(2193, 883, 83, 2, '2560000.00', '5120000.00', '2025-04-03 14:46:51', '2025-04-03 14:46:51'),
(2195, 884, 11, 4, '1100000.00', '4400000.00', '2025-04-03 14:46:51', '2025-04-03 14:46:51'),
(2196, 884, 99, 1, '3430000.00', '3430000.00', '2025-04-03 14:46:51', '2025-04-03 14:46:51'),
(2197, 884, 48, 5, '3080000.00', '15400000.00', '2025-04-03 14:46:51', '2025-04-03 14:46:51'),
(2198, 885, 94, 2, '2660000.00', '5320000.00', '2025-04-03 14:46:51', '2025-04-03 14:46:51'),
(2199, 885, 185, 3, '2570000.00', '7710000.00', '2025-04-03 14:46:51', '2025-04-03 14:46:51'),
(2200, 885, 114, 2, '1490000.00', '2980000.00', '2025-04-03 14:46:51', '2025-04-03 14:46:51'),
(2201, 886, 118, 3, '4240000.00', '12720000.00', '2025-04-03 14:46:51', '2025-04-03 14:46:51'),
(2203, 886, 16, 5, '2120000.00', '10600000.00', '2025-04-03 14:46:51', '2025-04-03 14:46:51'),
(2204, 886, 71, 1, '2050000.00', '2050000.00', '2025-04-03 14:46:51', '2025-04-03 14:46:51'),
(2205, 887, 51, 3, '4070000.00', '12210000.00', '2025-04-03 14:46:51', '2025-04-03 14:46:51'),
(2206, 887, 147, 3, '4920000.00', '14760000.00', '2025-04-03 14:46:51', '2025-04-03 14:46:51'),
(2207, 888, 104, 3, '5010000.00', '15030000.00', '2025-04-03 14:46:51', '2025-04-03 14:46:51'),
(2208, 888, 34, 2, '3920000.00', '7840000.00', '2025-04-03 14:46:51', '2025-04-03 14:46:51'),
(2209, 889, 207, 3, '4820000.00', '14460000.00', '2025-04-03 14:46:51', '2025-04-03 14:46:51'),
(2210, 889, 195, 3, '440000.00', '1320000.00', '2025-04-03 14:46:51', '2025-04-03 14:46:51'),
(2211, 889, 165, 4, '970000.00', '3880000.00', '2025-04-03 14:46:51', '2025-04-03 14:46:51'),
(2212, 890, 71, 2, '2050000.00', '4100000.00', '2025-04-03 14:46:51', '2025-04-03 14:46:51'),
(2213, 890, 72, 1, '2300000.00', '2300000.00', '2025-04-03 14:46:51', '2025-04-03 14:46:51'),
(2214, 891, 142, 1, '1200000.00', '1200000.00', '2025-04-03 14:46:51', '2025-04-03 14:46:51'),
(2215, 891, 195, 3, '440000.00', '1320000.00', '2025-04-03 14:46:51', '2025-04-03 14:46:51'),
(2216, 892, 148, 5, '5070000.00', '25350000.00', '2025-04-03 14:46:51', '2025-04-03 14:46:51'),
(2217, 892, 107, 1, '3500000.00', '3500000.00', '2025-04-03 14:46:51', '2025-04-03 14:46:51'),
(2218, 893, 150, 5, '4820000.00', '24100000.00', '2025-04-03 14:46:51', '2025-04-03 14:46:51'),
(2219, 894, 209, 3, '4650000.00', '13950000.00', '2025-04-03 14:46:51', '2025-04-03 14:46:51'),
(2220, 894, 95, 2, '2390000.00', '4780000.00', '2025-04-03 14:46:51', '2025-04-03 14:46:51'),
(2221, 894, 60, 5, '940000.00', '4700000.00', '2025-04-03 14:46:51', '2025-04-03 14:46:51'),
(2222, 895, 32, 5, '3760000.00', '18800000.00', '2025-04-03 14:46:51', '2025-04-03 14:46:51'),
(2223, 895, 218, 3, '2400000.00', '7200000.00', '2025-04-03 14:46:51', '2025-04-03 14:46:51'),
(2224, 895, 56, 4, '1160000.00', '4640000.00', '2025-04-03 14:46:51', '2025-04-03 14:46:51'),
(2225, 896, 198, 1, '4700000.00', '4700000.00', '2025-04-03 14:46:51', '2025-04-03 14:46:51'),
(2226, 896, 61, 2, '4120000.00', '8240000.00', '2025-04-03 14:46:51', '2025-04-03 14:46:51'),
(2227, 896, 104, 5, '5010000.00', '25050000.00', '2025-04-03 14:46:51', '2025-04-03 14:46:51'),
(2228, 897, 118, 2, '4240000.00', '8480000.00', '2025-04-03 14:46:51', '2025-04-03 14:46:51'),
(2229, 898, 12, 2, '1100000.00', '2200000.00', '2025-04-03 14:46:51', '2025-04-03 14:46:51'),
(2230, 899, 13, 4, '1360000.00', '5440000.00', '2025-04-03 14:46:51', '2025-04-03 14:46:51'),
(2231, 900, 124, 2, '2510000.00', '5020000.00', '2025-04-03 14:46:51', '2025-04-03 14:46:51'),
(2232, 901, 151, 4, '2980000.00', '11920000.00', '2025-04-03 14:46:51', '2025-04-03 14:46:51'),
(2233, 901, 69, 2, '4180000.00', '8360000.00', '2025-04-03 14:46:51', '2025-04-03 14:46:51'),
(2234, 902, 141, 2, '1050000.00', '2100000.00', '2025-04-03 14:46:51', '2025-04-03 14:46:51'),
(2235, 903, 161, 2, '920000.00', '1840000.00', '2025-04-03 14:46:51', '2025-04-03 14:46:51'),
(2236, 903, 171, 5, '3210000.00', '16050000.00', '2025-04-03 14:46:51', '2025-04-03 14:46:51');
INSERT INTO `order_items` (`id`, `order_id`, `variant_id`, `quantity`, `unit_price`, `total_price`, `created_at`, `updated_at`) VALUES
(2237, 903, 35, 2, '3660000.00', '7320000.00', '2025-04-03 14:46:51', '2025-04-03 14:46:51'),
(2238, 903, 47, 1, '3010000.00', '3010000.00', '2025-04-03 14:46:51', '2025-04-03 14:46:51'),
(2239, 904, 114, 2, '1490000.00', '2980000.00', '2025-04-03 14:46:51', '2025-04-03 14:46:51'),
(2240, 904, 152, 5, '3030000.00', '15150000.00', '2025-04-03 14:46:51', '2025-04-03 14:46:51'),
(2241, 905, 26, 5, '470000.00', '2350000.00', '2025-04-03 14:46:51', '2025-04-03 14:46:51'),
(2242, 905, 77, 5, '4530000.00', '22650000.00', '2025-04-03 14:46:51', '2025-04-03 14:46:51'),
(2243, 906, 12, 3, '1100000.00', '3300000.00', '2025-04-03 14:46:51', '2025-04-03 14:46:51'),
(2244, 906, 205, 3, '3770000.00', '11310000.00', '2025-04-03 14:46:51', '2025-04-03 14:46:51'),
(2245, 907, 21, 1, '1250000.00', '1250000.00', '2025-04-03 14:46:51', '2025-04-03 14:46:51'),
(2246, 908, 233, 3, '4150000.00', '12450000.00', '2025-04-03 14:46:51', '2025-04-03 14:46:51'),
(2247, 908, 111, 1, '1710000.00', '1710000.00', '2025-04-03 14:46:51', '2025-04-03 14:46:51'),
(2248, 908, 146, 2, '5130000.00', '10260000.00', '2025-04-03 14:46:51', '2025-04-03 14:46:51'),
(2249, 909, 6, 5, '560000.00', '2800000.00', '2025-04-03 14:46:51', '2025-04-03 14:46:51'),
(2250, 909, 117, 3, '4450000.00', '13350000.00', '2025-04-03 14:46:51', '2025-04-03 14:46:51'),
(2251, 910, 60, 1, '940000.00', '940000.00', '2025-04-03 14:46:51', '2025-04-03 14:46:51'),
(2252, 910, 156, 5, '2950000.00', '14750000.00', '2025-04-03 14:46:51', '2025-04-03 14:46:51'),
(2253, 911, 182, 3, '2590000.00', '7770000.00', '2025-04-03 14:46:51', '2025-04-03 14:46:51'),
(2254, 911, 230, 4, '2220000.00', '8880000.00', '2025-04-03 14:46:51', '2025-04-03 14:46:51'),
(2255, 911, 140, 1, '4410000.00', '4410000.00', '2025-04-03 14:46:51', '2025-04-03 14:46:51'),
(2256, 912, 74, 3, '2370000.00', '7110000.00', '2025-04-03 14:46:51', '2025-04-03 14:46:51'),
(2257, 912, 147, 2, '4920000.00', '9840000.00', '2025-04-03 14:46:51', '2025-04-03 14:46:51'),
(2258, 912, 87, 4, '4990000.00', '19960000.00', '2025-04-03 14:46:51', '2025-04-03 14:46:51'),
(2259, 913, 108, 5, '3300000.00', '16500000.00', '2025-04-03 14:46:51', '2025-04-03 14:46:51'),
(2260, 914, 237, 5, '3810000.00', '19050000.00', '2025-04-03 14:46:51', '2025-04-03 14:46:51'),
(2261, 914, 184, 1, '2820000.00', '2820000.00', '2025-04-03 14:46:51', '2025-04-03 14:46:51'),
(2262, 915, 199, 4, '4760000.00', '19040000.00', '2025-04-03 14:46:51', '2025-04-03 14:46:51'),
(2263, 915, 44, 4, '1960000.00', '7840000.00', '2025-04-03 14:46:51', '2025-04-03 14:46:51'),
(2264, 915, 194, 2, '640000.00', '1280000.00', '2025-04-03 14:46:51', '2025-04-03 14:46:51'),
(2265, 916, 10, 4, '430000.00', '1720000.00', '2025-04-03 14:46:51', '2025-04-03 14:46:51'),
(2266, 916, 195, 5, '440000.00', '2200000.00', '2025-04-03 14:46:51', '2025-04-03 14:46:51'),
(2267, 917, 177, 5, '4040000.00', '20200000.00', '2025-04-03 14:46:51', '2025-04-03 14:46:51'),
(2268, 917, 110, 2, '3680000.00', '7360000.00', '2025-04-03 14:46:51', '2025-04-03 14:46:51'),
(2269, 918, 171, 1, '3210000.00', '3210000.00', '2025-04-03 14:46:51', '2025-04-03 14:46:51'),
(2270, 918, 18, 5, '1920000.00', '9600000.00', '2025-04-03 14:46:51', '2025-04-03 14:46:51'),
(2271, 918, 202, 2, '3580000.00', '7160000.00', '2025-04-03 14:46:51', '2025-04-03 14:46:51'),
(2272, 919, 32, 5, '3760000.00', '18800000.00', '2025-04-03 14:46:51', '2025-04-03 14:46:51'),
(2273, 919, 27, 3, '350000.00', '1050000.00', '2025-04-03 14:46:51', '2025-04-03 14:46:51'),
(2274, 919, 184, 4, '2820000.00', '11280000.00', '2025-04-03 14:46:51', '2025-04-03 14:46:51'),
(2275, 919, 90, 4, '4610000.00', '18440000.00', '2025-04-03 14:46:51', '2025-04-03 14:46:51'),
(2276, 920, 59, 5, '760000.00', '3800000.00', '2025-04-03 14:46:51', '2025-04-03 14:46:51'),
(2277, 921, 144, 3, '1000000.00', '3000000.00', '2025-04-03 14:46:51', '2025-04-03 14:46:51'),
(2278, 921, 9, 5, '340000.00', '1700000.00', '2025-04-03 14:46:51', '2025-04-03 14:46:51'),
(2279, 922, 108, 1, '3300000.00', '3300000.00', '2025-04-03 14:46:51', '2025-04-03 14:46:51'),
(2280, 923, 207, 1, '4820000.00', '4820000.00', '2025-04-03 14:46:51', '2025-04-03 14:46:51'),
(2282, 923, 236, 4, '4020000.00', '16080000.00', '2025-04-03 14:46:51', '2025-04-03 14:46:51'),
(2283, 923, 142, 3, '1200000.00', '3600000.00', '2025-04-03 14:46:51', '2025-04-03 14:46:51'),
(2284, 924, 231, 5, '4130000.00', '20650000.00', '2025-04-03 14:46:51', '2025-04-03 14:46:51'),
(2285, 924, 198, 4, '4700000.00', '18800000.00', '2025-04-03 14:46:51', '2025-04-03 14:46:51'),
(2286, 925, 54, 2, '4190000.00', '8380000.00', '2025-04-03 14:46:51', '2025-04-03 14:46:51'),
(2287, 925, 130, 1, '4620000.00', '4620000.00', '2025-04-03 14:46:51', '2025-04-03 14:46:51'),
(2288, 925, 61, 1, '4120000.00', '4120000.00', '2025-04-03 14:46:51', '2025-04-03 14:46:51'),
(2289, 925, 31, 2, '3950000.00', '7900000.00', '2025-04-03 14:46:51', '2025-04-03 14:46:51'),
(2290, 926, 26, 5, '470000.00', '2350000.00', '2025-04-03 14:46:52', '2025-04-03 14:46:52'),
(2291, 927, 184, 1, '2820000.00', '2820000.00', '2025-04-03 14:46:52', '2025-04-03 14:46:52'),
(2292, 927, 95, 1, '2390000.00', '2390000.00', '2025-04-03 14:46:52', '2025-04-03 14:46:52'),
(2293, 927, 85, 4, '2860000.00', '11440000.00', '2025-04-03 14:46:52', '2025-04-03 14:46:52'),
(2294, 927, 94, 5, '2660000.00', '13300000.00', '2025-04-03 14:46:52', '2025-04-03 14:46:52'),
(2295, 927, 196, 4, '4690000.00', '18760000.00', '2025-04-03 14:46:52', '2025-04-03 14:46:52'),
(2296, 928, 50, 2, '3110000.00', '6220000.00', '2025-04-03 14:46:52', '2025-04-03 14:46:52'),
(2297, 928, 226, 3, '1970000.00', '5910000.00', '2025-04-03 14:46:52', '2025-04-03 14:46:52'),
(2298, 928, 240, 1, '3650000.00', '3650000.00', '2025-04-03 14:46:52', '2025-04-03 14:46:52'),
(2299, 928, 108, 2, '3300000.00', '6600000.00', '2025-04-03 14:46:52', '2025-04-03 14:46:52'),
(2300, 929, 206, 1, '4850000.00', '4850000.00', '2025-04-03 14:46:52', '2025-04-03 14:46:52'),
(2301, 929, 205, 3, '3770000.00', '11310000.00', '2025-04-03 14:46:52', '2025-04-03 14:46:52'),
(2302, 929, 152, 4, '3030000.00', '12120000.00', '2025-04-03 14:46:52', '2025-04-03 14:46:52'),
(2303, 930, 116, 1, '4400000.00', '4400000.00', '2025-04-03 14:46:52', '2025-04-03 14:46:52'),
(2304, 930, 35, 2, '3660000.00', '7320000.00', '2025-04-03 14:46:52', '2025-04-03 14:46:52'),
(2305, 931, 180, 2, '3900000.00', '7800000.00', '2025-04-03 14:46:52', '2025-04-03 14:46:52'),
(2306, 932, 164, 2, '1370000.00', '2740000.00', '2025-04-03 14:46:52', '2025-04-03 14:46:52'),
(2307, 932, 114, 3, '1490000.00', '4470000.00', '2025-04-03 14:46:52', '2025-04-03 14:46:52'),
(2308, 933, 222, 4, '1180000.00', '4720000.00', '2025-04-03 14:46:52', '2025-04-03 14:46:52'),
(2309, 933, 77, 2, '4530000.00', '9060000.00', '2025-04-03 14:46:52', '2025-04-03 14:46:52'),
(2310, 934, 141, 3, '1050000.00', '3150000.00', '2025-04-03 14:46:52', '2025-04-03 14:46:52'),
(2311, 934, 110, 2, '3680000.00', '7360000.00', '2025-04-03 14:46:52', '2025-04-03 14:46:52'),
(2312, 934, 26, 5, '470000.00', '2350000.00', '2025-04-03 14:46:52', '2025-04-03 14:46:52'),
(2313, 934, 146, 5, '5130000.00', '25650000.00', '2025-04-03 14:46:52', '2025-04-03 14:46:52'),
(2314, 935, 178, 3, '4050000.00', '12150000.00', '2025-04-03 14:46:52', '2025-04-03 14:46:52'),
(2315, 935, 166, 4, '2130000.00', '8520000.00', '2025-04-03 14:46:52', '2025-04-03 14:46:52'),
(2316, 936, 52, 3, '4050000.00', '12150000.00', '2025-04-03 14:46:52', '2025-04-03 14:46:52'),
(2317, 936, 153, 5, '2920000.00', '14600000.00', '2025-04-03 14:46:52', '2025-04-03 14:46:52'),
(2318, 937, 58, 4, '1020000.00', '4080000.00', '2025-04-03 14:46:52', '2025-04-03 14:46:52'),
(2319, 937, 142, 4, '1200000.00', '4800000.00', '2025-04-03 14:46:52', '2025-04-03 14:46:52'),
(2320, 938, 146, 4, '5130000.00', '20520000.00', '2025-04-03 14:46:52', '2025-04-03 14:46:52'),
(2321, 939, 169, 3, '2260000.00', '6780000.00', '2025-04-03 14:46:52', '2025-04-03 14:46:52'),
(2322, 939, 128, 4, '4840000.00', '19360000.00', '2025-04-03 14:46:52', '2025-04-03 14:46:52'),
(2323, 940, 123, 4, '2210000.00', '8840000.00', '2025-04-03 14:46:52', '2025-04-03 14:46:52'),
(2324, 940, 102, 1, '5350000.00', '5350000.00', '2025-04-03 14:46:52', '2025-04-03 14:46:52'),
(2325, 941, 66, 1, '4340000.00', '4340000.00', '2025-04-03 14:46:52', '2025-04-03 14:46:52'),
(2326, 941, 216, 2, '2370000.00', '4740000.00', '2025-04-03 14:46:52', '2025-04-03 14:46:52'),
(2327, 941, 34, 4, '3920000.00', '15680000.00', '2025-04-03 14:46:52', '2025-04-03 14:46:52'),
(2328, 942, 170, 5, '2560000.00', '12800000.00', '2025-04-03 14:46:52', '2025-04-03 14:46:52'),
(2329, 942, 222, 5, '1180000.00', '5900000.00', '2025-04-03 14:46:52', '2025-04-03 14:46:52'),
(2330, 942, 29, 2, '110000.00', '220000.00', '2025-04-03 14:46:52', '2025-04-03 14:46:52'),
(2331, 942, 13, 4, '1360000.00', '5440000.00', '2025-04-03 14:46:52', '2025-04-03 14:46:52'),
(2332, 943, 6, 3, '560000.00', '1680000.00', '2025-04-03 14:46:52', '2025-04-03 14:46:52'),
(2333, 943, 180, 3, '3900000.00', '11700000.00', '2025-04-03 14:46:52', '2025-04-03 14:46:52'),
(2334, 943, 188, 2, '930000.00', '1860000.00', '2025-04-03 14:46:52', '2025-04-03 14:46:52'),
(2335, 944, 99, 1, '3430000.00', '3430000.00', '2025-04-03 14:46:52', '2025-04-03 14:46:52'),
(2336, 944, 235, 4, '3960000.00', '15840000.00', '2025-04-03 14:46:52', '2025-04-03 14:46:52'),
(2337, 945, 44, 5, '1960000.00', '9800000.00', '2025-04-03 14:46:52', '2025-04-03 14:46:52'),
(2338, 946, 128, 2, '4840000.00', '9680000.00', '2025-04-03 14:46:52', '2025-04-03 14:46:52'),
(2339, 946, 99, 2, '3430000.00', '6860000.00', '2025-04-03 14:46:52', '2025-04-03 14:46:52'),
(2340, 946, 117, 1, '4450000.00', '4450000.00', '2025-04-03 14:46:52', '2025-04-03 14:46:52'),
(2341, 946, 161, 4, '920000.00', '3680000.00', '2025-04-03 14:46:52', '2025-04-03 14:46:52'),
(2342, 947, 76, 5, '4200000.00', '21000000.00', '2025-04-03 14:46:52', '2025-04-03 14:46:52'),
(2343, 947, 152, 3, '3030000.00', '9090000.00', '2025-04-03 14:46:52', '2025-04-03 14:46:52'),
(2344, 947, 117, 5, '4450000.00', '22250000.00', '2025-04-03 14:46:52', '2025-04-03 14:46:52'),
(2345, 948, 103, 2, '5410000.00', '10820000.00', '2025-04-03 14:46:52', '2025-04-03 14:46:52'),
(2346, 948, 97, 1, '3670000.00', '3670000.00', '2025-04-03 14:46:52', '2025-04-03 14:46:52'),
(2347, 949, 18, 2, '1920000.00', '3840000.00', '2025-04-03 14:46:52', '2025-04-03 14:46:52'),
(2348, 949, 63, 5, '4140000.00', '20700000.00', '2025-04-03 14:46:52', '2025-04-03 14:46:52'),
(2349, 949, 19, 2, '1940000.00', '3880000.00', '2025-04-03 14:46:52', '2025-04-03 14:46:52'),
(2351, 950, 101, 1, '5290000.00', '5290000.00', '2025-04-03 14:46:52', '2025-04-03 14:46:52'),
(2352, 951, 14, 5, '1160000.00', '5800000.00', '2025-04-03 14:46:52', '2025-04-03 14:46:52'),
(2354, 951, 87, 4, '4990000.00', '19960000.00', '2025-04-03 14:46:52', '2025-04-03 14:46:52'),
(2355, 951, 179, 2, '3920000.00', '7840000.00', '2025-04-03 14:46:52', '2025-04-03 14:46:52'),
(2356, 952, 209, 4, '4650000.00', '18600000.00', '2025-04-03 14:46:52', '2025-04-03 14:46:52'),
(2357, 952, 82, 3, '2810000.00', '8430000.00', '2025-04-03 14:46:52', '2025-04-03 14:46:52'),
(2358, 953, 148, 1, '5070000.00', '5070000.00', '2025-04-03 14:46:52', '2025-04-03 14:46:52'),
(2359, 953, 234, 2, '4210000.00', '8420000.00', '2025-04-03 14:46:52', '2025-04-03 14:46:52'),
(2360, 954, 50, 5, '3110000.00', '15550000.00', '2025-04-03 14:46:52', '2025-04-03 14:46:52'),
(2361, 954, 47, 4, '3010000.00', '12040000.00', '2025-04-03 14:46:52', '2025-04-03 14:46:52'),
(2362, 955, 10, 1, '430000.00', '430000.00', '2025-04-03 14:46:52', '2025-04-03 14:46:52'),
(2363, 955, 238, 3, '3600000.00', '10800000.00', '2025-04-03 14:46:52', '2025-04-03 14:46:52'),
(2364, 955, 130, 2, '4620000.00', '9240000.00', '2025-04-03 14:46:52', '2025-04-03 14:46:52'),
(2365, 956, 180, 2, '3900000.00', '7800000.00', '2025-04-03 14:46:52', '2025-04-03 14:46:52'),
(2366, 956, 171, 4, '3210000.00', '12840000.00', '2025-04-03 14:46:52', '2025-04-03 14:46:52'),
(2367, 956, 50, 3, '3110000.00', '9330000.00', '2025-04-03 14:46:52', '2025-04-03 14:46:52'),
(2368, 956, 236, 1, '4020000.00', '4020000.00', '2025-04-03 14:46:52', '2025-04-03 14:46:52'),
(2369, 957, 198, 3, '4700000.00', '14100000.00', '2025-04-03 14:46:52', '2025-04-03 14:46:52'),
(2370, 958, 231, 5, '4130000.00', '20650000.00', '2025-04-03 14:46:52', '2025-04-03 14:46:52'),
(2371, 959, 163, 1, '1100000.00', '1100000.00', '2025-04-03 14:46:52', '2025-04-03 14:46:52'),
(2372, 960, 200, 5, '4860000.00', '24300000.00', '2025-04-03 14:46:52', '2025-04-03 14:46:52'),
(2373, 960, 26, 5, '470000.00', '2350000.00', '2025-04-03 14:46:52', '2025-04-03 14:46:52'),
(2374, 960, 155, 4, '2860000.00', '11440000.00', '2025-04-03 14:46:52', '2025-04-03 14:46:52'),
(2375, 960, 62, 3, '4010000.00', '12030000.00', '2025-04-03 14:46:52', '2025-04-03 14:46:52'),
(2376, 961, 225, 3, '1060000.00', '3180000.00', '2025-04-03 14:46:52', '2025-04-03 14:46:52'),
(2377, 961, 11, 5, '1100000.00', '5500000.00', '2025-04-03 14:46:52', '2025-04-03 14:46:52'),
(2378, 961, 52, 4, '4050000.00', '16200000.00', '2025-04-03 14:46:52', '2025-04-03 14:46:52'),
(2379, 962, 153, 5, '2920000.00', '14600000.00', '2025-04-03 14:46:52', '2025-04-03 14:46:52'),
(2380, 962, 239, 1, '3690000.00', '3690000.00', '2025-04-03 14:46:52', '2025-04-03 14:46:52'),
(2381, 962, 17, 5, '2300000.00', '11500000.00', '2025-04-03 14:46:52', '2025-04-03 14:46:52'),
(2382, 962, 140, 4, '4410000.00', '17640000.00', '2025-04-03 14:46:52', '2025-04-03 14:46:52'),
(2383, 962, 136, 5, '4400000.00', '22000000.00', '2025-04-03 14:46:52', '2025-04-03 14:46:52'),
(2384, 963, 173, 3, '3550000.00', '10650000.00', '2025-04-03 14:46:52', '2025-04-03 14:46:52'),
(2385, 964, 52, 4, '4050000.00', '16200000.00', '2025-04-03 14:46:52', '2025-04-03 14:46:52'),
(2386, 964, 76, 3, '4200000.00', '12600000.00', '2025-04-03 14:46:52', '2025-04-03 14:46:52'),
(2387, 964, 202, 4, '3580000.00', '14320000.00', '2025-04-03 14:46:52', '2025-04-03 14:46:52'),
(2388, 964, 173, 4, '3550000.00', '14200000.00', '2025-04-03 14:46:52', '2025-04-03 14:46:52'),
(2389, 965, 80, 2, '4140000.00', '8280000.00', '2025-04-03 14:46:52', '2025-04-03 14:46:52'),
(2390, 965, 225, 5, '1060000.00', '5300000.00', '2025-04-03 14:46:52', '2025-04-03 14:46:52'),
(2391, 965, 123, 2, '2210000.00', '4420000.00', '2025-04-03 14:46:52', '2025-04-03 14:46:52'),
(2392, 965, 148, 1, '5070000.00', '5070000.00', '2025-04-03 14:46:52', '2025-04-03 14:46:52'),
(2393, 966, 214, 2, '2450000.00', '4900000.00', '2025-04-03 14:46:52', '2025-04-03 14:46:52'),
(2394, 966, 28, 5, '540000.00', '2700000.00', '2025-04-03 14:46:52', '2025-04-03 14:46:52'),
(2395, 966, 7, 3, '720000.00', '2160000.00', '2025-04-03 14:46:52', '2025-04-03 14:46:52'),
(2397, 967, 129, 3, '4810000.00', '14430000.00', '2025-04-03 14:46:52', '2025-04-03 14:46:52'),
(2398, 967, 58, 1, '1020000.00', '1020000.00', '2025-04-03 14:46:52', '2025-04-03 14:46:52'),
(2399, 967, 48, 5, '3080000.00', '15400000.00', '2025-04-03 14:46:52', '2025-04-03 14:46:52'),
(2400, 968, 77, 4, '4530000.00', '18120000.00', '2025-04-03 14:46:52', '2025-04-03 14:46:52'),
(2401, 968, 50, 3, '3110000.00', '9330000.00', '2025-04-03 14:46:52', '2025-04-03 14:46:52'),
(2402, 968, 216, 5, '2370000.00', '11850000.00', '2025-04-03 14:46:52', '2025-04-03 14:46:52'),
(2403, 969, 220, 3, '2340000.00', '7020000.00', '2025-04-03 14:46:52', '2025-04-03 14:46:52'),
(2404, 969, 184, 1, '2820000.00', '2820000.00', '2025-04-03 14:46:52', '2025-04-03 14:46:52'),
(2405, 969, 13, 3, '1360000.00', '4080000.00', '2025-04-03 14:46:52', '2025-04-03 14:46:52'),
(2406, 970, 60, 1, '940000.00', '940000.00', '2025-04-03 14:46:52', '2025-04-03 14:46:52'),
(2407, 970, 155, 2, '2860000.00', '5720000.00', '2025-04-03 14:46:52', '2025-04-03 14:46:52'),
(2408, 970, 116, 2, '4400000.00', '8800000.00', '2025-04-03 14:46:52', '2025-04-03 14:46:52'),
(2409, 971, 11, 2, '1100000.00', '2200000.00', '2025-04-03 14:46:52', '2025-04-03 14:46:52'),
(2410, 971, 12, 5, '1100000.00', '5500000.00', '2025-04-03 14:46:52', '2025-04-03 14:46:52'),
(2411, 972, 161, 2, '920000.00', '1840000.00', '2025-04-03 14:46:52', '2025-04-03 14:46:52'),
(2412, 972, 153, 4, '2920000.00', '11680000.00', '2025-04-03 14:46:52', '2025-04-03 14:46:52'),
(2413, 972, 21, 1, '1250000.00', '1250000.00', '2025-04-03 14:46:52', '2025-04-03 14:46:52'),
(2414, 973, 112, 2, '1380000.00', '2760000.00', '2025-04-03 14:46:52', '2025-04-03 14:46:52'),
(2415, 973, 205, 4, '3770000.00', '15080000.00', '2025-04-03 14:46:52', '2025-04-03 14:46:52'),
(2416, 973, 73, 4, '2100000.00', '8400000.00', '2025-04-03 14:46:52', '2025-04-03 14:46:52'),
(2417, 974, 177, 5, '4040000.00', '20200000.00', '2025-04-03 14:46:52', '2025-04-03 14:46:52'),
(2418, 975, 158, 1, '3240000.00', '3240000.00', '2025-04-03 14:46:52', '2025-04-03 14:46:52'),
(2419, 975, 36, 5, '4050000.00', '20250000.00', '2025-04-03 14:46:52', '2025-04-03 14:46:52'),
(2420, 976, 129, 4, '4810000.00', '19240000.00', '2025-04-03 14:46:52', '2025-04-03 14:46:52'),
(2421, 977, 85, 2, '2860000.00', '5720000.00', '2025-04-03 14:46:52', '2025-04-03 14:46:52'),
(2422, 977, 151, 4, '2980000.00', '11920000.00', '2025-04-03 14:46:52', '2025-04-03 14:46:52'),
(2423, 978, 86, 5, '4790000.00', '23950000.00', '2025-04-03 14:46:52', '2025-04-03 14:46:52'),
(2424, 978, 119, 4, '4660000.00', '18640000.00', '2025-04-03 14:46:52', '2025-04-03 14:46:52'),
(2425, 978, 126, 4, '4520000.00', '18080000.00', '2025-04-03 14:46:52', '2025-04-03 14:46:52'),
(2427, 979, 239, 4, '3690000.00', '14760000.00', '2025-04-03 14:46:52', '2025-04-03 14:46:52'),
(2428, 979, 184, 1, '2820000.00', '2820000.00', '2025-04-03 14:46:52', '2025-04-03 14:46:52'),
(2429, 980, 43, 4, '1910000.00', '7640000.00', '2025-04-03 14:46:52', '2025-04-03 14:46:52'),
(2430, 980, 64, 1, '4220000.00', '4220000.00', '2025-04-03 14:46:52', '2025-04-03 14:46:52'),
(2431, 981, 159, 1, '3270000.00', '3270000.00', '2025-04-03 14:46:52', '2025-04-03 14:46:52'),
(2432, 981, 19, 3, '1940000.00', '5820000.00', '2025-04-03 14:46:52', '2025-04-03 14:46:52'),
(2433, 982, 76, 2, '4200000.00', '8400000.00', '2025-04-03 14:46:52', '2025-04-03 14:46:52'),
(2434, 982, 214, 4, '2450000.00', '9800000.00', '2025-04-03 14:46:52', '2025-04-03 14:46:52'),
(2435, 982, 99, 2, '3430000.00', '6860000.00', '2025-04-03 14:46:52', '2025-04-03 14:46:52'),
(2436, 983, 223, 3, '1170000.00', '3510000.00', '2025-04-03 14:46:52', '2025-04-03 14:46:52'),
(2437, 984, 87, 3, '4990000.00', '14970000.00', '2025-04-03 14:46:52', '2025-04-03 14:46:52'),
(2438, 984, 69, 2, '4180000.00', '8360000.00', '2025-04-03 14:46:52', '2025-04-03 14:46:52'),
(2439, 985, 188, 2, '930000.00', '1860000.00', '2025-04-03 14:46:52', '2025-04-03 14:46:52'),
(2440, 985, 160, 4, '3240000.00', '12960000.00', '2025-04-03 14:46:52', '2025-04-03 14:46:52'),
(2441, 985, 8, 2, '740000.00', '1480000.00', '2025-04-03 14:46:52', '2025-04-03 14:46:52'),
(2442, 985, 226, 4, '1970000.00', '7880000.00', '2025-04-03 14:46:52', '2025-04-03 14:46:52'),
(2443, 986, 72, 3, '2300000.00', '6900000.00', '2025-04-03 14:46:52', '2025-04-03 14:46:52'),
(2444, 986, 201, 4, '3590000.00', '14360000.00', '2025-04-03 14:46:52', '2025-04-03 14:46:52'),
(2445, 986, 206, 3, '4850000.00', '14550000.00', '2025-04-03 14:46:52', '2025-04-03 14:46:52'),
(2446, 987, 104, 4, '5010000.00', '20040000.00', '2025-04-03 14:46:52', '2025-04-03 14:46:52'),
(2447, 987, 197, 2, '4790000.00', '9580000.00', '2025-04-03 14:46:52', '2025-04-03 14:46:52'),
(2448, 988, 236, 4, '4020000.00', '16080000.00', '2025-04-03 14:46:52', '2025-04-03 14:46:52'),
(2449, 988, 9, 3, '340000.00', '1020000.00', '2025-04-03 14:46:52', '2025-04-03 14:46:52'),
(2450, 988, 136, 5, '4400000.00', '22000000.00', '2025-04-03 14:46:52', '2025-04-03 14:46:52'),
(2451, 989, 223, 2, '1170000.00', '2340000.00', '2025-04-03 14:46:52', '2025-04-03 14:46:52'),
(2452, 989, 177, 1, '4040000.00', '4040000.00', '2025-04-03 14:46:52', '2025-04-03 14:46:52'),
(2453, 990, 121, 1, '2310000.00', '2310000.00', '2025-04-03 14:46:52', '2025-04-03 14:46:52'),
(2454, 990, 169, 3, '2260000.00', '6780000.00', '2025-04-03 14:46:52', '2025-04-03 14:46:52'),
(2455, 990, 6, 5, '560000.00', '2800000.00', '2025-04-03 14:46:52', '2025-04-03 14:46:52'),
(2456, 991, 146, 1, '5130000.00', '5130000.00', '2025-04-03 14:46:52', '2025-04-03 14:46:52'),
(2457, 991, 14, 1, '1160000.00', '1160000.00', '2025-04-03 14:46:52', '2025-04-03 14:46:52'),
(2458, 991, 66, 1, '4340000.00', '4340000.00', '2025-04-03 14:46:52', '2025-04-03 14:46:52'),
(2459, 991, 40, 5, '4390000.00', '21950000.00', '2025-04-03 14:46:52', '2025-04-03 14:46:52'),
(2460, 992, 67, 4, '4490000.00', '17960000.00', '2025-04-03 14:46:52', '2025-04-03 14:46:52'),
(2461, 992, 65, 2, '4050000.00', '8100000.00', '2025-04-03 14:46:52', '2025-04-03 14:46:52'),
(2462, 992, 236, 2, '4020000.00', '8040000.00', '2025-04-03 14:46:52', '2025-04-03 14:46:52'),
(2463, 993, 93, 5, '2630000.00', '13150000.00', '2025-04-03 14:46:52', '2025-04-03 14:46:52'),
(2464, 993, 17, 1, '2300000.00', '2300000.00', '2025-04-03 14:46:52', '2025-04-03 14:46:52'),
(2465, 993, 53, 5, '4310000.00', '21550000.00', '2025-04-03 14:46:52', '2025-04-03 14:46:52'),
(2466, 993, 34, 5, '3920000.00', '19600000.00', '2025-04-03 14:46:52', '2025-04-03 14:46:52'),
(2467, 994, 220, 1, '2340000.00', '2340000.00', '2025-04-03 14:46:52', '2025-04-03 14:46:52'),
(2468, 994, 61, 4, '4120000.00', '16480000.00', '2025-04-03 14:46:52', '2025-04-03 14:46:52'),
(2469, 994, 204, 1, '3500000.00', '3500000.00', '2025-04-03 14:46:52', '2025-04-03 14:46:52'),
(2470, 994, 179, 4, '3920000.00', '15680000.00', '2025-04-03 14:46:52', '2025-04-03 14:46:52'),
(2471, 995, 34, 4, '3920000.00', '15680000.00', '2025-04-03 14:46:52', '2025-04-03 14:46:52'),
(2472, 995, 198, 1, '4700000.00', '4700000.00', '2025-04-03 14:46:52', '2025-04-03 14:46:52'),
(2473, 996, 9, 3, '340000.00', '1020000.00', '2025-04-03 14:46:52', '2025-04-03 14:46:52'),
(2474, 996, 208, 2, '4890000.00', '9780000.00', '2025-04-03 14:46:52', '2025-04-03 14:46:52'),
(2475, 996, 84, 3, '2690000.00', '8070000.00', '2025-04-03 14:46:52', '2025-04-03 14:46:52'),
(2476, 997, 72, 1, '2300000.00', '2300000.00', '2025-04-03 14:46:52', '2025-04-03 14:46:52'),
(2478, 997, 200, 4, '4860000.00', '19440000.00', '2025-04-03 14:46:52', '2025-04-03 14:46:52'),
(2480, 998, 236, 4, '4020000.00', '16080000.00', '2025-04-03 14:46:52', '2025-04-03 14:46:52'),
(2481, 998, 160, 1, '3240000.00', '3240000.00', '2025-04-03 14:46:52', '2025-04-03 14:46:52'),
(2482, 998, 225, 1, '1060000.00', '1060000.00', '2025-04-03 14:46:52', '2025-04-03 14:46:52'),
(2483, 999, 76, 4, '4200000.00', '16800000.00', '2025-04-03 14:46:52', '2025-04-03 14:46:52'),
(2484, 1000, 10, 2, '430000.00', '860000.00', '2025-04-03 14:46:52', '2025-04-03 14:46:52'),
(2486, 1002, 128, 1, '4840000.00', '4840000.00', '2025-04-05 11:22:35', '2025-04-05 11:22:35'),
(2487, 1003, 50, 1, '3110000.00', '3110000.00', '2025-04-05 11:31:16', '2025-04-05 11:31:16'),
(2488, 1004, 50, 1, '3110000.00', '3110000.00', '2025-04-05 11:32:06', '2025-04-05 11:32:06'),
(2489, 1005, 128, 2, '4840000.00', '9680000.00', '2025-04-05 11:36:32', '2025-04-05 11:36:32'),
(2490, 1006, 178, 16, '4050000.00', '64800000.00', '2025-04-05 12:50:46', '2025-04-05 12:50:46'),
(2491, 1011, 128, 1, '4840000.00', '4840000.00', '2025-04-05 15:57:02', '2025-04-05 15:57:02'),
(2492, 1012, 136, 1, '4400000.00', '4400000.00', '2025-04-07 06:17:58', '2025-04-07 06:17:58'),
(2493, 1013, 233, 1, '4150000.00', '4150000.00', '2025-04-07 06:18:36', '2025-04-07 06:18:36'),
(2494, 1014, 233, 1, '4150000.00', '4150000.00', '2025-04-07 06:18:40', '2025-04-07 06:18:40'),
(2495, 1015, 233, 1, '4150000.00', '4150000.00', '2025-04-07 06:18:57', '2025-04-07 06:18:57'),
(2496, 1016, 233, 1, '4150000.00', '4150000.00', '2025-04-07 06:19:06', '2025-04-07 06:19:06'),
(2497, 1017, 233, 1, '4150000.00', '4150000.00', '2025-04-07 06:19:11', '2025-04-07 06:19:11'),
(2498, 1018, 194, 1, '640000.00', '640000.00', '2025-04-07 06:29:13', '2025-04-07 06:29:13'),
(2499, 1019, 12, 1, '1100000.00', '1100000.00', '2025-04-07 10:03:06', '2025-04-07 10:03:06'),
(2500, 1020, 12, 1, '1100000.00', '1100000.00', '2025-04-07 10:05:31', '2025-04-07 10:05:31'),
(2501, 1021, 12, 1, '1100000.00', '1100000.00', '2025-04-07 12:18:12', '2025-04-07 12:18:12'),
(2502, 1022, 194, 1, '640000.00', '640000.00', '2025-04-07 14:17:46', '2025-04-07 14:17:46'),
(2503, 1023, 12, 1, '1100000.00', '1100000.00', '2025-04-07 14:34:52', '2025-04-07 14:34:52'),
(2504, 1024, 154, 1, '3100000.00', '3100000.00', '2025-04-07 14:38:10', '2025-04-07 14:38:10'),
(2505, 1025, 194, 1, '640000.00', '640000.00', '2025-04-07 14:51:59', '2025-04-07 14:51:59'),
(2506, 1026, 200, 1, '4860000.00', '4860000.00', '2025-04-07 14:55:55', '2025-04-07 14:55:55');

-- --------------------------------------------------------

--
-- Table structure for table `password_reset_tokens`
--

CREATE TABLE `password_reset_tokens` (
  `email` varchar(255) COLLATE utf8mb4_unicode_ci NOT NULL,
  `token` varchar(255) COLLATE utf8mb4_unicode_ci NOT NULL,
  `created_at` timestamp NULL DEFAULT NULL
) ENGINE=InnoDB DEFAULT CHARSET=utf8mb4 COLLATE=utf8mb4_unicode_ci;

--
-- Dumping data for table `password_reset_tokens`
--

INSERT INTO `password_reset_tokens` (`email`, `token`, `created_at`) VALUES
('rex22@example.net', '$2y$12$hLB.IZcRS6gmeeHjPQKCG.CfCvFJoL13yNrEY73oMH6aG8kvS8vvm', '2025-04-07 14:25:32'),
('vietblog03@gmail.com', '$2y$12$/Z39.M9vhVeI1tJIuEXFIeOMLh8D0mEEHH226/Nb5jppbXjkNvVWG', '2025-04-07 14:26:10'),
('vietblog06@gmail.com', '$2y$12$FFp1NwX4G5ug78SmQ4F8ZusuaONgFk8JIeLvo9L6Jx6qSkgCGdJZ2', '2025-04-07 14:31:18');

-- --------------------------------------------------------

--
-- Table structure for table `payments`
--

CREATE TABLE `payments` (
  `id` bigint UNSIGNED NOT NULL,
  `order_id` bigint UNSIGNED NOT NULL,
  `payment_method` varchar(20) COLLATE utf8mb4_unicode_ci NOT NULL,
  `amount` decimal(10,2) NOT NULL,
  `payment_status` enum('pending','completed','failed') COLLATE utf8mb4_unicode_ci NOT NULL DEFAULT 'pending',
  `transaction_id` varchar(100) COLLATE utf8mb4_unicode_ci DEFAULT NULL,
  `payment_date` timestamp NOT NULL DEFAULT CURRENT_TIMESTAMP,
  `created_at` timestamp NULL DEFAULT NULL,
  `updated_at` timestamp NULL DEFAULT NULL
) ENGINE=InnoDB DEFAULT CHARSET=utf8mb4 COLLATE=utf8mb4_unicode_ci;

--
-- Dumping data for table `payments`
--

INSERT INTO `payments` (`id`, `order_id`, `payment_method`, `amount`, `payment_status`, `transaction_id`, `payment_date`, `created_at`, `updated_at`) VALUES
(1, 317, 'bank_transfer', '282.08', 'pending', NULL, '2024-07-24 13:42:52', '2025-04-03 14:46:53', '2025-04-03 14:46:53'),
(2, 167, 'vnpay', '480.63', 'pending', '3180da6e-b457-3577-90b7-7dbc79bb3681', '2024-08-26 06:12:53', '2025-04-03 14:46:53', '2025-04-03 14:46:53'),
(3, 768, 'cash', '689.43', 'pending', NULL, '2024-11-07 20:33:53', '2025-04-03 14:46:53', '2025-04-03 14:46:53'),
(4, 780, 'momo', '779.31', 'failed', NULL, '2024-10-25 22:20:36', '2025-04-03 14:46:53', '2025-04-03 14:46:53'),
(5, 708, 'vnpay', '508.99', 'completed', '946c365b-d7fd-3f5b-80d1-ca67ce4fb3eb', '2024-06-13 16:09:55', '2025-04-03 14:46:53', '2025-04-03 14:46:53'),
(6, 985, 'cash', '211.05', 'pending', '14c4fb5f-0355-35be-9b22-36fae1d911ee', '2024-08-11 04:14:50', '2025-04-03 14:46:53', '2025-04-03 14:46:53'),
(7, 131, 'vnpay', '145.12', 'failed', 'ac96de4c-74fa-3d14-bb10-b65e988ff617', '2024-12-14 20:25:35', '2025-04-03 14:46:53', '2025-04-03 14:46:53'),
(8, 733, 'vnpay', '850.04', 'pending', NULL, '2025-03-10 05:34:43', '2025-04-03 14:46:53', '2025-04-03 14:46:53'),
(9, 906, 'vnpay', '214.56', 'pending', '6af00f7f-bb06-3cd6-bffd-1b19c6df0ed1', '2025-02-11 10:38:11', '2025-04-03 14:46:53', '2025-04-03 14:46:53'),
(10, 259, 'cash', '355.68', 'pending', 'c1aa7388-114c-337b-bb26-690771549066', '2025-03-24 14:51:50', '2025-04-03 14:46:53', '2025-04-03 14:46:53'),
(11, 163, 'vnpay', '49.45', 'pending', '9a801acb-e609-319e-82b1-9ca9d843701e', '2024-09-17 23:38:40', '2025-04-03 14:46:53', '2025-04-03 14:46:53'),
(12, 226, 'vnpay', '385.05', 'failed', NULL, '2025-01-22 02:03:17', '2025-04-03 14:46:53', '2025-04-03 14:46:53'),
(13, 211, 'bank_transfer', '577.81', 'pending', 'ce1f34b5-1d3b-3f55-80e1-67173f8f07d3', '2025-03-31 16:27:07', '2025-04-03 14:46:53', '2025-04-03 14:46:53'),
(14, 145, 'cash', '648.74', 'failed', NULL, '2024-04-19 20:58:25', '2025-04-03 14:46:53', '2025-04-03 14:46:53'),
(15, 610, 'bank_transfer', '587.83', 'completed', NULL, '2025-03-29 05:00:42', '2025-04-03 14:46:53', '2025-04-03 14:46:53'),
(16, 924, 'bank_transfer', '536.65', 'pending', 'a38df3a3-ded3-3e2d-9ae3-bc58c644eeb5', '2024-04-27 16:12:08', '2025-04-03 14:46:53', '2025-04-03 14:46:53'),
(17, 781, 'vnpay', '999.66', 'failed', NULL, '2024-06-30 19:20:23', '2025-04-03 14:46:53', '2025-04-03 14:46:53'),
(18, 99, 'momo', '281.38', 'failed', 'b7656951-d9b7-37d0-9160-d4a4ff5c5966', '2024-11-09 08:45:31', '2025-04-03 14:46:53', '2025-04-03 14:46:53'),
(19, 746, 'bank_transfer', '453.30', 'failed', NULL, '2024-05-07 05:27:41', '2025-04-03 14:46:53', '2025-04-03 14:46:53'),
(20, 446, 'cash', '414.92', 'failed', NULL, '2025-02-06 10:22:23', '2025-04-03 14:46:53', '2025-04-03 14:46:53'),
(21, 48, 'momo', '339.69', 'failed', NULL, '2024-09-12 22:17:57', '2025-04-03 14:46:53', '2025-04-03 14:46:53'),
(22, 861, 'bank_transfer', '184.95', 'failed', 'a803f5ac-6ef2-329e-b2a8-469cb3e11283', '2024-06-05 18:23:08', '2025-04-03 14:46:53', '2025-04-03 14:46:53'),
(23, 644, 'cash', '68.84', 'failed', NULL, '2024-05-10 20:48:42', '2025-04-03 14:46:53', '2025-04-03 14:46:53'),
(24, 607, 'bank_transfer', '263.48', 'failed', NULL, '2024-09-27 23:08:40', '2025-04-03 14:46:53', '2025-04-03 14:46:53'),
(25, 847, 'momo', '200.16', 'pending', '851eead2-3647-37e5-a1ff-45f90809d1fe', '2025-02-22 14:59:27', '2025-04-03 14:46:53', '2025-04-03 14:46:53'),
(26, 802, 'momo', '626.66', 'completed', '77cb2c12-9aaf-33ce-863a-d4d21fdf5ff8', '2024-06-09 21:29:03', '2025-04-03 14:46:53', '2025-04-03 14:46:53'),
(27, 812, 'momo', '762.49', 'completed', '379625e7-c6c1-3c06-91d2-cd317550c633', '2025-02-16 11:41:30', '2025-04-03 14:46:53', '2025-04-03 14:46:53'),
(28, 827, 'vnpay', '817.22', 'pending', NULL, '2024-12-25 19:40:58', '2025-04-03 14:46:53', '2025-04-03 14:46:53'),
(29, 565, 'vnpay', '779.12', 'failed', '45185ee6-20c2-3231-a06d-10f2e7a7dc34', '2024-09-18 18:00:17', '2025-04-03 14:46:53', '2025-04-03 14:46:53'),
(30, 194, 'bank_transfer', '255.67', 'pending', NULL, '2024-09-14 18:11:53', '2025-04-03 14:46:53', '2025-04-03 14:46:53'),
(31, 879, 'vnpay', '427.92', 'failed', NULL, '2024-09-22 03:42:44', '2025-04-03 14:46:53', '2025-04-03 14:46:53'),
(32, 334, 'bank_transfer', '733.41', 'completed', NULL, '2025-01-31 13:31:34', '2025-04-03 14:46:53', '2025-04-03 14:46:53'),
(33, 906, 'vnpay', '200.51', 'pending', 'ae9f5194-f55f-330f-be41-0ac601ab0bf5', '2025-03-18 04:26:58', '2025-04-03 14:46:53', '2025-04-03 14:46:53'),
(34, 631, 'momo', '341.59', 'failed', NULL, '2024-12-05 15:12:12', '2025-04-03 14:46:53', '2025-04-03 14:46:53'),
(35, 980, 'bank_transfer', '161.82', 'failed', '1503bfb0-a3c9-34ad-9bb5-b056cb570fc4', '2024-08-27 04:04:06', '2025-04-03 14:46:53', '2025-04-03 14:46:53'),
(36, 97, 'momo', '324.80', 'failed', 'f8b1068d-8a66-3143-91e6-b80ae7d747ae', '2024-09-01 21:38:26', '2025-04-03 14:46:53', '2025-04-03 14:46:53'),
(37, 669, 'momo', '266.83', 'failed', 'd752b842-3154-3f2b-bd56-9b36aa3f90f0', '2024-05-21 09:34:49', '2025-04-03 14:46:53', '2025-04-03 14:46:53'),
(38, 33, 'momo', '728.03', 'pending', '7e54fb84-cdea-30ee-8273-9966ccef0229', '2025-03-01 19:00:10', '2025-04-03 14:46:53', '2025-04-03 14:46:53'),
(39, 376, 'bank_transfer', '690.06', 'failed', NULL, '2024-10-05 08:04:16', '2025-04-03 14:46:53', '2025-04-03 14:46:53'),
(40, 620, 'cash', '100.69', 'completed', NULL, '2025-01-10 11:29:09', '2025-04-03 14:46:53', '2025-04-03 14:46:53'),
(41, 357, 'momo', '570.57', 'pending', '4b39f3ea-3a5a-3a56-b581-3efa9a78fbce', '2025-02-20 08:57:17', '2025-04-03 14:46:53', '2025-04-03 14:46:53'),
(42, 923, 'momo', '720.11', 'completed', NULL, '2025-01-05 06:01:57', '2025-04-03 14:46:53', '2025-04-03 14:46:53'),
(43, 671, 'bank_transfer', '854.17', 'failed', '8a7aa8e6-ff28-3de4-b96d-ec7c67a81ab8', '2024-12-25 19:22:16', '2025-04-03 14:46:53', '2025-04-03 14:46:53'),
(44, 697, 'momo', '140.28', 'failed', NULL, '2024-07-26 14:24:52', '2025-04-03 14:46:53', '2025-04-03 14:46:53'),
(45, 326, 'momo', '419.62', 'failed', NULL, '2024-12-05 20:14:05', '2025-04-03 14:46:53', '2025-04-03 14:46:53'),
(46, 638, 'bank_transfer', '896.87', 'failed', NULL, '2024-04-08 09:04:19', '2025-04-03 14:46:53', '2025-04-03 14:46:53'),
(47, 598, 'bank_transfer', '359.11', 'failed', '1933ef03-ff42-3801-a40f-de3bb0086696', '2025-02-04 13:39:28', '2025-04-03 14:46:53', '2025-04-03 14:46:53'),
(48, 518, 'cash', '949.81', 'completed', '7fe229e2-b10a-36db-940f-67293e005704', '2024-11-04 08:18:13', '2025-04-03 14:46:53', '2025-04-03 14:46:53'),
(49, 587, 'vnpay', '953.76', 'pending', '870f634b-b273-3978-a9d6-f7deb6c6ca1b', '2025-01-22 14:50:08', '2025-04-03 14:46:53', '2025-04-03 14:46:53'),
(50, 451, 'vnpay', '194.48', 'failed', '67624d67-b3ec-350b-b9ce-1db82572e0ee', '2025-01-04 05:11:50', '2025-04-03 14:46:53', '2025-04-03 14:46:53'),
(52, 1004, 'Cash', '3210000.00', 'pending', NULL, '2025-04-05 11:32:06', '2025-04-05 11:32:06', '2025-04-05 11:32:06'),
(53, 1005, 'Cash', '9680000.00', 'pending', NULL, '2025-04-05 11:36:32', '2025-04-05 11:36:32', '2025-04-05 11:36:32'),
(54, 1011, 'Cash', '4840000.00', 'pending', NULL, '2025-04-05 15:57:02', '2025-04-05 15:57:02', '2025-04-05 15:57:02'),
(55, 1012, 'Cash', '4500000.00', 'pending', NULL, '2025-04-07 06:17:58', '2025-04-07 06:17:58', '2025-04-07 06:17:58'),
(56, 1017, 'Cash', '4250000.00', 'pending', NULL, '2025-04-07 06:19:11', '2025-04-07 06:19:11', '2025-04-07 06:19:11'),
(57, 1018, 'Cash', '740000.00', 'pending', NULL, '2025-04-07 06:29:13', '2025-04-07 06:29:13', '2025-04-07 06:29:13'),
(58, 1021, 'VNPay', '1200000.00', 'completed', '14893785', '2025-04-07 12:28:51', '2025-04-07 12:28:51', '2025-04-07 12:28:51'),
(59, 1022, 'VNPay', '640000.00', 'completed', '14893890', '2025-04-07 14:18:35', '2025-04-07 14:18:35', '2025-04-07 14:18:35'),
(60, 1023, 'Cash', '1100000.00', 'pending', NULL, '2025-04-07 14:34:52', '2025-04-07 14:34:52', '2025-04-07 14:34:52'),
(61, 1024, 'Cash', '3100000.00', 'pending', NULL, '2025-04-07 14:38:10', '2025-04-07 14:38:10', '2025-04-07 14:38:10'),
(62, 1025, 'Cash', '640000.00', 'pending', NULL, '2025-04-07 14:51:59', '2025-04-07 14:51:59', '2025-04-07 14:51:59'),
(63, 1026, 'VNPay', '4860000.00', 'completed', '14893946', '2025-04-07 14:56:42', '2025-04-07 14:56:42', '2025-04-07 14:56:42');

-- --------------------------------------------------------

--
-- Table structure for table `permissions`
--

CREATE TABLE `permissions` (
  `id` bigint UNSIGNED NOT NULL,
  `name` varchar(255) COLLATE utf8mb4_unicode_ci NOT NULL,
  `guard_name` varchar(255) COLLATE utf8mb4_unicode_ci NOT NULL,
  `created_at` timestamp NULL DEFAULT NULL,
  `updated_at` timestamp NULL DEFAULT NULL
) ENGINE=InnoDB DEFAULT CHARSET=utf8mb4 COLLATE=utf8mb4_unicode_ci;

--
-- Dumping data for table `permissions`
--

INSERT INTO `permissions` (`id`, `name`, `guard_name`, `created_at`, `updated_at`) VALUES
(1, 'create post', 'web', '2025-04-03 14:46:55', '2025-04-03 14:46:55'),
(2, 'edit post', 'web', '2025-04-03 14:46:55', '2025-04-03 14:46:55'),
(3, 'delete post', 'web', '2025-04-03 14:46:55', '2025-04-03 14:46:55'),
(4, 'publish post', 'web', '2025-04-03 14:46:55', '2025-04-03 14:46:55');

-- --------------------------------------------------------

--
-- Table structure for table `personal_access_tokens`
--

CREATE TABLE `personal_access_tokens` (
  `id` bigint UNSIGNED NOT NULL,
  `tokenable_type` varchar(255) COLLATE utf8mb4_unicode_ci NOT NULL,
  `tokenable_id` bigint UNSIGNED NOT NULL,
  `name` varchar(255) COLLATE utf8mb4_unicode_ci NOT NULL,
  `token` varchar(64) COLLATE utf8mb4_unicode_ci NOT NULL,
  `abilities` text COLLATE utf8mb4_unicode_ci,
  `last_used_at` timestamp NULL DEFAULT NULL,
  `expires_at` timestamp NULL DEFAULT NULL,
  `created_at` timestamp NULL DEFAULT NULL,
  `updated_at` timestamp NULL DEFAULT NULL
) ENGINE=InnoDB DEFAULT CHARSET=utf8mb4 COLLATE=utf8mb4_unicode_ci;

-- --------------------------------------------------------

--
-- Table structure for table `posts`
--

CREATE TABLE `posts` (
  `id` bigint UNSIGNED NOT NULL,
  `user_id` bigint UNSIGNED NOT NULL,
  `title` varchar(255) COLLATE utf8mb4_unicode_ci NOT NULL,
  `content` text COLLATE utf8mb4_unicode_ci,
  `excerpt` text COLLATE utf8mb4_unicode_ci,
  `status` enum('draft','published','archived') COLLATE utf8mb4_unicode_ci NOT NULL DEFAULT 'draft',
  `image` varchar(255) COLLATE utf8mb4_unicode_ci DEFAULT NULL,
  `created_at` timestamp NULL DEFAULT NULL,
  `updated_at` timestamp NULL DEFAULT NULL,
  `published_at` timestamp NULL DEFAULT NULL,
  `view_count` bigint UNSIGNED DEFAULT NULL
) ENGINE=InnoDB DEFAULT CHARSET=utf8mb4 COLLATE=utf8mb4_unicode_ci;

--
-- Dumping data for table `posts`
--

INSERT INTO `posts` (`id`, `user_id`, `title`, `content`, `excerpt`, `status`, `image`, `created_at`, `updated_at`, `published_at`, `view_count`) VALUES
(1, 35, 'Omnis perferendis eum eveniet sapiente nisi hic dolorem.', 'Odit laborum ratione tempora et. Officiis voluptatem consequatur praesentium consequatur. Sint esse sed est. Ea ab porro adipisci exercitationem placeat placeat accusamus autem.\r\n\r\nNumquam quis ad eos dolore qui omnis eos. Et et assumenda officia voluptatem. Facilis nostrum aut quia vitae atque.\r\n\r\nEx id voluptatum maiores nesciunt vero. Ab hic facilis sed eum eos earum. Voluptates eos sunt qui. Neque omnis vel voluptatum beatae natus quia.', 'Rem ex facilis et. Enim laudantium omnis voluptas sapiente. Quia officia et quidem dolorem.', 'published', 'blogs/blog-7.jpg', '2025-04-03 14:46:33', '2025-04-07 15:09:40', NULL, 321),
(2, 35, 'Et qui quos fugit fuga facilis sint.', 'Quidem magni voluptas molestiae quo vel. Omnis animi vero et et. Ut natus qui qui dolor non et quod.\n\nInventore excepturi hic et quasi sunt. Minus enim officia recusandae atque. Vel rerum sit unde beatae ea ut modi quis. Nemo dolor ut deserunt eos sint.\n\nEt sed aliquam voluptatem nemo consequuntur sapiente ut. Cum dignissimos maiores quisquam aut aliquid facere qui. Sit ut sapiente dolorum esse nam enim natus et.', 'Magni voluptas sed autem magni rerum. Quae quia ut aut harum quia velit eos.', 'archived', 'blogs/blog-8.jpg', '2025-04-03 14:46:33', '2025-04-03 14:46:33', '2025-04-03 14:46:33', 466),
(3, 26, 'Rerum non similique aut laboriosam corrupti error.', 'Iusto optio et quisquam alias nisi. Ipsam iure ex nihil impedit. Voluptates omnis architecto sunt ut. Fugiat necessitatibus quia beatae sed vero eos.\n\nIpsa autem placeat at. Tempore quisquam optio perferendis consectetur id possimus perferendis. Non debitis maxime eos cupiditate fugit commodi.\n\nQuas sint blanditiis ipsam sint. Quod voluptatem neque eos debitis aut dolorum et. Atque vitae in qui odio a. Itaque consequatur aut dolores voluptatem itaque culpa qui.', 'Totam omnis quasi culpa iusto eius. Veniam aut eum velit dolore qui dolores.', 'published', 'blogs/blog-13.jpg', '2025-04-03 14:46:33', '2025-04-03 14:46:33', '2025-04-03 14:46:33', 441),
(4, 26, 'Eligendi illum laudantium officia iure sit.', 'Placeat est fuga neque rerum omnis voluptate iste. Quasi hic omnis perferendis repellendus fugiat. Quae nemo non sed id. Provident in magni quis libero veniam placeat possimus non.\n\nQuia cumque iste ut ipsam ut et quae. Voluptas dolores sit quae omnis nesciunt ut eum. Quibusdam sit occaecati voluptas est commodi modi.\n\nAccusamus excepturi eaque libero earum repellendus unde nam. Occaecati dolor et sunt neque dicta cumque sed. Necessitatibus rem qui aliquam fugiat at eaque.', 'Quasi molestiae odio consequatur dicta dolor consequatur quasi. Consequatur sint quia voluptates.', 'published', 'blogs/blog-12.jpg', '2025-04-03 14:46:33', '2025-04-03 14:46:33', NULL, 881),
(5, 34, 'Neque voluptates nihil vel consectetur qui.', 'Sapiente rerum qui blanditiis quos cupiditate ipsam earum. Aut maiores similique temporibus qui praesentium. Distinctio beatae consectetur in eligendi laudantium.\n\nDoloribus vel id illo sint ipsum perferendis. Et ratione qui quia modi. Error qui repudiandae quam pariatur quidem. Sit perspiciatis voluptas quo.\n\nSed veritatis voluptate aut voluptas officiis. Aut voluptatem aperiam aliquam nostrum. Rerum aut consequatur debitis reprehenderit nihil error. Quod et alias officiis.', 'Cumque ab non dignissimos vero. Et tempore reprehenderit labore consequatur alias aut qui.', 'archived', 'blogs/blog-12.jpg', '2025-04-03 14:46:33', '2025-04-03 14:46:33', '2025-04-03 14:46:33', 500),
(6, 34, 'Asperiores omnis repudiandae consequatur.', 'Impedit ea delectus non a rem aut magnam illo. Nobis non ea officiis velit et labore minus. Totam impedit in aliquid. Non impedit repudiandae doloremque maiores.\n\nDolores asperiores harum quo autem voluptatum tempore. Eligendi ut vitae voluptate reiciendis rerum sunt. Et sit non sit animi atque ad.\n\nA consequatur eveniet cum quae consequatur aliquid. Iste rem minus laudantium. Odit assumenda quae incidunt occaecati id.', 'Sunt temporibus est animi eum voluptatem voluptatem. Aliquam omnis cum temporibus harum.', 'archived', 'blogs/blog-1.jpg', '2025-04-03 14:46:33', '2025-04-03 14:46:33', '2025-04-03 14:46:33', 960),
(7, 19, 'Illum blanditiis temporibus quo vel amet reprehenderit.', 'Ratione quidem illum sit minus architecto perspiciatis. Delectus ut consequatur consequatur aut est. Ipsum a magni optio error ullam est. Inventore in sunt blanditiis dolorem ratione minus. Pariatur fuga dolores molestiae iure.\n\nExplicabo eveniet soluta quisquam voluptates non qui. Et sit autem voluptate aliquam soluta assumenda ipsam velit.\n\nMinima eum est aut repellat iure alias iusto corporis. Aut ullam dolorem hic a quia et. Aperiam consequatur exercitationem et placeat sit earum.', 'Ut voluptatem sint fugit ut. Neque ut consequatur praesentium consequatur.', 'archived', 'blogs/blog-6.jpg', '2025-04-03 14:46:33', '2025-04-03 14:46:33', NULL, 378),
(8, 19, 'Sed quia et eveniet quia harum labore.', 'Omnis accusantium eius reiciendis repellat ut delectus. Temporibus dolore commodi eum reiciendis sunt eaque tempora. Aut sequi molestiae sint reiciendis a doloremque deserunt.\n\nDelectus tempore quam molestiae rem. In itaque perferendis illum blanditiis recusandae recusandae. Sed omnis quia dolores veniam.\n\nMaxime ut quas aut suscipit est et repellat. Harum quia harum similique nobis maiores dignissimos. Consequatur porro occaecati ut neque.', 'Ratione quia consequuntur similique. Perferendis quaerat vero ad. Qui quo quidem eos voluptatem ea.', 'archived', 'blogs/blog-8.jpg', '2025-04-03 14:46:33', '2025-04-03 14:46:33', NULL, 455),
(9, 23, 'Quis aperiam consequuntur fugit laudantium sed laudantium laboriosam.', 'Quo iusto cum nobis doloribus repellendus non. Voluptas vel tempore distinctio. Asperiores inventore voluptas maiores vel possimus minima.\n\nQui harum corrupti est velit. Quia aperiam eligendi delectus praesentium maxime quisquam fugiat nemo. Eos vel ex ipsam iusto repellendus dolore. Maxime doloribus quidem labore commodi eos et vero.\n\nRecusandae cupiditate at et eum magnam. Aspernatur ut quis minima. Et facilis recusandae consequuntur quis ratione at nostrum.', 'Dolores cupiditate natus laborum voluptas aut impedit. Et aut et quos nulla quam voluptate odio.', 'draft', 'blogs/blog-1.jpg', '2025-04-03 14:46:33', '2025-04-03 14:46:33', '2025-04-03 14:46:33', 500),
(10, 23, 'Eum exercitationem est magni vitae quia tempora.', 'Velit ratione aut aut aut porro. Ut perspiciatis libero et dolores minus consequatur.\n\nNemo est nostrum et magnam aut non rerum quam. Eius quis nemo magni et. Id ut hic sequi quia vel. Quis aut id unde dolorem. Cumque at voluptas hic voluptas.\n\nMollitia et sunt et incidunt asperiores veritatis nisi ipsam. Assumenda aspernatur totam voluptas velit. Cum magni facere vel explicabo non. Quod rerum omnis repellat rerum.', 'Numquam vitae illum sit sit sunt. Est officia et quaerat dolorum aut temporibus.', 'archived', 'blogs/blog-2.jpg', '2025-04-03 14:46:33', '2025-04-03 14:46:33', '2025-04-03 14:46:33', 778),
(11, 33, 'Molestiae est dolores alias necessitatibus est eveniet quo.', 'Dolorum harum sunt sunt aut accusantium. Quia minus sapiente ullam qui porro rerum ex optio. Reiciendis qui odit a sit dolore aperiam quia ipsam.\n\nProvident alias impedit voluptatum quam similique illum enim. Eos iusto amet qui omnis tempora et tempora. Consequatur quis aut unde.\n\nRatione nesciunt quam ratione aut ad et. Ullam eius tempore fuga quidem consequatur aut optio suscipit. Iusto error quisquam nulla omnis eius.', 'Id sint ea corporis esse nihil omnis. Consequatur possimus quisquam fugiat.', 'published', 'blogs/blog-4.jpg', '2025-04-03 14:46:33', '2025-04-03 15:07:21', '2025-04-03 14:46:33', 560),
(12, 33, 'Aut dicta blanditiis consectetur ut nam.', 'Ut tempore omnis laboriosam blanditiis eos. Ipsum quo et aut aut sapiente sint. Accusantium nobis architecto ex temporibus inventore odio aspernatur. Sapiente voluptas voluptas amet explicabo.\n\nMolestias quia earum nobis qui. Doloribus consequatur minus voluptas eius. Omnis quas non et temporibus ut. Temporibus accusamus sint autem.\n\nAdipisci voluptas voluptatem rerum et. Omnis libero veniam tempore doloremque odit. Adipisci cum est at blanditiis possimus nihil.', 'Aut quod et officia qui sunt magnam nihil. Id possimus est non tempora. Est quae totam sed.', 'archived', 'blogs/blog-6.jpg', '2025-04-03 14:46:33', '2025-04-03 14:46:33', '2025-04-03 14:46:33', 558),
(13, 22, 'Dignissimos inventore quia laudantium cum est quis.', 'Eius iusto in amet quia aut quae. Voluptate omnis pariatur doloremque ducimus. Voluptatum asperiores vero rem deleniti. Dolorum quisquam consequatur ipsa et nesciunt.\n\nNon natus voluptatem facere delectus soluta ut. Impedit aliquam natus repellat nihil. Modi reprehenderit voluptas reiciendis et facere. Reiciendis ullam rerum autem quasi soluta exercitationem.\n\nNon cumque voluptatem perspiciatis consectetur iure odio. Sit ratione id suscipit omnis tempora dolor. Ea qui sint enim dolorem.', 'Commodi vel eveniet accusamus itaque consectetur corrupti. Voluptatem iure error sit.', 'draft', 'blogs/blog-12.jpg', '2025-04-03 14:46:33', '2025-04-03 14:46:33', NULL, 424),
(14, 22, 'Omnis perferendis minus eos dolor ut minima.', 'Molestias ullam mollitia illum vel. Quo ab aspernatur reiciendis est. Autem qui tenetur eos eum enim nam earum nobis. Dignissimos aliquam eius est.\n\nError ratione non aliquid numquam nihil modi impedit rem. Et ad consectetur eaque deserunt omnis deleniti. Nam hic similique quidem error quis. Pariatur sint facere accusantium quae.\n\nTempora consequatur amet aut enim quidem aliquam et vitae. Sequi voluptatibus incidunt quo quis. Nesciunt voluptatem neque qui rerum voluptas ut minus reiciendis. Fugiat odio quo et repellendus aliquam quod.', 'Tenetur sunt accusantium iusto harum. Iste quidem voluptas et doloribus nihil blanditiis.', 'published', 'blogs/blog-15.jpg', '2025-04-03 14:46:33', '2025-04-03 14:46:33', '2025-04-03 14:46:33', 968),
(15, 30, 'Saepe commodi aut itaque velit.', 'Laudantium saepe dicta tempora. Ratione enim non excepturi doloremque qui. Rerum quisquam repudiandae quasi itaque sint. Et commodi quisquam earum optio aut cupiditate.\n\nOptio minima quod minima odit. Aut neque sed iure eius corrupti. Praesentium accusamus ut consequatur dolorum omnis.\n\nNulla accusantium blanditiis sit facilis quasi laudantium. Dolores voluptates veniam ea eos molestias voluptas at quisquam. Necessitatibus aperiam tempore facere sit incidunt aliquam.', 'Sequi placeat enim aspernatur accusantium autem eius rerum. Ab temporibus dolorum fuga quo in.', 'published', 'blogs/blog-14.jpg', '2025-04-03 14:46:33', '2025-04-03 14:46:33', NULL, 378),
(16, 30, 'Dolor culpa est incidunt et.', 'Deserunt exercitationem illo sint aliquid labore quisquam eaque. Tempora odit non explicabo asperiores alias quia. Est excepturi ea rerum. Quidem eos non nulla omnis maxime atque. Quos facilis magnam incidunt non voluptas.\n\nEt ea ducimus autem quidem sed occaecati. Tempore non perspiciatis mollitia eum tempora sunt. Iure quam ut voluptatum enim tempore vero illum et. Sapiente cumque quasi et quasi ducimus omnis et.\n\nOccaecati et non vel aliquid odio maxime. Quo tempore doloribus qui rerum quaerat consequatur dicta. Delectus earum ea nam. Qui atque pariatur adipisci sit qui praesentium quam.', 'Voluptates a quia ea saepe. Porro minus quo ad labore qui eum nesciunt aspernatur.', 'archived', 'blogs/blog-12.jpg', '2025-04-03 14:46:33', '2025-04-03 14:46:33', NULL, 507),
(17, 21, 'Incidunt aut voluptatum et rerum itaque sint.', 'Consequatur dolor repellat eos odit est. Reprehenderit libero ad dolorem sunt qui sequi atque. Consequatur reiciendis numquam fuga veritatis praesentium. Dicta minus provident soluta rem quo autem ducimus aut.\n\nEligendi tempore ducimus quam in et labore. Impedit voluptas temporibus beatae autem eius facilis placeat. Aut odio facilis veritatis. Sit dolores dolor aperiam dolor itaque quae ducimus.\n\nDistinctio et ut omnis aut est. Animi optio corporis qui reiciendis quia molestiae. Impedit dolorem fugiat corrupti molestias et hic. Alias cum ut rerum porro atque non.', 'Eum vel at eius at qui. Et est et deserunt ut est. Possimus corrupti eum labore laborum.', 'archived', 'blogs/blog-4.jpg', '2025-04-03 14:46:33', '2025-04-03 14:46:33', NULL, 460),
(18, 21, 'Eaque voluptates ducimus ut nesciunt impedit vero doloribus doloribus.', 'Nulla sit autem modi quam et et. Qui expedita ut sed sed. Rerum enim qui autem voluptate praesentium occaecati nostrum. Eos itaque quo labore provident ut qui corrupti.\n\nVoluptatem ut in sint sed vitae nobis ratione. Et quia hic ipsa recusandae laborum et. Sint tempore vitae eum dignissimos est cumque explicabo. Dolore aspernatur vero enim.\n\nMaiores sunt sit ut amet totam qui ut. Excepturi maxime enim iure placeat eligendi soluta. Eum sunt nihil animi in aperiam. Voluptatibus maiores eum nobis minus ut nesciunt.', 'Vel quia corporis neque enim voluptas. Neque aut vero et sed eum.', 'draft', 'blogs/blog-8.jpg', '2025-04-03 14:46:33', '2025-04-03 14:46:33', '2025-04-03 14:46:33', 860),
(19, 31, 'Nihil odit consequatur aut perferendis.', 'Voluptatem ipsa architecto voluptas libero. Nihil debitis quam sunt recusandae aut. Dicta alias qui asperiores alias.\n\nVeniam minus pariatur sed. Minus labore aut et officia dolore. Eum ut quia asperiores dolore.\n\nAperiam velit cumque sed sed qui labore nostrum. Est reiciendis dolore eum quod qui ut. Quis aut qui sit sunt adipisci.', 'Laboriosam voluptatem nemo neque omnis ut accusamus. Doloribus aut quia aliquam maxime qui.', 'draft', 'blogs/blog-14.jpg', '2025-04-03 14:46:33', '2025-04-03 14:46:33', '2025-04-03 14:46:33', 953),
(20, 31, 'Labore distinctio aliquid hic aspernatur quasi ipsam nihil.', 'Velit id deleniti rerum commodi ex nobis suscipit. Ratione molestiae et ullam ut explicabo atque asperiores. Quae qui beatae quia nulla natus. Et autem aut quam.\n\nEx tempora doloribus molestiae laudantium natus consequatur temporibus dolorum. Aut necessitatibus voluptatibus occaecati et. Ipsam facilis soluta et et molestias voluptatem officiis laudantium. Numquam vero aut commodi ducimus molestiae quo.\n\nCum praesentium facere quis ut voluptatem. Expedita tenetur voluptas et quia. Sequi cum modi in architecto.', 'Aspernatur ab nobis velit quasi impedit. Eum iusto possimus pariatur dolor eligendi eum labore.', 'archived', 'blogs/blog-16.jpg', '2025-04-03 14:46:33', '2025-04-03 14:46:33', '2025-04-03 14:46:33', 832),
(21, 9, 'In doloribus nemo quibusdam nostrum dignissimos enim.', 'Vitae aut commodi molestias sed. Et nemo praesentium blanditiis rem atque tempora.\n\nSed itaque voluptatum quis accusamus sit pariatur. Quod non architecto fuga omnis aliquam voluptas possimus itaque. Quia corrupti excepturi laudantium aut. Eveniet sint temporibus consequuntur sequi omnis et quidem.\n\nEos corporis tempora omnis voluptatem commodi. Quae commodi cupiditate ut quis et. Earum cupiditate hic inventore quibusdam.', 'Et quia enim dignissimos. Vel eligendi voluptas ut quis consequatur ut.', 'archived', 'blogs/blog-14.jpg', '2025-04-03 14:46:33', '2025-04-03 14:46:33', '2025-04-03 14:46:33', 34),
(22, 9, 'Dolorem nihil voluptas nihil minima.', 'Voluptatem eius deserunt quisquam sequi. Necessitatibus aut qui expedita totam nesciunt quasi architecto. Laboriosam iste nobis vel consequatur sunt ipsam eaque. Inventore dicta soluta eligendi.\n\nTempore nobis perferendis voluptatum quas autem ut sit omnis. Eum officia aut cupiditate et nihil reprehenderit velit. Molestias dolor maxime similique culpa iusto.\n\nMagni magni molestias vel aperiam rem pariatur magni. Ea quo impedit facere quidem nam officia. Temporibus asperiores exercitationem voluptatem omnis. Quibusdam facilis praesentium eligendi libero exercitationem.', 'Placeat maiores ex architecto aut atque eos sit. A magnam ut totam quas est qui.', 'published', 'blogs/blog-1.jpg', '2025-04-03 14:46:33', '2025-04-03 14:46:33', '2025-04-03 14:46:33', 949),
(23, 16, 'Alias molestias quia veniam temporibus quam et.', 'Dolores debitis ut qui ratione corporis et. Vel occaecati et rerum quae aut neque fuga. Blanditiis voluptatem deleniti iste autem quia ratione dicta et. Nobis consequatur atque dolorem.\n\nVitae similique deserunt inventore est voluptatem eos rerum. Aut praesentium voluptatibus doloribus et similique. Nihil ut aut tempora error quos exercitationem dolores voluptatum. Quod vitae ut neque ea et consequatur quos. Voluptatem odio tenetur rerum sint pariatur nemo molestiae enim.\n\nVelit eius ea ducimus neque non nostrum. Accusamus nulla qui error distinctio. Possimus ipsa in magni adipisci non. Sed deserunt corporis deserunt at. Magni accusantium molestias pariatur et.', 'Eligendi omnis alias veniam. Voluptatem laudantium praesentium suscipit quis quia non sunt.', 'draft', 'blogs/blog-2.jpg', '2025-04-03 14:46:33', '2025-04-03 14:46:33', '2025-04-03 14:46:33', 885),
(24, 16, 'Tempore laboriosam vel quo.', 'Quam sint totam dolorem aut deleniti dolores ducimus eligendi. Reprehenderit sequi similique quo blanditiis tempore qui commodi voluptatem. Nobis sed atque rerum sit quo vitae.\n\nQui consequatur tempora perferendis quis. Et ratione modi architecto. Labore quidem nesciunt eligendi est.\n\nAssumenda autem voluptatibus consequuntur omnis enim voluptates. Consequatur autem omnis temporibus vel. Quasi culpa voluptatem quam fugiat perspiciatis dolorem.', 'Ea incidunt ea vel nisi natus. Cumque natus non et quo. Quaerat ut ut necessitatibus saepe.', 'draft', 'blogs/blog-9.jpg', '2025-04-03 14:46:33', '2025-04-03 14:46:33', NULL, 276),
(25, 1, 'Suscipit fugiat culpa eveniet voluptate.', 'Dignissimos est omnis provident nihil. Error aliquid sapiente eos itaque vero.\n\nSunt sit qui ut nesciunt optio tempora. Quo aliquam ipsam ab sit quo aut. Qui quidem quibusdam earum.\n\nBeatae autem cupiditate molestias molestiae. Quo soluta sed omnis doloribus. Ut laboriosam et et ratione quia neque et.', 'Et cum aut eius maxime ab. Eius maiores ea voluptates ab cupiditate consequatur.', 'published', 'blogs/blog-9.jpg', '2025-04-03 14:46:33', '2025-04-03 14:46:33', '2025-04-03 14:46:33', 874),
(26, 1, 'Quo sint quo ea est rerum soluta accusantium.', 'Sequi fuga provident non saepe doloribus nulla. Natus rerum illo ducimus repellat natus voluptas. Maiores cum illo fugit eum quod. Nihil non et consequatur voluptatum voluptatem ea in in. Blanditiis ipsam ipsum eligendi et magnam inventore.\n\nHarum est quo nulla consequatur et nesciunt dicta temporibus. In eaque nihil velit quasi nihil voluptas aut. Praesentium commodi libero saepe et alias perferendis aut.\n\nEst error nulla itaque autem. Ullam minus ducimus possimus et cumque. Ea laudantium esse cumque excepturi nihil sit.', 'At qui rerum cupiditate. Quaerat quam ut sunt ducimus. Sunt maxime ducimus alias rerum consequatur.', 'published', 'blogs/blog-15.jpg', '2025-04-03 14:46:33', '2025-04-03 14:46:33', '2025-04-03 14:46:33', 397),
(27, 12, 'Tempore ab iure dicta ab at eaque accusantium.', 'Commodi error ab debitis quaerat qui dolor. Aliquid voluptates voluptatem reiciendis neque voluptatem dolores id. Accusamus vel assumenda sit perspiciatis eligendi.\n\nCumque nostrum officiis voluptatem deleniti ab perspiciatis. Facilis est et nobis corporis illo non nihil. Eos ab est quia dolorem.\n\nTotam fuga veniam tenetur dolor enim vero. Quae pariatur at repudiandae perferendis alias quod dolor.', 'Est facere et qui eius amet ipsum explicabo. Ea debitis pariatur et qui reprehenderit.', 'draft', 'blogs/blog-8.jpg', '2025-04-03 14:46:33', '2025-04-03 14:46:33', '2025-04-03 14:46:33', 335),
(28, 12, 'Nemo quia quis reiciendis dicta non occaecati iure.', 'Et officiis distinctio velit optio eaque. Quisquam voluptas ipsa dolorem eos. Nulla quos quos autem quae.\n\nModi omnis illo odio cupiditate. Quisquam magni accusamus et nam ea deleniti optio ullam. Illo suscipit sed doloribus et illo.\n\nNon id in perspiciatis et. Unde quo alias vero rerum possimus consequatur ipsam. Dicta quaerat enim quasi autem nesciunt alias et.', 'Culpa ipsa perspiciatis repudiandae. Numquam quasi id est error minus praesentium.', 'archived', 'blogs/blog-3.jpg', '2025-04-03 14:46:33', '2025-04-03 14:46:33', NULL, 748),
(29, 8, 'Perferendis quidem quasi et consectetur eligendi dolor.', 'Officia voluptas a et excepturi consectetur laboriosam exercitationem. Deserunt mollitia voluptatem iure. Atque et dolor delectus numquam.\n\nTenetur reprehenderit tenetur ipsam autem voluptatibus dolorem. Itaque tempora accusamus commodi voluptatem esse est excepturi. Ab nihil consequatur quis nesciunt ipsum aut. Quibusdam mollitia est ullam labore consequatur eos possimus. Consectetur doloribus expedita et molestias doloribus vel placeat.\n\nModi et quasi officia ab. Animi qui eligendi voluptatem necessitatibus dicta eaque. Vel quia dolor et molestiae magni nam et.', 'Autem voluptas vero et ullam ipsum et. Eum nobis voluptatem ut ducimus voluptas.', 'archived', 'blogs/blog-6.jpg', '2025-04-03 14:46:33', '2025-04-03 14:46:33', NULL, 124),
(30, 8, 'Voluptate officia sed explicabo asperiores vel nobis.', 'Explicabo totam ut accusantium dolore reprehenderit quia. Deserunt ut ad porro est rerum ea. Porro perspiciatis distinctio et asperiores. Distinctio illum vitae provident qui magnam fuga. Nihil sed dolores perferendis excepturi.\n\nMolestias ad nihil eligendi error. Ea ullam voluptatem dolor. Qui voluptate aut soluta maxime voluptatem. Nam labore eaque ducimus quidem et iusto a repudiandae.\n\nMaxime eaque dolor rem laborum omnis. Doloremque cumque eveniet sint dolor. Consequatur enim quia facere corrupti esse vitae aut atque.', 'Assumenda sed eos enim autem rerum. Et sunt dolor nesciunt cupiditate minima eos.', 'published', 'blogs/blog-12.jpg', '2025-04-03 14:46:33', '2025-04-03 14:46:33', NULL, 144),
(31, 36, 'Eligendi consectetur explicabo omnis voluptas itaque.', 'Ut nihil eos similique velit sequi. Dolorum est soluta ut et. Quia odit et sit quia in possimus. Natus repellat officia dolores quia reiciendis exercitationem ut.\n\nAutem voluptatem enim occaecati dolor. Et in provident dolorem hic ex reiciendis aliquid. Molestias nobis consequatur laboriosam ea. Provident a sit aspernatur magnam sit sit. Nobis inventore animi architecto enim mollitia.\n\nAutem quia soluta dolorem. Est velit perferendis dolores aliquid adipisci iure quo fugit. Dignissimos voluptates ipsum provident voluptas eius. Vel repudiandae ut dolorum dolore enim ut autem.', 'Cumque alias consequuntur ex. Aut id expedita voluptates sit dolore. Sequi et eligendi ut omnis ea.', 'draft', 'blogs/blog-2.jpg', '2025-04-03 14:46:33', '2025-04-03 14:46:33', '2025-04-03 14:46:33', 246),
(32, 36, 'Ad et qui laboriosam laudantium.', 'At quo totam est qui voluptatem et ut. Aut asperiores enim accusamus numquam provident perferendis. Qui suscipit officia voluptate aut vitae alias.\n\nExplicabo optio dolores est et et voluptatem temporibus. Repellat magni modi et facere. Nihil alias animi dolores repellendus.\n\nAut voluptatem sapiente pariatur molestiae quo repellat consequuntur. Mollitia fugiat similique placeat. Et velit aut natus quibusdam.', 'Id dolorem sequi natus quod. Corporis qui et sit dolorem est id officiis.', 'draft', 'blogs/blog-1.jpg', '2025-04-03 14:46:33', '2025-04-03 14:46:33', '2025-04-03 14:46:33', 771),
(33, 15, 'Provident magnam velit voluptatem laboriosam aut.', 'Ut quibusdam ut voluptates velit pariatur. Ipsa odit et beatae labore magni reprehenderit soluta. Et facilis id amet sint. Fugiat cupiditate at eos placeat aut iure.\n\nExplicabo corporis ut minus ea. Vel asperiores dolor optio harum a voluptas tempora. Voluptatum necessitatibus eum cum molestiae minima illo. Quia et numquam voluptatem deleniti eos consequatur quos.\n\nQuibusdam dignissimos id qui fuga totam. Ullam delectus quia dignissimos. Corrupti sit officiis dolor quidem quibusdam. Dolore tempora facilis voluptatem.', 'Voluptatem repellendus tempore placeat quos. Eius sequi quia excepturi. Suscipit et aut saepe.', 'draft', 'blogs/blog-3.jpg', '2025-04-03 14:46:33', '2025-04-03 14:46:33', '2025-04-03 14:46:33', 388),
(34, 15, 'Eius ipsum eum optio id quos atque aut.', 'Et et necessitatibus alias dolor modi molestias qui cum. Sit labore distinctio cum consequatur. Eius esse voluptatum vitae in quo.\n\nQuas distinctio fugiat deserunt. Animi est veniam perspiciatis autem error. Et id voluptas nihil reprehenderit.\n\nIpsam sequi sit est nemo veniam quasi in. Distinctio aut est deserunt id velit est natus fugiat. Perferendis non ipsum praesentium voluptatum voluptatem occaecati. Provident fugiat quidem eos dolor culpa officia. Tenetur illum distinctio excepturi consectetur dicta neque nam.', 'Rerum sint excepturi quia et porro debitis aut. Autem sunt sunt quos eum velit minus.', 'published', 'blogs/blog-9.jpg', '2025-04-03 14:46:33', '2025-04-03 14:46:33', '2025-04-03 14:46:33', 246),
(35, 29, 'Et et nobis consequatur et.', 'Ut et maiores nam quia quis est beatae. Odit harum cum enim impedit et. Dolorem perspiciatis quia quo porro molestiae.\n\nEt enim omnis consequatur nostrum omnis. Minima voluptatem ut libero aut nisi. Sequi et placeat quisquam deserunt ipsam.\n\nQuasi ex incidunt praesentium qui et ut rerum. Quis nulla deleniti quia. Molestias ipsa rerum ducimus expedita neque laborum. Voluptatem quam saepe perspiciatis et omnis eum omnis. Dolore voluptas porro dolorem sunt.', 'Ullam molestias sit et nesciunt. Nisi nesciunt rem ut vel.', 'published', 'blogs/blog-15.jpg', '2025-04-03 14:46:33', '2025-04-03 14:46:33', '2025-04-03 14:46:33', 572),
(36, 29, 'Dolore omnis quam at maxime consequatur quibusdam.', 'Rerum ut eaque non. Quisquam et sapiente ea blanditiis culpa vel. Occaecati vitae sint non voluptas et architecto. Non ut nihil ea harum recusandae et ut.\n\nVoluptatem esse iure non sunt. Dicta alias deleniti cupiditate minus id est porro suscipit. Ut id explicabo suscipit animi possimus totam iste velit. Autem fugit non porro et suscipit animi.\n\nIn veritatis ipsam possimus voluptas quidem alias impedit in. Consequatur deserunt ex et id qui eveniet. Eaque voluptatem et est alias. Dolorem rerum sed sint nobis unde possimus.', 'Error consequatur sint quaerat quia et ut. Maiores quibusdam sunt dolor dolorum.', 'published', 'blogs/blog-5.jpg', '2025-04-03 14:46:33', '2025-04-03 14:46:33', '2025-04-03 14:46:33', 279),
(37, 6, 'Saepe adipisci ut eius consequatur quaerat.', 'Recusandae aliquid et ipsam. Rerum harum id ea delectus quaerat. Voluptate ab quis sapiente eius dolores recusandae necessitatibus. Et neque dolores voluptatum harum ea.\n\nEst rerum fugiat quaerat recusandae ad soluta est omnis. Possimus ab non odit maiores id maiores aspernatur. Sit aliquid laborum eos magnam iusto.\n\nVoluptas consectetur qui exercitationem et atque. Voluptatum quibusdam ex a rem iusto. Dignissimos fuga quia saepe ea rem itaque. Voluptas doloribus consequatur magni incidunt iure earum accusamus.', 'Ullam et et ut. Delectus ab omnis amet est error. Rerum quisquam suscipit ut consectetur molestiae.', 'archived', 'blogs/blog-2.jpg', '2025-04-03 14:46:33', '2025-04-03 14:46:33', '2025-04-03 14:46:33', 356),
(38, 6, 'Aut vero ut tenetur veniam.', 'Fugit aperiam libero dolores aut voluptas. Provident nobis distinctio sed repellendus. Cupiditate quod a quis beatae.\n\nImpedit qui cupiditate sapiente minima dolorem occaecati. Voluptatibus eum velit nemo. Ipsam nihil vitae sed excepturi.\n\nDolores sapiente quo accusamus voluptatibus sunt id similique. Aut magni illo eos saepe veritatis. Aperiam tempore minima et facilis praesentium possimus. Suscipit tempora nulla maxime facere omnis amet.', 'Autem id nihil voluptas in cum quos aut. Id adipisci fuga facere dolorum vel sed vel.', 'draft', 'blogs/blog-16.jpg', '2025-04-03 14:46:33', '2025-04-03 14:46:33', '2025-04-03 14:46:33', 271),
(39, 3, 'Quia nobis est vero.', 'Aut consequatur incidunt labore quasi eum sapiente. Inventore dolorem quia maxime quia ut. Sed facere aut deserunt excepturi quidem accusantium omnis.\n\nUt distinctio ex fugit est eveniet et repellendus. Eaque assumenda quae quasi reiciendis alias molestiae. Aliquid quia officiis possimus libero fugiat. Natus et officia velit excepturi quam tempore voluptas.\n\nIusto ullam voluptas et nisi quasi. Consequatur saepe aspernatur quis sunt. Sed perferendis qui est enim inventore quo voluptas voluptas. Neque nostrum et sit et.', 'Velit et molestias harum voluptatem magni recusandae quos. Aut accusantium iste tempore blanditiis.', 'published', 'blogs/blog-4.jpg', '2025-04-03 14:46:33', '2025-04-03 14:46:33', '2025-04-03 14:46:33', 712),
(40, 3, 'Omnis atque dicta at praesentium.', 'Dolores voluptatum sit nostrum ducimus aut nihil temporibus laborum. Illum rerum eaque sunt eos consequuntur deleniti. Iste voluptatem beatae sint quia.\n\nNostrum saepe aliquid totam nihil officiis error qui vel. Qui sit omnis quae id temporibus eveniet blanditiis. Perferendis qui dolores quod et.\n\nEt quam quisquam beatae eius nisi numquam id. Expedita in ex quia vitae corrupti qui. Nisi repudiandae asperiores quia saepe. Aliquid esse incidunt quaerat a.', 'Necessitatibus consequatur repellendus sint. Voluptatibus consectetur inventore quis eum a.', 'draft', 'blogs/blog-14.jpg', '2025-04-03 14:46:33', '2025-04-03 14:46:33', NULL, 196),
(41, 13, 'Consequatur dolor nisi eligendi quasi illo quae.', 'Impedit ab sed qui tempora dolorem. Fugiat veritatis voluptatum nesciunt enim. Dicta iusto quisquam fugit eum libero sit. Autem nesciunt molestiae id consequatur.\n\nUllam nobis assumenda voluptatem similique harum quidem. Voluptatem sed eos vel tempora voluptates laboriosam. Quis exercitationem et iure quae non quo. Impedit voluptatem id eveniet quo voluptatem fuga.\n\nUt quidem est numquam ullam aut et. Ut deleniti animi ipsa nihil ut aut quia. Ut et quam cum sit dolor assumenda aut. Eligendi rerum sit nesciunt. Aliquam quibusdam a sed.', 'Eos provident doloremque et cum sit enim. Iure voluptatem non corrupti corrupti quia distinctio.', 'published', 'blogs/blog-4.jpg', '2025-04-03 14:46:33', '2025-04-03 15:06:26', NULL, 908),
(42, 13, 'Velit corporis excepturi dolorem.', 'Similique suscipit sed earum. Et aspernatur alias sequi vel mollitia velit eveniet. Esse rerum esse et voluptas id. Est qui tempora illum veritatis.\n\nCommodi et laborum illum commodi est. Ex nihil qui eaque quidem dolores. Possimus et voluptatem vel est aut et sit.\n\nAutem expedita ullam qui deleniti non. Sapiente praesentium sit in quae non beatae repellat. Dolor repellat sit maiores iste. Est et mollitia ut vel.', 'Dolorem minima est reiciendis libero. Assumenda inventore dignissimos eius.', 'draft', 'blogs/blog-5.jpg', '2025-04-03 14:46:33', '2025-04-03 14:46:33', '2025-04-03 14:46:33', 599),
(43, 25, 'Et quam ut occaecati excepturi aut.', 'Nam doloremque assumenda labore blanditiis. Sed quis aliquam odio autem. Impedit enim atque dicta.\n\nConsequatur adipisci nihil esse rem tempora voluptate repellat. Tempora blanditiis in excepturi amet. Ad dolor quo deserunt sed sit.\n\nSed tempore quo itaque voluptatem maiores eum. Quis aliquam at dolorum iusto blanditiis architecto eligendi corrupti. Sapiente id ad vel dignissimos voluptas impedit.', 'Consequatur laborum ad quo ut totam omnis amet. Velit ex eaque consequatur aspernatur at.', 'published', 'blogs/blog-16.jpg', '2025-04-03 14:46:33', '2025-04-03 14:46:33', '2025-04-03 14:46:33', 393),
(44, 25, 'Ad voluptatem aperiam eligendi amet.', 'Itaque eaque quis minima odit molestiae. Esse explicabo est non suscipit libero voluptas. Aut in cupiditate suscipit.\n\nCulpa iusto repellat quia expedita ut repellat eveniet. Est vel laboriosam libero reiciendis corrupti. Ut amet qui vel non natus quia.\n\nNihil provident ut ex est ex tempore porro. Nesciunt omnis ducimus sit est similique earum. Quaerat debitis rerum omnis voluptatum harum quis sed placeat. Voluptas qui voluptatem saepe deserunt adipisci perferendis.', 'Laudantium id maxime deserunt voluptas dolore quam voluptatibus. Sit occaecati autem et ut.', 'draft', 'blogs/blog-12.jpg', '2025-04-03 14:46:33', '2025-04-03 14:46:33', '2025-04-03 14:46:33', 530),
(45, 14, 'Incidunt rem nam eum voluptatem et non necessitatibus.', 'Quis praesentium laborum tenetur omnis omnis. Et voluptatem quisquam cumque quisquam a tenetur.\n\nError nihil natus nam maxime. Quo reprehenderit asperiores quisquam odio voluptas et totam dolor. Eos reprehenderit earum harum porro odio ab. Architecto praesentium atque odio corporis aut mollitia consequatur velit.\n\nLaudantium doloribus ex molestiae aut quasi ut minus accusantium. Corrupti veritatis qui sint in voluptatem nemo excepturi eum. Ipsam neque vitae quia sint quo et. Repellat vero sit vel iusto voluptates et.', 'Quia vel incidunt omnis sed exercitationem. Voluptatem ex saepe nostrum sunt minus quos.', 'draft', 'blogs/blog-15.jpg', '2025-04-03 14:46:33', '2025-04-03 14:46:33', '2025-04-03 14:46:33', 695),
(46, 14, 'Dicta praesentium necessitatibus voluptates necessitatibus aut aliquam.', 'Accusamus sunt non nobis placeat inventore harum. Suscipit odio accusantium non repellat quidem. Quia maiores est non quae. Facilis possimus inventore est rerum voluptatem.\n\nTempora earum tenetur incidunt similique vel ad. Consectetur voluptatem qui facilis qui ipsa saepe corrupti. Qui dolorum dolor sequi soluta tempora.\n\nSuscipit in repellendus maiores nobis. Consequuntur quo suscipit consectetur doloremque laborum id. Odit non quasi aspernatur.', 'Corrupti labore sunt quasi laudantium saepe. Repellat quis qui inventore eos in libero.', 'published', 'blogs/blog-5.jpg', '2025-04-03 14:46:33', '2025-04-03 14:46:33', '2025-04-03 14:46:33', 277),
(47, 32, 'Rerum tempore repellendus quis reiciendis.', 'Illum nemo unde omnis tempora eius. Fuga in esse nesciunt eos sunt sapiente. Magni rem sit ipsam autem facilis hic. Itaque placeat eos placeat sit atque magnam nostrum. Earum aut sit similique tenetur facere.\n\nEt sunt aliquid tempore ipsa. Ea est amet doloribus ipsa non reprehenderit. Minus atque dolorem fugiat et omnis.\n\nDebitis cupiditate ratione consequatur et laboriosam dolore eos aliquid. Aut sunt delectus rerum ut. Neque voluptatem iusto quod delectus ut.', 'Quisquam numquam dolorem magnam reiciendis. Earum at expedita minus rerum. Ea eligendi quisquam ut.', 'published', 'blogs/blog-3.jpg', '2025-04-03 14:46:33', '2025-04-03 14:46:33', '2025-04-03 14:46:33', 261),
(48, 32, 'Est possimus temporibus sint voluptatem.', 'Corrupti suscipit ex et ipsum aliquid ipsa non. Quia possimus et provident. Molestiae molestiae sint enim.\n\nUt ut nam quia aut voluptatem porro. Consequatur ipsum saepe harum qui quod commodi dolorem. Ratione consequuntur perferendis alias perferendis eum illo.\n\nIllum cumque perspiciatis voluptate. Blanditiis quisquam doloribus temporibus tempora suscipit. Aut sunt totam vitae alias natus in maiores. Iusto occaecati et labore placeat voluptatem.', 'Delectus fugit dolorum minima. Voluptatem minus rerum sequi itaque illum consectetur sed.', 'draft', 'blogs/blog-15.jpg', '2025-04-03 14:46:33', '2025-04-03 14:46:33', NULL, 113),
(49, 17, 'Quidem ut repellendus sint provident animi.', 'Quasi dolor est provident consequuntur autem alias. Occaecati omnis quas nostrum ex. Provident molestiae consequuntur provident sit accusamus alias hic.\n\nPossimus explicabo est similique esse architecto nam. Alias ipsum velit consectetur magnam aut.\n\nUnde repudiandae ipsa quidem suscipit. Quisquam ad explicabo quas similique corrupti perspiciatis. Quam nisi unde aliquam nemo. Sit laboriosam recusandae enim a ex illo.', 'Officiis voluptate id quia et cum. Repellendus dolor sint illo dolore.', 'published', 'blogs/blog-8.jpg', '2025-04-03 14:46:33', '2025-04-03 14:46:33', NULL, 961),
(50, 17, 'Quae dolore inventore magni eos.', 'Nemo ex possimus labore quidem. Maxime autem quo temporibus veritatis porro aliquid perspiciatis aut. Deserunt culpa repellat voluptatum non sequi voluptatum.\n\nAut in est repudiandae et velit nostrum. Eligendi architecto tempora libero ullam ratione maiores tempora. Ut odio omnis fugiat voluptatem est omnis iste quam. Voluptatem et corporis atque quis ut sapiente facere.\n\nImpedit quo voluptatem magnam enim. Et ea eligendi voluptate ullam dolor culpa voluptatibus. Voluptatum qui provident porro repellat. Pariatur vel id reiciendis enim non amet ut aut.', 'Illo eaque sunt fuga nisi est. Nulla ipsa ut ea quibusdam. Quas sint dolorum quo enim qui.', 'published', 'blogs/blog-6.jpg', '2025-04-03 14:46:33', '2025-04-03 14:46:33', '2025-04-03 14:46:33', 280),
(51, 7, 'Iure expedita illum deserunt exercitationem ut ut voluptatem possimus.', 'Corporis reprehenderit vel doloribus ut molestias rerum. Omnis quaerat maiores dolorem officia voluptatibus minus. Neque est et expedita exercitationem. Quo ut et quaerat ut.\n\nEst rem quis temporibus eum mollitia sunt. Esse quas aperiam omnis quidem cumque ea est. Non asperiores voluptatem omnis repellat culpa. Laborum cum temporibus animi sed amet.\n\nQuia ab est est aut qui. Sint ut iure aut repudiandae dolorem quas magni tempora. Est molestiae delectus labore odit.', 'Ipsa quaerat doloremque iure facilis enim. Dolores rerum et aspernatur in fugit eos ad.', 'draft', 'blogs/blog-1.jpg', '2025-04-03 14:46:33', '2025-04-03 14:46:33', '2025-04-03 14:46:33', 591),
(52, 7, 'Totam alias eos eligendi.', 'Est qui ut consectetur ut quia sit quia. Sunt doloribus in aut pariatur quis non. Fugit earum quia sunt quo assumenda. Et architecto minima provident et.\n\nDoloremque aut praesentium facilis atque consequatur beatae et modi. Est iusto rerum odio debitis tenetur. Ab magni est dolorem facilis qui. Nobis animi itaque dolor.\n\nQuia fugiat est officiis quo dolorem error ad praesentium. Doloremque et laborum dicta rerum perspiciatis reprehenderit qui. Pariatur ipsum inventore voluptatem. Aut ut excepturi suscipit eos. Quidem quos quod nobis repellendus est non aut.', 'Et aspernatur accusamus suscipit aut. In maxime aliquam et sapiente est voluptatibus odio.', 'draft', 'blogs/blog-11.jpg', '2025-04-03 14:46:33', '2025-04-03 14:46:33', '2025-04-03 14:46:33', 535),
(53, 10, 'Velit inventore rerum modi nemo.', 'Voluptas debitis voluptatem consequuntur veniam at a. Magnam earum nostrum corrupti in qui fuga esse. Omnis quia est repellat commodi autem magnam. Aliquid optio sunt eum dolores neque. Impedit animi cumque molestiae non similique quia.\n\nMolestiae dolores dolorum voluptatem et possimus iure aliquam. Nulla et nulla occaecati assumenda voluptatem ad. Expedita debitis natus tempore.\n\nItaque qui laborum necessitatibus totam iusto nemo quos. Aut quam et tenetur sed commodi quis a perferendis. Perferendis pariatur voluptas qui nihil aut magnam. Dignissimos accusamus maxime ducimus accusamus. Magnam facere a delectus provident minima.', 'Quis exercitationem perspiciatis recusandae quia. Nemo soluta autem quas eligendi inventore.', 'archived', 'blogs/blog-3.jpg', '2025-04-03 14:46:33', '2025-04-03 14:46:33', '2025-04-03 14:46:33', 947),
(54, 10, 'Aliquid dicta ut placeat provident.', 'Repellat ut sunt dolores fugit quia ipsum. Dolores iure quibusdam temporibus et assumenda ut eveniet. Facere asperiores commodi itaque consequuntur.\n\nQuo quaerat voluptatibus quas unde ducimus est eveniet. Eos tempore sed dolorem earum. Facere dolor illum vel ea ut est. Impedit nam accusamus esse praesentium commodi.\n\nNostrum fuga impedit temporibus nisi qui facere. Eum autem magnam quasi minus doloribus. Nulla et quasi nihil consequuntur.', 'Temporibus cum quas in rem corporis architecto consequatur. Facilis numquam deserunt et voluptate.', 'published', 'blogs/blog-4.jpg', '2025-04-03 14:46:33', '2025-04-03 14:46:33', NULL, 185),
(55, 37, 'Reiciendis repellat quos accusantium hic.', 'Voluptatem aut omnis blanditiis necessitatibus molestias illum modi. Sit occaecati dolor magni qui. Nisi tempora velit architecto neque et aut temporibus.\n\nNecessitatibus sed aut vel aspernatur mollitia. Consequatur pariatur libero ut porro. Blanditiis odit inventore dolor eum nemo aliquam. Repudiandae quo dolores rerum voluptatum rerum eos.\n\nVoluptatem perferendis esse deleniti repellat. Dolore odio ut ipsam ducimus. Beatae hic a eaque non nihil. Corporis totam placeat necessitatibus.', 'Qui assumenda laboriosam consectetur explicabo. Laboriosam deserunt facere fugiat fugit et.', 'archived', 'blogs/blog-5.jpg', '2025-04-03 14:46:33', '2025-04-03 14:46:33', NULL, 820),
(56, 37, 'Ut a placeat sed voluptatem.', 'Ea nobis aut id nihil et facilis. Repudiandae et expedita voluptas commodi. Autem eius unde qui.\n\nUt culpa voluptatum quae quos ea expedita est. Culpa et assumenda odio aperiam laboriosam omnis. Recusandae quia ipsam voluptas cum fugit. Eos ut sed omnis qui vel et aliquid.\n\nMinus error odio autem. Enim eius voluptatibus consequuntur in dolores voluptatem. Qui necessitatibus laborum praesentium velit quisquam.', 'Omnis aut earum consectetur at delectus animi. Laborum maiores rerum incidunt eveniet.', 'published', 'blogs/blog-8.jpg', '2025-04-03 14:46:33', '2025-04-03 14:46:33', '2025-04-03 14:46:33', 811),
(57, 11, 'Et quibusdam aliquid odit.', 'Numquam laudantium eaque est deserunt autem ab. Saepe odio iure ut et debitis eligendi hic quaerat. Nihil laboriosam cum vel maiores. Aperiam voluptas nulla doloremque sit aut pariatur officia. Impedit qui repudiandae labore.\n\nEnim ullam doloremque similique molestiae id ex. Et ex modi labore ut enim. Aut dolore nihil dolor ab odit.\n\nUt voluptate dolor ipsum cupiditate voluptatibus eius. Quibusdam exercitationem dolorem velit ut sunt aut qui. Dignissimos natus nemo reprehenderit rerum. Provident eum nemo accusantium dolor voluptatem ullam.', 'Eum magni est vel omnis quidem. Veritatis ut reiciendis expedita quidem.', 'published', 'blogs/blog-6.jpg', '2025-04-03 14:46:34', '2025-04-03 14:46:34', '2025-04-03 14:46:33', 507),
(58, 11, 'Hic quis ut hic.', 'Fugiat doloremque neque qui voluptates ducimus. Vel voluptates assumenda quam tempore. Ut sequi occaecati sit eaque omnis impedit et veniam. Quae quaerat id alias harum quis.\n\nEt quasi nihil eos aperiam ut asperiores in architecto. Magni earum nisi dolores debitis quisquam. Rerum hic iusto dolorem doloremque voluptas aperiam. Magni est cum dolorem corrupti commodi repudiandae.\n\nRepudiandae voluptatibus similique delectus est. Itaque accusantium ipsa nisi illum inventore. Ullam earum voluptatem et.', 'Delectus vero illum sed aut fugit labore. Dicta laudantium quis officia autem beatae qui.', 'published', 'blogs/blog-13.jpg', '2025-04-03 14:46:34', '2025-04-03 14:46:34', '2025-04-03 14:46:34', 500),
(59, 38, 'Totam eligendi ratione eveniet sed eos.', 'Assumenda voluptatem non nesciunt quia sequi quia. Reiciendis quis consequatur perferendis qui quisquam libero laudantium officia. Perferendis dolorem consequuntur sed veniam voluptatibus autem.\n\nRepellat aut consequuntur autem omnis hic. Est magnam ipsum odio soluta repellendus consequuntur.\n\nEt occaecati nesciunt autem eius. Molestias non itaque debitis et quibusdam.', 'Officia molestias aut dolores nulla ipsum. Ut nisi quam totam minus.', 'published', 'blogs/blog-7.jpg', '2025-04-03 14:46:34', '2025-04-03 14:46:34', '2025-04-03 14:46:34', 92),
(60, 38, 'Ut repellat et sit eos perferendis molestiae sit.', 'Fugit maxime delectus qui omnis laborum ut. Dolor quos aut atque consequatur et corrupti. Reiciendis assumenda debitis ullam voluptatem amet provident.\n\nPlaceat distinctio id et laboriosam odit. Nam aut quidem ut eum repellat architecto necessitatibus. Facilis neque dolore aspernatur modi aut.\n\nEligendi cumque numquam tempore quo. Et qui non odit voluptatem soluta animi. Quis sed qui ut expedita voluptas necessitatibus quae.', 'Illo quia modi eos laborum tenetur quis perspiciatis. Assumenda placeat a officia omnis aliquam.', 'draft', 'blogs/blog-10.jpg', '2025-04-03 14:46:34', '2025-04-03 14:46:34', '2025-04-03 14:46:34', 916),
(61, 5, 'Quas autem quos temporibus veritatis laboriosam est id.', 'Ullam sed aut quia et quisquam tenetur. Inventore commodi consequuntur voluptatem consequuntur. Ut consequatur porro quo nulla nam. Eligendi sunt velit laudantium nostrum ipsum explicabo.\n\nSint amet ut eum aut aliquid voluptas. Adipisci et non excepturi vel quia ut.\n\nVeniam voluptatem nobis et veniam et non. Distinctio odio voluptatem veniam tenetur sunt accusantium. Ab nemo nesciunt perferendis ullam.', 'Eum aspernatur asperiores qui quo ad ut ut. Dicta harum et ipsam aut.', 'draft', 'blogs/blog-7.jpg', '2025-04-03 14:46:34', '2025-04-03 14:46:34', '2025-04-03 14:46:34', 351),
(62, 5, 'Voluptate voluptatem eligendi provident vel.', 'Assumenda eligendi enim eaque maxime. Exercitationem in ducimus temporibus in. Voluptas unde in nam neque. Quos quaerat et reprehenderit maxime distinctio.\n\nEt natus voluptas delectus alias hic quod ut. Blanditiis nihil assumenda quia voluptatem enim est sed. Suscipit id nisi tempore doloribus.\n\nQuia id dolorum at quis eum sit sit. Amet maxime et perferendis non recusandae incidunt et. Ex dolores voluptatem minus accusantium labore quia.', 'Rerum exercitationem et voluptatum qui magni aspernatur. Repudiandae ut molestias sed iusto.', 'archived', 'blogs/blog-10.jpg', '2025-04-03 14:46:34', '2025-04-03 14:46:34', '2025-04-03 14:46:34', 516),
(63, 27, 'Fugiat deserunt ut at nulla et dolorem.', 'Alias harum repellat ratione aut omnis facilis rerum iusto. Consequatur rerum dolorem sit quia accusamus sunt in ducimus.\n\nDolor voluptas aut repudiandae numquam rerum. Exercitationem in saepe voluptate nam mollitia at. Alias architecto laboriosam modi non neque a facilis.\n\nSint cum eum fugiat nisi. Sit assumenda autem recusandae saepe nostrum voluptate qui vel. Quod explicabo impedit qui qui sint eos et. Ullam nobis omnis nam omnis fugit est nihil voluptas. Quod nesciunt officia sint temporibus et.', 'Mollitia sequi esse delectus. Et possimus nobis magni eligendi harum aut quis.', 'draft', 'blogs/blog-8.jpg', '2025-04-03 14:46:34', '2025-04-03 14:46:34', '2025-04-03 14:46:34', 94),
(64, 27, 'Ut ut eos accusantium tenetur voluptas.', 'Officia provident enim vitae ea velit ut eos. Occaecati nesciunt saepe ducimus eos. Voluptatem aut perspiciatis voluptas fuga commodi eius.\n\nSuscipit doloremque ut est. Provident quod voluptates quos dignissimos ut. Corrupti sit sit ut dicta et quibusdam voluptatem dolorem.\n\nEt fugit ea laudantium distinctio. Sed eaque aut hic reprehenderit quos voluptatem deleniti. Quo veniam sequi dicta molestias culpa at.', 'Ut et sit et velit. Qui nesciunt temporibus sed non fugit eligendi nemo aut.', 'draft', 'blogs/blog-11.jpg', '2025-04-03 14:46:34', '2025-04-03 14:46:34', NULL, 570),
(65, 20, 'Omnis similique ex ut ab.', 'Unde temporibus corrupti ut quis libero ipsam corporis. Adipisci dolores sunt repudiandae et quos repudiandae explicabo distinctio. A aspernatur reiciendis ullam. Laboriosam id hic voluptas dolore accusamus eaque.\n\nRepudiandae pariatur doloremque enim voluptas quia hic. Cupiditate repellendus optio fugit dolores corrupti. Eveniet neque ullam tempora mollitia placeat. Quisquam est voluptatem eligendi iusto possimus.\n\nTemporibus debitis iste et voluptatem. Rerum dolores non aspernatur eligendi natus. Optio molestiae voluptas soluta impedit.', 'Laboriosam id dolore doloremque deleniti iusto. Minima dolore vel omnis laudantium.', 'published', 'blogs/blog-2.jpg', '2025-04-03 14:46:34', '2025-04-03 14:46:34', NULL, 277),
(66, 20, 'Pariatur eveniet alias architecto asperiores non consequuntur.', 'Magni rerum esse dolor et excepturi illum omnis nesciunt. Qui explicabo accusantium necessitatibus sunt et. Laborum sed veritatis deleniti possimus et.\n\nSoluta et assumenda quia molestiae nisi quibusdam nihil. Quia debitis aut quia repellat quidem autem. Sed et expedita optio aut in sed.\n\nEst voluptatem aperiam quo. Nobis et explicabo at tenetur maiores. Est eligendi qui in sed est est. Quod enim vero omnis ab autem optio.', 'Maxime qui consequatur eum ut. Aspernatur voluptatem beatae vero consequatur cumque.', 'published', 'blogs/blog-8.jpg', '2025-04-03 14:46:34', '2025-04-03 14:46:34', '2025-04-03 14:46:34', 173),
(67, 2, 'Eos sit quia dolor dolorem voluptatum.', 'Porro mollitia ut quia. Eius ducimus minima doloremque et a molestiae.\n\nMinima at ipsa qui sunt. Dicta praesentium velit eum ut quod corrupti ratione sit. Qui veniam debitis consectetur ut. Ut possimus molestiae velit necessitatibus natus et modi.\n\nVoluptatem voluptatem commodi quam. Iste recusandae dolor debitis ducimus et. Minima quidem praesentium eligendi doloribus ducimus sint ex est. Dicta est sit eos rerum veniam.', 'Nemo corporis animi qui dolores inventore quia. Ut nobis dolor illum placeat fuga.', 'archived', 'blogs/blog-4.jpg', '2025-04-03 14:46:34', '2025-04-03 14:46:34', NULL, 984),
(68, 2, 'Rerum et sed exercitationem eum maiores magni repudiandae.', 'Magni a ullam facere culpa voluptas necessitatibus repellendus tenetur. Quis facilis amet ipsa minus natus et harum voluptatem. Excepturi hic ducimus aut corporis culpa.\n\nAut dolorem nemo magni et sed sunt. Ea totam enim suscipit sint officiis nesciunt. Sit sunt commodi quod quia velit.\n\nVoluptas voluptatem ex molestiae voluptas doloribus. Dolorem voluptas quia eos. Fugit id velit ab perspiciatis.', 'Enim veniam cumque aperiam fugiat. Earum necessitatibus aut sed voluptatem aut dolorem.', 'published', 'blogs/blog-1.jpg', '2025-04-03 14:46:34', '2025-04-03 14:46:34', '2025-04-03 14:46:34', 403);
INSERT INTO `posts` (`id`, `user_id`, `title`, `content`, `excerpt`, `status`, `image`, `created_at`, `updated_at`, `published_at`, `view_count`) VALUES
(69, 18, 'Aspernatur voluptas quis aut nam labore autem eaque.', 'Molestias praesentium quia saepe quidem id. Illo aut natus eum maiores maxime eveniet. Ducimus ut molestiae dignissimos minus nobis molestias. Illo autem et voluptatem sit doloribus rerum officiis rerum.\n\nMolestiae ullam fugit rerum officiis odit facilis. Voluptatem consequuntur quia facilis ex. Iusto in impedit maxime explicabo quaerat ratione optio.\n\nMinima minima ut sint ut est qui. Architecto est et numquam explicabo. Ut perspiciatis ut explicabo et eveniet expedita mollitia. Laborum iusto dolores suscipit quasi.', 'Commodi sed rem dolor itaque ut exercitationem rerum. Velit sunt deleniti incidunt mollitia.', 'archived', 'blogs/blog-6.jpg', '2025-04-03 14:46:34', '2025-04-03 14:46:34', NULL, 690),
(70, 18, 'Ducimus iste quod saepe a facere et.', 'Voluptatibus dignissimos eum ratione aut repellendus eaque. Laborum omnis necessitatibus consectetur distinctio beatae similique nam. Commodi error dolor qui nihil. Quaerat illo veniam aut cupiditate tempora recusandae.\n\nDicta est in adipisci eum hic quasi quisquam a. Perspiciatis dolorum est nesciunt laboriosam dolorem. Ullam eveniet sint libero culpa ut. Velit provident veniam consequatur quidem blanditiis. Excepturi ratione nobis fugit voluptatum quo ratione.\n\nVoluptatem eos neque incidunt ullam dolores totam consequatur. Voluptatem asperiores culpa quaerat mollitia minima. Et corrupti ut eum soluta sapiente est.', 'Odio sed doloremque quos. Eveniet est quia velit molestiae dolores nulla quod.', 'archived', 'blogs/blog-9.jpg', '2025-04-03 14:46:34', '2025-04-03 14:46:34', NULL, 458),
(71, 28, 'Nihil quaerat qui veniam ea omnis corrupti aut.', 'Perspiciatis eaque blanditiis dolore necessitatibus qui. Et consequuntur qui repudiandae earum non. Repudiandae ut temporibus quia distinctio facere suscipit.\n\nEos et harum consequatur voluptates. Ut voluptatem nam quod dolor laudantium.\n\nExercitationem officia enim natus necessitatibus. Consectetur dolore earum ad asperiores sed. Sint consequatur similique nostrum numquam.', 'Autem asperiores in sunt excepturi. Ipsa voluptas quo dicta quia aliquam necessitatibus.', 'archived', 'blogs/blog-1.jpg', '2025-04-03 14:46:34', '2025-04-03 14:46:34', '2025-04-03 14:46:34', 663),
(72, 28, 'Rerum eveniet eaque aut ea iusto nihil magni.', 'In expedita dolores et iure facilis inventore facere. Et laboriosam laudantium nostrum dicta veritatis voluptatibus aut. Sunt praesentium delectus sapiente aut praesentium officia repellendus dolores. Aliquid dolorum officiis enim quia consequatur deserunt tempore aliquid.\n\nSint similique non facilis est dolorum. Sint et dolores quod voluptas distinctio. Voluptatum voluptas in laudantium accusamus. Cupiditate pariatur et laborum dicta cupiditate porro deserunt.\n\nAutem sint eveniet assumenda error omnis nihil. Eius aperiam et sunt a modi. Facere quis facere exercitationem.', 'Dicta rerum vel sunt hic explicabo voluptatem. Facere vero non aperiam qui animi.', 'archived', 'blogs/blog-1.jpg', '2025-04-03 14:46:34', '2025-04-03 14:46:34', '2025-04-03 14:46:34', 987),
(73, 4, 'Corporis quia sapiente officia consequatur veniam sint.', 'Totam corrupti voluptatem et quae. Est sunt exercitationem dolorem voluptas id. At pariatur voluptate dolore molestias. Aut maiores quaerat rem id quia.\n\nExplicabo placeat rerum labore earum natus. Molestiae tempore voluptatibus et qui recusandae. Non eos veniam nemo recusandae quia earum illo sed.\n\nAut quia et possimus quibusdam. Provident cupiditate quia vel aut. Ut blanditiis ab sunt eum consequatur est. Est rem est consectetur corporis dolores illum non.', 'Ad perferendis unde ullam molestiae in laudantium deleniti. Dolor ipsa magni laborum.', 'archived', 'blogs/blog-8.jpg', '2025-04-03 14:46:34', '2025-04-03 14:46:34', NULL, 394),
(74, 4, 'Mollitia ut ad quis aut inventore.', 'Deleniti ullam inventore ullam voluptas id. Minima ut similique consequatur sed. Et sed non provident eligendi cumque possimus. Occaecati modi quaerat rerum quo eos dolores et.\n\nIste delectus ipsa voluptates nesciunt quibusdam aut. Quis natus maxime odit ut blanditiis. Libero sint accusantium autem eos molestias.\n\nDicta tempora voluptatem magnam consectetur reiciendis est quasi. Architecto molestiae voluptatem a esse. Quae minus dolore voluptas aut saepe expedita in. Necessitatibus numquam numquam culpa ullam.', 'Et dolorem tempora sed nostrum labore. Molestiae nam quaerat in laborum. Et sunt culpa dolorem.', 'archived', 'blogs/blog-15.jpg', '2025-04-03 14:46:34', '2025-04-03 14:46:34', NULL, 400),
(75, 40, 'Nemo impedit provident eveniet ex nisi et dolores.', 'Pariatur alias in et quia sed ipsa itaque. Labore qui officiis quisquam ad totam ipsum mollitia. Quasi similique harum tempore reprehenderit commodi reiciendis.\n\nOfficia rerum ea quae quo quam optio placeat. Deleniti officiis incidunt accusantium odit soluta pariatur enim. Inventore magni dolores laboriosam reiciendis esse corporis sequi odit. Ut magni tempore quas quia quis placeat accusantium.\n\nEnim soluta optio et excepturi nam non. Veniam minima sit ea voluptate doloribus quia qui. Quaerat animi neque inventore eligendi omnis exercitationem.', 'Quaerat ut quas deserunt. Voluptatum quis itaque harum repellat et. Beatae ea cum impedit hic quam.', 'published', 'blogs/blog-1.jpg', '2025-04-03 14:46:34', '2025-04-03 15:13:11', '2025-04-03 14:46:34', 356),
(76, 40, 'Itaque esse molestiae blanditiis autem.', 'Cupiditate et molestias optio a veritatis. Quia ut ut perferendis dolores et. Voluptas corrupti delectus iure animi eaque molestiae quis. Quibusdam mollitia officiis consectetur totam aperiam.\n\nImpedit vel a qui repudiandae dolor id. Et provident non expedita et iste sint est quos. Harum et nobis sit hic corporis earum.\n\nReprehenderit enim maiores hic nemo magnam illo ab. Consequatur non soluta incidunt ducimus. Qui enim ratione tempore odit ea labore.', 'Nihil vel quasi autem est magnam eaque. Sit optio dicta reiciendis qui modi.', 'archived', 'blogs/blog-15.jpg', '2025-04-03 14:46:34', '2025-04-03 14:46:34', NULL, 975),
(77, 24, 'Sed magnam dolorem quo voluptate dolor quo et.', 'Modi non facilis labore doloribus nemo. Qui soluta iure incidunt quo et. Delectus ea reprehenderit quas aut dolorem eum est. Et sunt voluptate odit commodi eius.\n\nVel delectus aut praesentium sed quia quae et et. Amet et doloremque cupiditate. Expedita sint qui quisquam tenetur.\n\nOfficia necessitatibus fugit voluptatem aut alias vel eius omnis. Quidem numquam ipsam eveniet ut dolores.', 'Adipisci inventore voluptates totam delectus. In unde sunt tenetur vitae commodi enim.', 'archived', 'blogs/blog-12.jpg', '2025-04-03 14:46:34', '2025-04-03 14:46:34', NULL, 227),
(78, 24, 'Qui voluptas eum tenetur sequi.', 'Officia tenetur tenetur sit dolores id. Eum quo excepturi aperiam temporibus. Dolorem iusto distinctio veritatis velit cumque architecto.\n\nUt nostrum cum dolor necessitatibus eaque quam. Aut optio velit et autem. A est reprehenderit aliquid. Recusandae facilis quibusdam quam vitae.\n\nVoluptas amet est saepe ut molestiae et et. Exercitationem accusantium cum et harum quo laudantium. Iste voluptas quod quo voluptatem amet aut.', 'Et qui quis fuga. Ut commodi voluptas ipsa. Esse dolor dignissimos deserunt deleniti qui deleniti.', 'archived', 'blogs/blog-10.jpg', '2025-04-03 14:46:34', '2025-04-03 14:46:34', '2025-04-03 14:46:34', 593),
(79, 39, 'Nisi est et distinctio provident aut quisquam.', 'Repudiandae quisquam quisquam excepturi earum ut rerum alias. Animi maxime tempore eos voluptatem ex ad sint. At quisquam autem et voluptas recusandae dicta. Aperiam fugit id earum neque.\n\nQuam voluptatum aliquid et accusantium aut libero. Sequi dolorem tenetur placeat aut sint. Qui praesentium et eius cum deserunt. Aut cupiditate quia et rerum pariatur non qui qui. Vel quasi dolore rerum dolore est nihil non est.\n\nDeleniti sit et labore id ut. In ex debitis in velit aperiam qui. Eligendi inventore laborum autem quis consequatur nihil quia.', 'Tempore autem quis officia qui. Eos aut sint aliquam. Voluptas sed eos eligendi enim omnis.', 'published', 'blogs/blog-6.jpg', '2025-04-03 14:46:34', '2025-04-03 14:46:34', '2025-04-03 14:46:34', 185),
(80, 39, 'Dolorem eveniet consequatur aut consequatur et libero magnam.', 'Assumenda rerum iure non et blanditiis tempora perspiciatis. Eligendi et excepturi impedit officia natus.\n\nOmnis dolore voluptatem veniam temporibus natus. Esse vel ratione enim consequatur consequatur. Excepturi quod iste provident quia ullam. Tempore voluptas laudantium fuga quia et. Et dignissimos animi quaerat qui.\n\nMinima tempore eaque delectus quia et. Rem nemo incidunt vel architecto. Eos dolorem dolorem eum pariatur. Velit cupiditate dolor voluptatem excepturi ea.', 'Nostrum hic distinctio alias. Atque et autem magnam ipsum esse iusto optio.', 'archived', 'blogs/blog-8.jpg', '2025-04-03 14:46:34', '2025-04-03 14:46:34', NULL, 787);

-- --------------------------------------------------------

--
-- Table structure for table `post_categories`
--

CREATE TABLE `post_categories` (
  `post_id` bigint UNSIGNED NOT NULL,
  `category_id` bigint UNSIGNED NOT NULL
) ENGINE=InnoDB DEFAULT CHARSET=utf8mb4 COLLATE=utf8mb4_unicode_ci;

--
-- Dumping data for table `post_categories`
--

INSERT INTO `post_categories` (`post_id`, `category_id`) VALUES
(35, 1),
(47, 1),
(55, 1),
(60, 1),
(61, 1),
(3, 2),
(12, 2),
(42, 2),
(65, 2),
(78, 2),
(23, 3),
(33, 3),
(44, 3),
(28, 4),
(36, 4),
(53, 4),
(75, 4),
(73, 5),
(67, 6),
(9, 7),
(13, 7),
(26, 7),
(29, 7),
(36, 7),
(51, 7),
(59, 7),
(64, 7),
(68, 7),
(78, 7),
(9, 8),
(32, 8),
(45, 8),
(10, 9),
(15, 9),
(17, 9),
(21, 9),
(50, 9),
(60, 9),
(66, 9),
(35, 10),
(41, 10),
(63, 10),
(70, 10),
(8, 11),
(19, 11),
(34, 11),
(38, 11),
(54, 11),
(57, 11),
(80, 11),
(7, 12),
(29, 12),
(33, 12),
(62, 12),
(73, 12),
(77, 12),
(17, 13),
(18, 13),
(66, 13),
(49, 14),
(4, 15),
(42, 16),
(48, 16),
(61, 16),
(74, 16),
(14, 17),
(22, 17),
(25, 17),
(40, 17),
(2, 18),
(31, 18),
(39, 18),
(45, 18),
(71, 18),
(80, 18),
(20, 19),
(52, 19),
(57, 19),
(76, 19),
(6, 20),
(20, 20),
(21, 20),
(39, 20),
(58, 20),
(72, 20),
(16, 21),
(24, 21),
(43, 21),
(46, 21),
(71, 21),
(24, 22),
(31, 22),
(32, 22),
(51, 22),
(62, 22),
(4, 23),
(12, 23),
(47, 23),
(19, 24),
(37, 24),
(69, 24),
(74, 24),
(79, 24),
(11, 25),
(44, 25),
(67, 25),
(11, 26),
(27, 26),
(28, 26),
(30, 26),
(49, 26),
(55, 26),
(5, 27),
(37, 27),
(56, 27),
(59, 27),
(2, 28),
(27, 28);

-- --------------------------------------------------------

--
-- Table structure for table `post_tag`
--

CREATE TABLE `post_tag` (
  `post_id` bigint UNSIGNED NOT NULL,
  `tag_id` bigint UNSIGNED NOT NULL
) ENGINE=InnoDB DEFAULT CHARSET=utf8mb4 COLLATE=utf8mb4_unicode_ci;

--
-- Dumping data for table `post_tag`
--

INSERT INTO `post_tag` (`post_id`, `tag_id`) VALUES
(2, 1),
(9, 1),
(10, 1),
(18, 1),
(21, 1),
(24, 1),
(29, 1),
(31, 1),
(34, 1),
(38, 1),
(40, 1),
(42, 1),
(45, 1),
(52, 1),
(68, 1),
(72, 1),
(75, 1),
(77, 1),
(80, 1),
(7, 2),
(18, 2),
(19, 2),
(20, 2),
(23, 2),
(26, 2),
(28, 2),
(32, 2),
(36, 2),
(41, 2),
(44, 2),
(46, 2),
(47, 2),
(49, 2),
(50, 2),
(54, 2),
(57, 2),
(58, 2),
(59, 2),
(63, 2),
(66, 2),
(74, 2),
(77, 2),
(79, 2),
(1, 3),
(2, 3),
(3, 3),
(7, 3),
(9, 3),
(10, 3),
(11, 3),
(13, 3),
(17, 3),
(18, 3),
(24, 3),
(25, 3),
(26, 3),
(27, 3),
(29, 3),
(30, 3),
(34, 3),
(42, 3),
(48, 3),
(49, 3),
(50, 3),
(51, 3),
(55, 3),
(56, 3),
(61, 3),
(62, 3),
(65, 3),
(66, 3),
(67, 3),
(73, 3),
(5, 4),
(8, 4),
(10, 4),
(13, 4),
(15, 4),
(17, 4),
(20, 4),
(22, 4),
(23, 4),
(25, 4),
(31, 4),
(33, 4),
(38, 4),
(42, 4),
(43, 4),
(46, 4),
(47, 4),
(50, 4),
(51, 4),
(54, 4),
(55, 4),
(56, 4),
(58, 4),
(59, 4),
(65, 4),
(67, 4),
(68, 4),
(69, 4),
(70, 4),
(75, 4),
(76, 4),
(79, 4),
(80, 4),
(6, 5),
(9, 5),
(11, 5),
(12, 5),
(13, 5),
(14, 5),
(20, 5),
(23, 5),
(24, 5),
(29, 5),
(34, 5),
(35, 5),
(39, 5),
(45, 5),
(48, 5),
(51, 5),
(57, 5),
(59, 5),
(61, 5),
(64, 5),
(70, 5),
(72, 5),
(74, 5),
(76, 5),
(77, 5),
(79, 5),
(80, 5),
(1, 6),
(2, 6),
(3, 6),
(5, 6),
(8, 6),
(11, 6),
(12, 6),
(17, 6),
(22, 6),
(25, 6),
(29, 6),
(31, 6),
(34, 6),
(38, 6),
(44, 6),
(48, 6),
(53, 6),
(58, 6),
(61, 6),
(65, 6),
(69, 6),
(70, 6),
(72, 6),
(80, 6),
(1, 7),
(3, 7),
(4, 7),
(7, 7),
(10, 7),
(16, 7),
(21, 7),
(22, 7),
(27, 7),
(30, 7),
(32, 7),
(38, 7),
(40, 7),
(42, 7),
(43, 7),
(52, 7),
(53, 7),
(56, 7),
(62, 7),
(69, 7),
(70, 7),
(72, 7),
(75, 7),
(78, 7),
(4, 8),
(6, 8),
(9, 8),
(15, 8),
(20, 8),
(24, 8),
(36, 8),
(41, 8),
(45, 8),
(46, 8),
(60, 8),
(63, 8),
(65, 8),
(66, 8),
(71, 8),
(3, 9),
(6, 9),
(12, 9),
(19, 9),
(22, 9),
(26, 9),
(27, 9),
(30, 9),
(31, 9),
(35, 9),
(36, 9),
(37, 9),
(39, 9),
(40, 9),
(41, 9),
(43, 9),
(47, 9),
(55, 9),
(57, 9),
(62, 9),
(64, 9),
(69, 9),
(71, 9),
(73, 9),
(76, 9),
(2, 10),
(4, 10),
(6, 10),
(13, 10),
(14, 10),
(16, 10),
(17, 10),
(18, 10),
(25, 10),
(27, 10),
(28, 10),
(30, 10),
(32, 10),
(33, 10),
(37, 10),
(39, 10),
(40, 10),
(41, 10),
(43, 10),
(46, 10),
(47, 10),
(50, 10),
(52, 10),
(53, 10),
(54, 10),
(55, 10),
(56, 10),
(60, 10),
(67, 10),
(68, 10),
(75, 10),
(76, 10),
(78, 10);

-- --------------------------------------------------------

--
-- Table structure for table `products`
--

CREATE TABLE `products` (
  `id` bigint UNSIGNED NOT NULL,
  `name` varchar(255) COLLATE utf8mb4_unicode_ci NOT NULL,
  `price_default` decimal(10,2) NOT NULL,
  `short_description` text COLLATE utf8mb4_unicode_ci,
  `full_description` text COLLATE utf8mb4_unicode_ci,
  `avatar` varchar(255) COLLATE utf8mb4_unicode_ci DEFAULT NULL,
  `category_id` bigint UNSIGNED NOT NULL,
  `brand_id` bigint UNSIGNED DEFAULT NULL,
  `status` enum('active','inactive','out_of_stock') COLLATE utf8mb4_unicode_ci NOT NULL DEFAULT 'active',
  `view_count` bigint UNSIGNED NOT NULL DEFAULT '0',
  `created_at` timestamp NULL DEFAULT NULL,
  `updated_at` timestamp NULL DEFAULT NULL
) ENGINE=InnoDB DEFAULT CHARSET=utf8mb4 COLLATE=utf8mb4_unicode_ci;

--
-- Dumping data for table `products`
--

INSERT INTO `products` (`id`, `name`, `price_default`, `short_description`, `full_description`, `avatar`, `category_id`, `brand_id`, `status`, `view_count`, `created_at`, `updated_at`) VALUES
(2, 'Langosh-Ward Classic 02', '3550000.00', 'Vel quo sunt voluptate dolorem.dd', 'Eum nostrum laborum occaecati voluptatem quia consequatur quasi eum. Consequatur quos dolor doloribus. Quibusdam unde quidem omnis ratione ex. Doloremque illum iure ipsam ducimus dolor aspernatur.\r\n\r\nIure nihil ducimus est velit quos totam facilis. Totam repellendus facilis et nihil assumenda odio. Officiis eos deserunt error officia.\r\n\r\nNon eos distinctio incidunt quo necessitatibus ut. Ut laboriosam dolore dolor rerum voluptas nulla. Natus nostrum doloribus facilis quisquam eum optio et.', 'products/1744037891_67f3e8038baac.jpeg', 1, 16, 'active', 4900, '2025-04-03 14:46:30', '2025-04-07 14:58:35'),
(3, 'Douglas-Braun Vintage', '890000.00', 'Non vel nihil nulla omnis illo accusantium.', 'Sit dolore necessitatibus aliquid quae nihil autem. Consectetur nobis itaque alias sequi adipisci possimus nesciunt minus. Nihil et hic nemo consectetur est atque quis.\n\nAccusamus praesentium architecto qui itaque sed. Earum in eos et qui et libero id. Quia dolore repellendus beatae qui. Voluptatem est animi veritatis recusandae.\n\nLibero dolorem iste minima eos nobis voluptatem molestias praesentium. Aliquid rerum commodi qui debitis eos ullam sapiente. Et quae eveniet consequatur possimus et. Voluptatem et fugit quasi et voluptatum iusto enim.', 'products/product13.jpeg', 16, 36, 'inactive', 4980, '2025-04-03 14:46:31', '2025-04-03 14:46:31'),
(4, 'Balistreri, Rutherford and Fahey Luxury', '1840000.00', 'Amet similique accusantium minima et unde odio omnis.', 'Neque voluptatem qui ut molestiae est quis. Consequuntur qui recusandae sequi ducimus ipsam nemo. Non qui qui dignissimos.\n\nSed sed esse corrupti perspiciatis quis asperiores. Possimus vitae esse veniam laborum eum. Aut deleniti nesciunt eum inventore tenetur et.\n\nDebitis dolor et cumque rerum beatae quos. Esse fuga vel aut sint sit. Eum minus sed quisquam veritatis rerum neque accusantium.', 'products/product21.jpeg', 6, 37, 'active', 3450, '2025-04-03 14:46:31', '2025-04-03 14:46:31'),
(5, 'Howell, Brown and Dooley Classic', '1060000.00', 'Sint itaque expedita harum a quo.', 'Occaecati sed labore error ducimus exercitationem quisquam. Delectus quas maiores tempore rerum eligendi. Est enim dolorum perferendis voluptatem magni ipsa voluptate pariatur. Rerum qui ducimus incidunt iusto molestias.\n\nQui sunt minus repellat sunt. Nulla et omnis consequatur possimus sit assumenda possimus. Sapiente rerum ut perferendis rem molestiae.\n\nQuas atque minus aspernatur earum repudiandae error dolor harum. Et ullam et aut voluptatum distinctio. Hic maiores nihil error molestiae ut laboriosam. Sapiente facilis saepe non sunt suscipit nam. Aut sed maiores saepe hic consequatur.', 'products/product28.jpeg', 26, 26, 'active', 2120, '2025-04-03 14:46:31', '2025-04-03 14:46:31'),
(6, 'Cole-Gleichner Classic', '50000.00', 'Et saepe qui reprehenderit in et nihil laboriosam quia.', 'Voluptate aut et sit perferendis natus ratione molestiae omnis. Nulla deleniti pariatur ab porro aspernatur sed. Explicabo veniam nesciunt modi molestiae minima corrupti. Soluta in laborum qui perspiciatis saepe culpa blanditiis in.\n\nEos eligendi reprehenderit at ea ducimus amet explicabo. Reprehenderit fugit nesciunt ducimus non qui nam. Distinctio hic ut quia perspiciatis id voluptates dolorem consequatur.\n\nQuis minus minus distinctio numquam sapiente aut. Facilis vero in porro dicta ducimus et enim. Aliquam qui architecto rerum adipisci cum delectus saepe sunt.', 'products/product11.jpeg', 18, 17, 'out_of_stock', 130, '2025-04-03 14:46:31', '2025-04-03 14:46:31'),
(7, 'Altenwerth Group Luxury', '3640000.00', 'Voluptatem rerum ipsum cupiditate dolor quibusdam perferendis.', 'Qui nesciunt totam blanditiis dolor nemo. Ad impedit laudantium ad. Est consequatur porro nesciunt est aut quisquam excepturi assumenda.\n\nOccaecati consequatur repellendus cum quam modi. Reprehenderit alias ad voluptatem voluptatum. Sunt qui delectus sunt non. Sed commodi dolores non cupiditate assumenda vel.\n\nVoluptatem non quia odit ex commodi voluptatibus. Eos occaecati soluta error eos aliquam ex omnis. Esse et eveniet dicta necessitatibus fugiat quis voluptates aspernatur. Accusamus odio nostrum nostrum a qui voluptate accusantium.', 'products/product28.jpeg', 27, 12, 'inactive', 1420, '2025-04-03 14:46:31', '2025-04-03 14:46:31'),
(8, 'Bahringer-McDermott Sport', '3930000.00', 'Aliquam iure aperiam eos similique quod.', 'Quod voluptates neque et voluptas voluptatibus totam. Aut dolore eveniet aut. Eos eum accusamus neque quisquam nemo.\n\nNisi consequatur voluptatem ut cumque facere. Nobis ea quia sint sit esse. Omnis debitis qui quisquam hic voluptas voluptatem.\n\nIusto voluptas minus aliquam distinctio deserunt. Repellat occaecati in fugit quas ut animi id. Quia delectus est ratione aut dignissimos. Dicta mollitia odit ut est perferendis accusantium ea expedita.', 'products/product9.jpeg', 18, 18, 'active', 3850, '2025-04-03 14:46:31', '2025-04-03 14:46:31'),
(9, 'Kreiger Inc Vintage', '1870000.00', 'Beatae quasi iste nostrum.', 'Non iusto in sit ut sequi. Et sed laudantium nam commodi qui consequatur natus. Excepturi ab quibusdam nobis aut.\n\nTemporibus maiores inventore eos eum eum saepe et at. Blanditiis accusamus voluptas explicabo ut est quidem qui. Ex tenetur dolorum modi voluptas accusamus omnis.\n\nIste voluptas eaque quo sunt quidem non eum. Praesentium dolore enim placeat architecto pariatur. Nostrum quam quo eos porro tempore. Repellendus nulla corporis error quam repudiandae ratione.', 'products/product35.jpeg', 16, 20, 'out_of_stock', 100, '2025-04-03 14:46:31', '2025-04-03 14:46:31'),
(10, 'Wiegand, Abbott and Reilly Sport', '2700000.00', 'Qui saepe ea eaque ea veritatis.', 'Repudiandae libero blanditiis quo dolorem. Harum facilis repellendus et mollitia. Iure reiciendis molestias eum adipisci.\n\nOmnis aut occaecati libero id. Enim ipsum architecto ducimus amet velit earum. Non incidunt at reiciendis necessitatibus magni soluta.\n\nFugiat dignissimos autem doloremque distinctio. Voluptatibus dignissimos ad omnis qui omnis. Quo expedita nostrum et vel eos nulla sunt.', 'products/product27.jpeg', 13, 26, 'out_of_stock', 1630, '2025-04-03 14:46:31', '2025-04-03 14:46:31'),
(11, 'Johnston-Ruecker Sport', '3940000.00', 'Rerum aut quaerat consequatur similique.', 'Voluptatem eum dolores aut saepe est nisi vero. Mollitia repellendus ullam quis consequatur maxime. Qui eum ad illo officiis corrupti. Qui inventore officia explicabo accusantium reiciendis et dolore.\n\nDolorem rerum aperiam ipsam repellat ut neque sint. Laboriosam consequuntur quia omnis delectus fugit. Incidunt dolor excepturi tenetur rerum.\n\nDicta ratione ullam autem omnis ab aut. Molestiae molestiae reprehenderit voluptates enim dolorem accusantium explicabo. Et odio fugit vitae.', 'products/product24.jpeg', 22, 33, 'out_of_stock', 120, '2025-04-03 14:46:31', '2025-04-03 14:46:31'),
(12, 'Weber PLC Classic', '680000.00', 'At ab aut corrupti vel excepturi temporibus.', 'Deleniti aut incidunt aliquid ipsam iure sapiente excepturi. Iste ab et quia et distinctio doloremque. Omnis expedita nihil illo et sed sed. Voluptas labore placeat est facilis laborum vel vero ipsa.\n\nSimilique quos occaecati est corporis. In nesciunt eum tenetur et quaerat ex. Facilis optio eum nostrum tempore omnis est.\n\nAsperiores est ducimus corporis fuga tenetur aut. Voluptatem et nihil porro maiores consequatur sint. Vero qui soluta ut nulla perferendis commodi sapiente et. Veritatis accusamus et et similique non totam quis.', 'products/product26.jpeg', 24, 16, 'active', 3220, '2025-04-03 14:46:31', '2025-04-03 14:46:31'),
(13, 'Stoltenberg-Stehr Sport', '3880000.00', 'Ea explicabo quo sed ut.', 'Aspernatur qui omnis illum fuga et a delectus. Repellat ut omnis in sit.\n\nDolor et dolor id explicabo. Tempore provident laboriosam quisquam cum beatae. Voluptatem sit dicta et iure quasi minima aut. Inventore aut et atque molestiae.\n\nDolorem voluptas nisi qui. Quis labore reiciendis repellendus cumque. Dolorem similique odit sit iusto. Eius sunt quia quis repellendus reprehenderit.', 'products/product14.jpeg', 9, 16, 'active', 4970, '2025-04-03 14:46:31', '2025-04-03 14:46:31'),
(14, 'Hills PLC Smart', '4090000.00', 'Laudantium accusamus eum ab.', 'Assumenda necessitatibus voluptas ab ullam saepe asperiores. Aperiam error facere sed earum. Eaque illo eum veniam consectetur non dolore a.\n\nUnde qui qui ipsum vel. Repellat consequatur incidunt minus natus officiis. Eligendi ut consectetur pariatur et natus.\n\nRerum porro quis dolorum nisi inventore totam qui. Illo porro tempore ipsam blanditiis. Qui ipsum ut et.', 'products/product19.jpeg', 6, 22, 'inactive', 300, '2025-04-03 14:46:31', '2025-04-03 14:46:31'),
(15, 'Block PLC Sport', '1910000.00', 'Blanditiis praesentium tempore quidem laborum error.', 'Distinctio sit atque nisi dolores. Autem tenetur error asperiores aliquam porro provident velit. Fuga consequatur saepe qui ipsam saepe sint neque.\n\nAut ut itaque veniam dolorem repudiandae ab quisquam est. Rerum rerum a occaecati sit. Quibusdam sit consequatur aut aliquam. Illum consequatur voluptas fuga perferendis nisi tempore architecto.\n\nAssumenda est cum voluptatibus nam ea aspernatur. Et quisquam ea facere culpa expedita. Hic asperiores dicta voluptate. Enim qui quo ipsam suscipit voluptate ut iure.', 'products/product27.jpeg', 10, 13, 'inactive', 60, '2025-04-03 14:46:31', '2025-04-03 14:46:31'),
(16, 'Emard-Bartell Smart', '4110000.00', 'Voluptas molestiae quas voluptas saepe itaque.', 'Laboriosam accusantium aliquid voluptas et beatae similique. Id ea quis quod voluptas. Quia vel architecto sint laudantium fugiat qui. Soluta aut est doloribus.\n\nConsequatur sint sit pariatur qui qui ut et velit. Perferendis adipisci ea eius ea consequatur dolorem eum. Exercitationem veritatis et omnis dolor. Quas aut voluptatem dolor eos nulla et ut. Consectetur explicabo et ut qui.\n\nEt esse qui magni enim nemo omnis corrupti veritatis. Ullam odit quas sunt et quae pariatur nobis. Eum rerum adipisci quis consequatur perspiciatis quia. Sit omnis corporis et sed velit corrupti.', 'products/product3.jpeg', 27, 35, 'out_of_stock', 2190, '2025-04-03 14:46:31', '2025-04-03 14:46:31'),
(17, 'Tremblay-Jenkins Classic', '2470000.00', 'Ea architecto dolores labore quaerat molestias et cumque.', 'Ad sit porro fuga aut molestias id ab. Ipsum provident quae nulla ea doloribus. Qui est repudiandae fugiat impedit. Neque fugiat fuga exercitationem ipsa vel aspernatur amet.\n\nHarum ut id explicabo. Sapiente animi eius quia enim quia sit culpa. Consequuntur dolorum officiis et nostrum fugiat voluptates nesciunt. Qui voluptatibus cumque distinctio assumenda.\n\nMagni ipsum mollitia id perferendis. Et quae et eaque voluptas quidem laboriosam. Veniam eum adipisci nemo dolorum. Soluta autem recusandae enim et quaerat dolore. Non consequatur odit praesentium blanditiis fuga.', 'products/product24.jpeg', 25, 40, 'active', 2910, '2025-04-03 14:46:31', '2025-04-03 14:46:31'),
(18, 'Torp, Cronin and Wiegand Sport', '4530000.00', 'Ipsam modi voluptate omnis consequatur et occaecati omnis.', 'Ad nihil numquam aliquam velit corrupti dolor. Iure soluta minima alias est suscipit quia. Sequi explicabo eaque possimus doloribus.\n\nEius sed facilis commodi totam. Delectus id laudantium totam consequatur et quia alias. Amet ab expedita ipsum. Odio ut repellat amet voluptates quos voluptatem. Voluptas officiis similique neque et voluptatem.\n\nQui sequi dolorem tempora maiores assumenda perferendis. Nihil est vitae et ab. Aut dolore rerum et quod nam cum sint.', 'products/product9.jpeg', 15, 13, 'active', 4510, '2025-04-03 14:46:31', '2025-04-03 14:46:31'),
(19, 'Stokes Inc Vintage', '2230000.00', 'Alias sed qui excepturi.', 'Ea aliquid aliquam vel molestiae neque nesciunt sed. Voluptatibus architecto officiis harum ad. Consequatur aperiam quia alias quas. Optio vel sunt quidem facilis quod.\n\nQuis autem quia numquam nulla eligendi rerum. Pariatur optio rerum perspiciatis. Eos laudantium omnis est perferendis labore. Quaerat illum vel omnis reprehenderit eos distinctio ut.\n\nVoluptas libero consequuntur esse dicta eaque voluptate occaecati debitis. Amet omnis assumenda voluptatem iste nihil totam. Hic aut quis facere non quis cum. Cupiditate facere ipsa mollitia cum quo placeat.', 'products/product33.jpeg', 7, 14, 'inactive', 780, '2025-04-03 14:46:31', '2025-04-03 14:46:31'),
(20, 'Sanford, Kunde and Russel Classic', '3220000.00', 'Non voluptas ut velit dolore quo ratione dolores saepe.', 'Iste consectetur aliquid ex ut in delectus. Commodi quis quia et et iste qui dignissimos. Enim tenetur ducimus saepe quia.\n\nInventore doloribus suscipit quisquam nam. Et ut debitis facere laboriosam. Sed in voluptatem amet est libero quasi. Veniam ut rerum ut ab minus magnam.\n\nAnimi eos culpa pariatur asperiores eaque est sequi. Et numquam vero aspernatur ut temporibus eligendi illo. Excepturi inventore corporis incidunt unde perspiciatis ut et magni.', 'products/product30.jpeg', 14, 30, 'out_of_stock', 2490, '2025-04-03 14:46:31', '2025-04-03 14:46:31'),
(21, 'Mann, Pfannerstill and Nienow Classic', '4960000.00', 'Quo qui repellat fugiat laboriosam quia.', 'Quis deserunt vitae dolores rem velit nostrum. Error enim reiciendis aut quia. Esse voluptas commodi ipsa similique dignissimos. Libero consequatur deserunt nam qui eum fuga sunt iure.\n\nIusto minus quos facere aut neque optio ratione. Esse temporibus omnis officia exercitationem. Quod veniam voluptas officiis dolore et voluptas. Est perferendis illo repudiandae velit quidem quasi itaque facilis.\n\nQuia dolore sunt maxime reiciendis rerum. Molestiae maxime animi rerum quibusdam non. Dolores fuga aut laboriosam autem. Delectus explicabo quia dolor quae dolor aut ex amet.', 'products/product17.jpeg', 27, 34, 'active', 3470, '2025-04-03 14:46:31', '2025-04-03 14:46:31'),
(22, 'Olson, Lind and Blick Sport', '3220000.00', 'Et dignissimos qui quia fugiat.', 'Quos rerum officiis numquam enim illum occaecati. Veritatis aut mollitia sunt dicta sit consequatur. Qui voluptatem ut sequi accusantium quo reprehenderit accusantium vel. Ipsam animi esse est aperiam expedita.\n\nMolestiae placeat nisi nostrum quo exercitationem reiciendis temporibus repellendus. Sed qui aut qui ea eligendi alias. Quo aut consequatur minus quasi voluptate.\n\nTempora dolore et perferendis aut facere. Eveniet qui sunt deserunt eveniet nam repellendus dolorum. Quaerat sapiente sed sit. Ea vel architecto id in voluptates ratione.', 'products/product24.jpeg', 11, 34, 'out_of_stock', 3330, '2025-04-03 14:46:31', '2025-04-03 14:46:31'),
(23, 'Kunde-Hayes Smart', '1280000.00', 'Quas officiis quibusdam repellat ipsam modi consequatur nesciunt minus.', 'Cum doloribus libero quia suscipit quis illo neque. Est et sed molestias dolorum error dolores. Temporibus quia architecto mollitia provident. Alias quis et et molestiae nisi soluta dolores.\n\nQuo officia delectus expedita reiciendis libero officiis omnis odit. Dicta repellat et quod labore provident ratione aut. Culpa sint iusto est aliquid.\n\nDolorum eveniet rerum nihil suscipit aut rerum iste. Aut a dolore cumque dicta quia nisi voluptatem aperiam. Odio molestiae eligendi accusamus architecto sapiente aperiam veniam minus. Aliquid rerum enim placeat similique numquam.', 'products/product13.jpeg', 15, 17, 'out_of_stock', 3140, '2025-04-03 14:46:31', '2025-04-03 14:46:31'),
(24, 'Yundt-Wolf Vintage', '4180000.00', 'Perferendis laborum ut et molestias cupiditate qui qui.', 'Non voluptatem expedita voluptas amet. Et quaerat recusandae adipisci dicta. Delectus aut aperiam facilis qui. Non dolore enim molestias eveniet harum sint illum.\n\nLaboriosam asperiores fuga eligendi sunt maxime placeat. Suscipit deserunt non architecto error autem dolor. Placeat tenetur ut omnis sint magnam et neque.\n\nUt non explicabo ab quo voluptas. Est suscipit eos nesciunt vitae. Iste voluptas autem adipisci unde distinctio magni. Aut exercitationem magni labore.', 'products/product17.jpeg', 6, 11, 'inactive', 2740, '2025-04-03 14:46:31', '2025-04-03 14:46:31'),
(25, 'Casper, Dibbert and Windler Sport', '2060000.00', 'Dolor qui consectetur ut dolores enim molestiae non maxime.', 'Harum voluptatum porro quia fugit sequi quos. Ut minus voluptate nihil. Porro doloribus omnis odio facilis deleniti qui necessitatibus.\n\nNatus sit non saepe fuga. Odit voluptate dignissimos impedit fugiat et. Non ut et optio temporibus. Possimus possimus dolores delectus aspernatur maxime.\n\nCorporis inventore dolor fugit at asperiores aut eligendi. Iste neque reprehenderit ea dignissimos corporis doloribus. Debitis qui magnam fuga.', 'products/product28.jpeg', 16, 25, 'active', 550, '2025-04-03 14:46:31', '2025-04-03 14:46:31'),
(26, 'Hettinger, O\'Reilly and Medhurst Luxury', '4340000.00', 'Sed animi aliquid nemo quis alias natus.', 'Sed laborum eum quibusdam dolor. Ad optio sunt doloremque. Soluta aut repellendus officiis et enim ipsum eligendi. Ipsum aut blanditiis et quaerat quaerat debitis.\n\nReiciendis ullam rerum ad sed. Odit ipsum cupiditate velit. Placeat non maiores cum et repellendus voluptate. Rerum molestiae numquam minus dignissimos.\n\nQuam quisquam praesentium dignissimos enim dignissimos a. Deserunt in unde quod inventore accusamus. Ratione voluptatibus omnis sed nihil vel eaque non. Quidem sit magni fugit quia id fugiat ad suscipit.', 'products/product16.jpeg', 10, 15, 'inactive', 680, '2025-04-03 14:46:31', '2025-04-03 14:46:31'),
(28, 'Schuster, Wilderman and Boyle Classic', '4240000.00', 'Quis voluptatem esse est aliquam nesciunt veritatis.', 'Eius libero quibusdam odio doloribus. Non voluptas dolor veniam labore temporibus qui odit. Reprehenderit ut occaecati voluptas quisquam ullam.\n\nEum qui voluptates debitis quaerat. Deserunt soluta dolores sint laudantium. Ut praesentium optio veniam harum reprehenderit velit laborum.\n\nPraesentium rem sit dolore illum. In sequi aut incidunt quo. Doloremque aut non cum reprehenderit et quos. Veniam eligendi fugiat porro quia autem sint quia hic.', 'products/product20.jpeg', 18, 21, 'active', 2430, '2025-04-03 14:46:31', '2025-04-03 14:46:31'),
(29, 'Bartoletti Inc Classic', '720000.00', 'Officia sunt voluptates ex eos.', 'Quisquam ea exercitationem eos quod asperiores nam inventore. Assumenda officia beatae repellendus et pariatur aut non. Est explicabo aut ipsum voluptatem aut totam laboriosam. Alias id ut optio.\n\nOfficiis ut quo est. Est voluptas sit molestias. Et sint sed occaecati.\n\nVoluptatem accusamus recusandae ullam rerum optio vel. Molestias inventore reiciendis consequatur dolor quaerat. Asperiores inventore modi quia porro pariatur nam. Soluta quia odio odio quia mollitia quos. Quia et et dolor dicta magnam voluptate.', 'products/product18.jpeg', 21, 20, 'out_of_stock', 4450, '2025-04-03 14:46:31', '2025-04-03 14:46:31'),
(30, 'Lehner, Bayer and Stanton Sport', '4630000.00', 'Sed ratione possimus accusantium quis porro id.', 'Ut voluptatem dolorem incidunt sapiente omnis alias voluptatem. Eos corrupti qui ut laboriosam. Et quo velit rerum ea.\n\nNecessitatibus quo qui eum. Optio nobis quos ea sed eos.\n\nEa laborum doloremque nulla numquam accusamus iure harum. Et iste suscipit assumenda cumque ut exercitationem. Molestiae eveniet magni sit qui quia. Et quod possimus odio nobis in alias minus.', 'products/product4.jpeg', 25, 36, 'out_of_stock', 3770, '2025-04-03 14:46:31', '2025-04-03 14:46:31'),
(31, 'Jerde Group Smart', '2640000.00', 'Debitis adipisci enim saepe.', 'Expedita error asperiores ab ipsam. Velit rem corrupti autem animi pariatur ut.\n\nVoluptatum omnis tempore sed animi aut id necessitatibus. Nisi voluptatem qui ipsum non. Consequuntur quaerat neque est possimus. Eveniet aut consequuntur ipsam animi.\n\nHic eaque non nostrum quo illo rerum. Neque quod ex vitae quisquam ratione. Earum et expedita qui ipsum incidunt aut officiis. Eos consequuntur vero quisquam.', 'products/product20.jpeg', 22, 19, 'active', 610, '2025-04-03 14:46:31', '2025-04-03 14:46:31'),
(32, 'Kshlerin-Brekke Vintage', '2920000.00', 'Excepturi voluptate quos error atque.', 'At consequatur nostrum reprehenderit sint et rerum nam. Quo incidunt sapiente dolores reiciendis hic qui impedit perspiciatis. Et amet in et et ducimus tempora. Natus aut qui rerum.\n\nUt non enim ea aliquam ducimus. Qui et occaecati temporibus quo et. Sequi dolor et suscipit inventore. Eveniet eveniet incidunt quidem neque eos.\n\nPerferendis consequatur sunt ut consequatur consequuntur. Voluptas dolorem cupiditate non voluptatem dolor ut. Quos magnam quo nisi illum accusantium cumque. Nam molestias et ut et numquam ad quo quos.', 'products/product27.jpeg', 23, 15, 'out_of_stock', 1590, '2025-04-03 14:46:31', '2025-04-03 14:46:31'),
(33, 'Sporer, Donnelly and Bednar Classic', '880000.00', 'Ut assumenda et in velit aut est voluptate.', 'Quaerat facilis atque deleniti laborum dolorem quae ut. Nisi itaque et in asperiores. Quia qui deleniti voluptatem soluta ullam aut aut.\n\nAssumenda facilis unde minus corporis. Asperiores perferendis quibusdam consequuntur et rerum quos. Sequi porro commodi vero velit. Aut architecto placeat sed quasi ut accusamus. Sed est molestiae rem aut inventore tempora et.\n\nDolores sunt molestias fugit qui temporibus id occaecati. Et autem voluptatem commodi esse cumque omnis et.', 'products/product9.jpeg', 11, 37, 'active', 1110, '2025-04-03 14:46:31', '2025-04-03 14:46:31'),
(34, 'Daniel-Sauer Luxury', '2070000.00', 'Voluptate tempora laborum numquam libero.', 'Aperiam amet quaerat quia amet dignissimos dolor. Pariatur odio atque accusantium aliquam commodi sint. Quia commodi et iusto et est.\n\nNon non dicta magni soluta voluptate deserunt non. Iste hic quam nostrum delectus. Culpa aliquam dolores fugiat sit quia magnam. Quod nihil rerum amet repellendus rem ipsa. Voluptatibus earum est voluptatem iste.\n\nSint est deserunt maxime officiis impedit. Eaque non velit aut eos rerum ut earum. Aliquam officiis soluta quo mollitia.', 'products/product16.jpeg', 8, 30, 'inactive', 4520, '2025-04-03 14:46:31', '2025-04-03 14:46:31'),
(35, 'Johnston, Bradtke and D\'Amore Luxury', '3190000.00', 'Ea autem exercitationem asperiores enim.', 'Et sint suscipit impedit illo ipsa et. Quaerat et aliquid vero qui adipisci quisquam. Qui dolorem repellat consequatur earum error.\n\nDolorum aut hic reprehenderit voluptas aut nihil saepe. Error consectetur ab tenetur perferendis nostrum. Et et rerum optio in voluptatum ut debitis. Qui fuga ullam odio.\n\nNulla libero perspiciatis nesciunt in. Amet quam sunt quia nesciunt in enim. Et incidunt excepturi laborum rerum impedit. Excepturi enim sint perferendis excepturi.', 'products/product25.jpeg', 11, 34, 'inactive', 3950, '2025-04-03 14:46:31', '2025-04-03 14:46:31'),
(36, 'Flatley-O\'Kon Luxury', '3820000.00', 'Enim quibusdam eveniet voluptas hic.', 'Quis aperiam eum fugit dolores officia veniam. Et ipsa est consequuntur quia neque. Sint nostrum illum eum deleniti aspernatur aut omnis ea. Aut harum cupiditate blanditiis mollitia dolores eum. Nobis et unde ex voluptates adipisci et eaque dolor.\n\nQui non est quisquam quaerat aspernatur praesentium tenetur. Voluptas odio consequatur officiis alias. Nisi atque officiis velit quo.\n\nAmet voluptate molestiae illo optio officiis expedita. Aut eius non corrupti eum est aut et. Quas reprehenderit omnis culpa exercitationem. Beatae sint error est reiciendis.', 'products/product34.jpeg', 9, 35, 'out_of_stock', 3600, '2025-04-03 14:46:31', '2025-04-03 14:46:31'),
(37, 'Wuckert Group Luxury', '2340000.00', 'Sunt reprehenderit et commodi explicabo aut eos quasi.', 'Odio reprehenderit eos atque et tempora error. Totam iure dicta beatae provident. Sapiente quos beatae illo iure fuga.\n\nDucimus natus est voluptatem commodi amet tenetur. Et cum doloremque temporibus quia ut adipisci culpa. Quia aut rerum aut eaque.\n\nVel nihil eos ab nostrum natus. Aut voluptatem veniam quis ea modi dolorem a. Totam velit minus id officiis impedit. Placeat dolorum quis ut illum voluptatem incidunt perferendis nulla.', 'products/product34.jpeg', 14, 18, 'out_of_stock', 4820, '2025-04-03 14:46:31', '2025-04-03 14:46:31'),
(38, 'Thiel-Frami Vintage', '500000.00', 'Numquam explicabo possimus et est est maiores est.', 'Maiores quo eligendi velit et quas. Sunt vero nostrum doloribus sunt autem a velit. Sunt reprehenderit enim est aspernatur dolor. Aspernatur maiores ipsum nemo sequi eum accusamus expedita.\n\nHic perferendis fuga repudiandae eos quam harum recusandae. Sint nihil fugiat corporis. In consequatur tenetur magnam consequatur ut amet repellat.\n\nEum saepe fugiat et sunt fugiat nesciunt. Non laboriosam in repellat nisi est iste aut. Explicabo accusantium omnis aut deleniti aperiam dicta quas. Aut in sequi fuga repellat sed tempora.', 'products/product7.jpeg', 7, 23, 'out_of_stock', 3500, '2025-04-03 14:46:31', '2025-04-03 14:46:31'),
(39, 'Cummings Ltd Vintage', '330000.00', 'Sit aperiam labore reprehenderit quis praesentium sed aut.', 'Voluptas unde rerum tempora in ducimus rem aut. Autem eos labore repudiandae accusamus odio aut harum.\n\nEos ea fuga et quaerat. Sit qui laborum ut odio. Est vel qui illo. Accusamus magnam enim est est.\n\nAut eligendi placeat pariatur ea vel at laborum. Neque eum cupiditate eius vel aliquid dolorem architecto. Quisquam officiis quisquam consequatur minus.', 'products/product25.jpeg', 26, 15, 'active', 4870, '2025-04-03 14:46:31', '2025-04-03 14:46:31'),
(40, 'White-Stroman Classic', '4640000.00', 'Nesciunt qui rem est earum sapiente voluptatem et.', 'Repellat enim accusamus pariatur omnis labore illum. Qui porro numquam itaque. Repudiandae vitae ipsam consequuntur.\n\nMaiores culpa cupiditate hic ut. Numquam placeat eum earum ipsam in. Distinctio assumenda non distinctio sed sint laboriosam. Laboriosam velit modi cumque aut.\n\nTempora fugiat qui adipisci et autem impedit veniam totam. Perferendis explicabo nesciunt itaque et sunt. Nesciunt eos eos reprehenderit illum molestias. Rerum maxime est ipsam iste sint.', 'products/product23.jpeg', 18, 23, 'out_of_stock', 3770, '2025-04-03 14:46:31', '2025-04-03 14:46:31'),
(41, 'Barrows LLC Sport', '3400000.00', 'Non est iusto voluptatem quo illo.', 'Vel placeat omnis hic ullam. Quo quis ipsa dolorem porro nisi. Explicabo voluptatem error velit quia.\n\nUt eveniet excepturi saepe. Perferendis id in explicabo omnis tempore consequuntur dolor. Ipsa qui commodi itaque et laboriosam. Doloremque ut sunt aut recusandae modi consequatur.\n\nEt ut impedit est quibusdam dolor dolor. Ab et dolorum debitis est. Molestiae exercitationem repudiandae cumque et ullam non.', 'products/product10.jpeg', 16, 19, 'inactive', 3640, '2025-04-03 14:46:31', '2025-04-03 14:46:31'),
(42, 'McKenzie-Bailey Smart', '4450000.00', 'Dolores qui aut iste sit quasi molestias id.', 'Voluptatem dolores at omnis optio corrupti id. Praesentium sunt dicta aut illo modi voluptatem quisquam. Dolor voluptatem et ad cum ut voluptatibus voluptates. Illo laborum et est modi facere quisquam quia.\n\nEt odio aspernatur adipisci fuga molestiae. Porro corporis porro sit dicta tenetur. Reprehenderit ducimus eos ipsam eligendi et recusandae. Non est omnis quo ducimus atque eius deleniti. Libero rem quam in cupiditate quia inventore.\n\nQuia sint a magni ab voluptatem autem quia id. Deleniti corporis consequatur pariatur assumenda ipsa nulla. Repudiandae unde fugit debitis vel vel quis exercitationem. Numquam aliquam consequatur harum reiciendis est mollitia.', 'products/product31.jpeg', 15, 26, 'active', 1550, '2025-04-03 14:46:31', '2025-04-03 14:46:31'),
(43, 'Kessler-Koepp Classic', '2360000.00', 'Eum et est voluptatibus ut magnam sunt nulla.', 'Dicta sequi odit ut sunt. Alias deleniti ut voluptate veniam corporis numquam.\n\nVoluptatum ex consequatur vel. Delectus et perferendis saepe ipsa iusto error corporis. Et qui deleniti error aspernatur necessitatibus vitae. Optio ex quod nisi. Laborum sit repellat suscipit est placeat.\n\nRepellendus ipsam et deserunt blanditiis. Voluptatibus dolor necessitatibus praesentium. Harum nisi voluptatibus natus nihil debitis eius aliquam et. Quia natus nostrum accusantium.', 'products/product22.jpeg', 24, 40, 'out_of_stock', 4620, '2025-04-03 14:46:31', '2025-04-03 14:46:31'),
(44, 'Fritsch-Klein Smart', '2040000.00', 'Fugiat pariatur autem ea maiores aut.', 'At iure ea in quia repellendus. Ullam sint eaque sunt voluptatem necessitatibus aut repellat. Eligendi ducimus sed quo saepe illum eos. Non quo est ipsam eveniet.\n\nDebitis qui necessitatibus est est eum aperiam in. Perferendis deserunt quos eligendi qui culpa perferendis. Ducimus quisquam sunt et dolor. Aut molestias esse aut.\n\nExpedita quae ducimus illo minima aut nesciunt incidunt. Vel iure voluptas vitae quae hic enim cumque. Omnis est assumenda eveniet. Ipsa cum et possimus et iste. Ea necessitatibus officiis quo.', 'products/product27.jpeg', 12, 26, 'active', 4520, '2025-04-03 14:46:31', '2025-04-03 14:46:31'),
(45, 'Lesch-Pfannerstill Luxury', '980000.00', 'Officia illum sit qui praesentium.', 'Nobis quos et molestiae nostrum. Nihil quisquam aut eveniet est quia recusandae. Vero voluptatibus error corporis eius.\n\nOccaecati illo voluptatem nemo molestiae laboriosam. At quia dolorem nihil praesentium. Non nostrum omnis quasi voluptatem in alias.\n\nError perspiciatis dolores fugiat aspernatur quia eum omnis eaque. Totam voluptas et veritatis alias. Pariatur praesentium quos sed aperiam. At iure non nulla et enim sint distinctio perspiciatis.', 'products/product29.jpeg', 25, 26, 'out_of_stock', 1550, '2025-04-03 14:46:31', '2025-04-03 14:46:31'),
(46, 'Dicki and Sons Smart', '1740000.00', 'Ducimus fugit enim aut dolorem dolorum quos quibusdam.', 'Accusamus architecto aut tempore. Voluptatem eius aperiam et atque rem quasi nam. Expedita ullam quo ut distinctio consequatur commodi quia.\n\nAccusantium nisi ullam autem maiores consequatur. Rerum ex eligendi quidem. Eaque est consequatur omnis. Ut impedit deserunt ad in et asperiores eum.\n\nMolestiae quaerat rerum ex corrupti ut. Error aut est qui autem. Dicta eos quasi et doloribus sunt. Accusamus maxime reprehenderit recusandae non aut labore consequatur.', 'products/product9.jpeg', 18, 40, 'inactive', 2930, '2025-04-03 14:46:31', '2025-04-03 14:46:31'),
(47, 'Marvin-King Smart', '3800000.00', 'Eos quae voluptas qui suscipit.', 'Incidunt adipisci eveniet aspernatur at quis. Voluptatem commodi totam non. A consectetur in sit nam.\n\nEt accusantium corporis fugiat. Repellendus soluta inventore commodi dicta sed autem.\n\nEos voluptatem est enim cumque nostrum eos voluptatum. Aut et quas quia dolores recusandae. Illum fugiat excepturi id maxime molestiae reprehenderit. Mollitia sed ut tenetur laboriosam est qui quia.', 'products/product15.jpeg', 26, 12, 'active', 1590, '2025-04-03 14:46:31', '2025-04-03 14:46:31'),
(48, 'Legros, Heller and Connelly Smart', '3540000.00', 'Natus deserunt modi enim perspiciatis.', 'Molestias porro atque similique eveniet mollitia. Et pariatur quidem et cum incidunt nobis. Sed voluptatem autem veniam reiciendis maxime. Expedita corrupti ad voluptas quis numquam.\n\nAut qui laboriosam temporibus corporis cum eos minus. Nihil ipsa explicabo ab voluptatem. Harum aut hic expedita pariatur non ad. Et eaque exercitationem et porro nam.\n\nIure commodi libero alias ut nobis consequatur. Officiis nisi est quia officia. Sed odit quas aut perspiciatis repellat. Et dolores fugiat cupiditate quos quis sit quaerat.', 'products/product23.jpeg', 21, 14, 'active', 2190, '2025-04-03 14:46:31', '2025-04-03 14:46:31'),
(49, 'Sản phẩm 1', '22222222.00', 'mô tả ngắn', '<p>mô tả&nbsp;</p>', 'products/1743853485_67f117ad4f5c0.jpg', 12, 11, 'active', 0, '2025-04-05 11:45:08', '2025-04-05 11:45:08'),
(50, 'sản phẩm mới', '2000000.00', 'mô tả', '<p>mô tả đầy đủ</p>', 'products/1744038105_67f3e8d996b18.jpg', 1, 13, 'active', 0, '2025-04-07 15:00:50', '2025-04-07 15:01:49');

-- --------------------------------------------------------

--
-- Table structure for table `product_has_attributes`
--

CREATE TABLE `product_has_attributes` (
  `id` bigint UNSIGNED NOT NULL,
  `product_id` bigint UNSIGNED NOT NULL,
  `attribute_id` bigint UNSIGNED NOT NULL,
  `created_at` timestamp NULL DEFAULT NULL,
  `updated_at` timestamp NULL DEFAULT NULL
) ENGINE=InnoDB DEFAULT CHARSET=utf8mb4 COLLATE=utf8mb4_unicode_ci;

--
-- Dumping data for table `product_has_attributes`
--

INSERT INTO `product_has_attributes` (`id`, `product_id`, `attribute_id`, `created_at`, `updated_at`) VALUES
(3, 2, 1, '2025-04-03 14:46:31', '2025-04-03 14:46:31'),
(4, 2, 2, '2025-04-03 14:46:31', '2025-04-03 14:46:31'),
(5, 3, 5, '2025-04-03 14:46:31', '2025-04-03 14:46:31'),
(6, 3, 4, '2025-04-03 14:46:31', '2025-04-03 14:46:31'),
(7, 4, 3, '2025-04-03 14:46:31', '2025-04-03 14:46:31'),
(8, 4, 1, '2025-04-03 14:46:31', '2025-04-03 14:46:31'),
(9, 5, 4, '2025-04-03 14:46:31', '2025-04-03 14:46:31'),
(10, 5, 6, '2025-04-03 14:46:31', '2025-04-03 14:46:31'),
(11, 6, 5, '2025-04-03 14:46:31', '2025-04-03 14:46:31'),
(12, 6, 3, '2025-04-03 14:46:31', '2025-04-03 14:46:31'),
(13, 7, 4, '2025-04-03 14:46:31', '2025-04-03 14:46:31'),
(14, 7, 2, '2025-04-03 14:46:31', '2025-04-03 14:46:31'),
(15, 8, 1, '2025-04-03 14:46:31', '2025-04-03 14:46:31'),
(16, 8, 5, '2025-04-03 14:46:31', '2025-04-03 14:46:31'),
(17, 9, 1, '2025-04-03 14:46:31', '2025-04-03 14:46:31'),
(18, 9, 5, '2025-04-03 14:46:31', '2025-04-03 14:46:31'),
(19, 10, 6, '2025-04-03 14:46:31', '2025-04-03 14:46:31'),
(20, 10, 1, '2025-04-03 14:46:31', '2025-04-03 14:46:31'),
(21, 11, 6, '2025-04-03 14:46:31', '2025-04-03 14:46:31'),
(22, 11, 4, '2025-04-03 14:46:31', '2025-04-03 14:46:31'),
(23, 12, 6, '2025-04-03 14:46:31', '2025-04-03 14:46:31'),
(24, 12, 4, '2025-04-03 14:46:31', '2025-04-03 14:46:31'),
(25, 13, 4, '2025-04-03 14:46:31', '2025-04-03 14:46:31'),
(26, 13, 6, '2025-04-03 14:46:31', '2025-04-03 14:46:31'),
(27, 14, 1, '2025-04-03 14:46:31', '2025-04-03 14:46:31'),
(28, 14, 5, '2025-04-03 14:46:31', '2025-04-03 14:46:31'),
(29, 15, 2, '2025-04-03 14:46:31', '2025-04-03 14:46:31'),
(30, 15, 3, '2025-04-03 14:46:31', '2025-04-03 14:46:31'),
(31, 16, 2, '2025-04-03 14:46:31', '2025-04-03 14:46:31'),
(32, 16, 1, '2025-04-03 14:46:31', '2025-04-03 14:46:31'),
(33, 17, 4, '2025-04-03 14:46:31', '2025-04-03 14:46:31'),
(34, 17, 1, '2025-04-03 14:46:31', '2025-04-03 14:46:31'),
(35, 18, 5, '2025-04-03 14:46:31', '2025-04-03 14:46:31'),
(36, 18, 3, '2025-04-03 14:46:31', '2025-04-03 14:46:31'),
(37, 19, 6, '2025-04-03 14:46:31', '2025-04-03 14:46:31'),
(38, 19, 5, '2025-04-03 14:46:31', '2025-04-03 14:46:31'),
(39, 20, 4, '2025-04-03 14:46:31', '2025-04-03 14:46:31'),
(40, 20, 6, '2025-04-03 14:46:31', '2025-04-03 14:46:31'),
(41, 21, 2, '2025-04-03 14:46:31', '2025-04-03 14:46:31'),
(42, 21, 5, '2025-04-03 14:46:31', '2025-04-03 14:46:31'),
(43, 22, 1, '2025-04-03 14:46:31', '2025-04-03 14:46:31'),
(44, 22, 6, '2025-04-03 14:46:31', '2025-04-03 14:46:31'),
(45, 23, 3, '2025-04-03 14:46:31', '2025-04-03 14:46:31'),
(46, 23, 6, '2025-04-03 14:46:31', '2025-04-03 14:46:31'),
(47, 24, 5, '2025-04-03 14:46:32', '2025-04-03 14:46:32'),
(48, 24, 6, '2025-04-03 14:46:32', '2025-04-03 14:46:32'),
(49, 25, 3, '2025-04-03 14:46:32', '2025-04-03 14:46:32'),
(50, 25, 1, '2025-04-03 14:46:32', '2025-04-03 14:46:32'),
(51, 26, 5, '2025-04-03 14:46:32', '2025-04-03 14:46:32'),
(52, 26, 1, '2025-04-03 14:46:32', '2025-04-03 14:46:32'),
(55, 28, 1, '2025-04-03 14:46:32', '2025-04-03 14:46:32'),
(56, 28, 6, '2025-04-03 14:46:32', '2025-04-03 14:46:32'),
(57, 29, 1, '2025-04-03 14:46:32', '2025-04-03 14:46:32'),
(58, 29, 6, '2025-04-03 14:46:32', '2025-04-03 14:46:32'),
(59, 30, 5, '2025-04-03 14:46:32', '2025-04-03 14:46:32'),
(60, 30, 4, '2025-04-03 14:46:32', '2025-04-03 14:46:32'),
(61, 31, 6, '2025-04-03 14:46:32', '2025-04-03 14:46:32'),
(62, 31, 5, '2025-04-03 14:46:32', '2025-04-03 14:46:32'),
(63, 32, 5, '2025-04-03 14:46:32', '2025-04-03 14:46:32'),
(64, 32, 2, '2025-04-03 14:46:32', '2025-04-03 14:46:32'),
(65, 33, 6, '2025-04-03 14:46:32', '2025-04-03 14:46:32'),
(66, 33, 2, '2025-04-03 14:46:32', '2025-04-03 14:46:32'),
(67, 34, 1, '2025-04-03 14:46:32', '2025-04-03 14:46:32'),
(68, 34, 2, '2025-04-03 14:46:32', '2025-04-03 14:46:32'),
(69, 35, 4, '2025-04-03 14:46:32', '2025-04-03 14:46:32'),
(70, 35, 2, '2025-04-03 14:46:32', '2025-04-03 14:46:32'),
(71, 36, 5, '2025-04-03 14:46:32', '2025-04-03 14:46:32'),
(72, 36, 6, '2025-04-03 14:46:32', '2025-04-03 14:46:32'),
(73, 37, 4, '2025-04-03 14:46:32', '2025-04-03 14:46:32'),
(74, 37, 1, '2025-04-03 14:46:32', '2025-04-03 14:46:32'),
(75, 38, 5, '2025-04-03 14:46:32', '2025-04-03 14:46:32'),
(76, 38, 4, '2025-04-03 14:46:32', '2025-04-03 14:46:32'),
(77, 39, 1, '2025-04-03 14:46:32', '2025-04-03 14:46:32'),
(78, 39, 5, '2025-04-03 14:46:32', '2025-04-03 14:46:32'),
(79, 40, 1, '2025-04-03 14:46:33', '2025-04-03 14:46:33'),
(80, 40, 3, '2025-04-03 14:46:33', '2025-04-03 14:46:33'),
(81, 41, 1, '2025-04-03 14:46:33', '2025-04-03 14:46:33'),
(82, 41, 4, '2025-04-03 14:46:33', '2025-04-03 14:46:33'),
(83, 42, 1, '2025-04-03 14:46:33', '2025-04-03 14:46:33'),
(84, 42, 5, '2025-04-03 14:46:33', '2025-04-03 14:46:33'),
(85, 43, 6, '2025-04-03 14:46:33', '2025-04-03 14:46:33'),
(86, 43, 4, '2025-04-03 14:46:33', '2025-04-03 14:46:33'),
(87, 44, 4, '2025-04-03 14:46:33', '2025-04-03 14:46:33'),
(88, 44, 2, '2025-04-03 14:46:33', '2025-04-03 14:46:33'),
(89, 45, 3, '2025-04-03 14:46:33', '2025-04-03 14:46:33'),
(90, 45, 6, '2025-04-03 14:46:33', '2025-04-03 14:46:33'),
(91, 46, 2, '2025-04-03 14:46:33', '2025-04-03 14:46:33'),
(92, 46, 3, '2025-04-03 14:46:33', '2025-04-03 14:46:33'),
(93, 47, 4, '2025-04-03 14:46:33', '2025-04-03 14:46:33'),
(94, 47, 1, '2025-04-03 14:46:33', '2025-04-03 14:46:33'),
(95, 48, 1, '2025-04-03 14:46:33', '2025-04-03 14:46:33'),
(96, 48, 4, '2025-04-03 14:46:33', '2025-04-03 14:46:33'),
(97, 49, 1, '2025-04-05 11:45:08', '2025-04-05 11:45:08'),
(98, 49, 3, '2025-04-05 11:45:08', '2025-04-05 11:45:08'),
(99, 49, 6, '2025-04-05 11:45:08', '2025-04-05 11:45:08'),
(100, 50, 2, '2025-04-07 15:00:50', '2025-04-07 15:00:50'),
(101, 50, 4, '2025-04-07 15:00:50', '2025-04-07 15:00:50');

-- --------------------------------------------------------

--
-- Table structure for table `product_variants`
--

CREATE TABLE `product_variants` (
  `id` bigint UNSIGNED NOT NULL,
  `product_id` bigint UNSIGNED NOT NULL,
  `sku` varchar(100) COLLATE utf8mb4_unicode_ci NOT NULL,
  `price` decimal(10,2) NOT NULL,
  `stock` int NOT NULL DEFAULT '0',
  `status` enum('in_stock','out_of_stock','pre_order') COLLATE utf8mb4_unicode_ci DEFAULT 'in_stock',
  `image` varchar(255) COLLATE utf8mb4_unicode_ci DEFAULT NULL,
  `created_at` timestamp NULL DEFAULT NULL,
  `updated_at` timestamp NULL DEFAULT NULL
) ENGINE=InnoDB DEFAULT CHARSET=utf8mb4 COLLATE=utf8mb4_unicode_ci;

--
-- Dumping data for table `product_variants`
--

INSERT INTO `product_variants` (`id`, `product_id`, `sku`, `price`, `stock`, `status`, `image`, `created_at`, `updated_at`) VALUES
(6, 2, 'SKU-2-3-6', '500000.00', 5, 'in_stock', 'products/product34.jpeg', '2025-04-03 14:46:31', '2025-04-07 14:59:05'),
(7, 2, 'SKU-2-2-4', '720000.00', 13, 'in_stock', 'products/product5.jpeg', '2025-04-03 14:46:31', '2025-04-07 14:59:05'),
(8, 2, 'SKU-2-2-5', '740000.00', 5, 'in_stock', 'products/product20.jpeg', '2025-04-03 14:46:31', '2025-04-07 14:59:05'),
(9, 2, 'SKU-2-1-4', '340000.00', 15, 'in_stock', 'products/product11.jpeg', '2025-04-03 14:46:31', '2025-04-07 14:59:05'),
(10, 2, 'SKU-2-1-6', '430000.00', 17, 'in_stock', 'products/product19.jpeg', '2025-04-03 14:46:31', '2025-04-07 14:59:05'),
(11, 3, 'SKU-3-11-15', '1100000.00', 13, 'in_stock', 'products/product36.jpeg', '2025-04-03 14:46:31', '2025-04-03 14:46:31'),
(12, 3, 'SKU-3-11-13', '1100000.00', 11, 'in_stock', 'products/product4.jpeg', '2025-04-03 14:46:31', '2025-04-07 14:34:52'),
(13, 3, 'SKU-3-12-13', '1360000.00', 14, 'in_stock', 'products/product28.jpeg', '2025-04-03 14:46:31', '2025-04-03 14:46:31'),
(14, 3, 'SKU-3-10-14', '1160000.00', 14, 'in_stock', 'products/product13.jpeg', '2025-04-03 14:46:31', '2025-04-03 14:46:31'),
(15, 3, 'SKU-3-12-15', '1060000.00', 20, 'in_stock', 'products/product19.jpeg', '2025-04-03 14:46:31', '2025-04-03 14:46:31'),
(16, 4, 'SKU-4-2-7', '2120000.00', 15, 'in_stock', 'products/product11.jpeg', '2025-04-03 14:46:31', '2025-04-03 14:46:31'),
(17, 4, 'SKU-4-3-8', '2300000.00', 10, 'in_stock', 'products/product28.jpeg', '2025-04-03 14:46:31', '2025-04-03 14:46:31'),
(18, 4, 'SKU-4-3-7', '1920000.00', 9, 'in_stock', 'products/product20.jpeg', '2025-04-03 14:46:31', '2025-04-03 14:46:31'),
(19, 4, 'SKU-4-1-8', '1940000.00', 7, 'in_stock', 'products/product8.jpeg', '2025-04-03 14:46:31', '2025-04-03 14:46:31'),
(20, 4, 'SKU-4-3-9', '2140000.00', 19, 'in_stock', 'products/product4.jpeg', '2025-04-03 14:46:31', '2025-04-03 14:46:31'),
(21, 5, 'SKU-5-12-17', '1250000.00', 6, 'in_stock', 'products/product36.jpeg', '2025-04-03 14:46:31', '2025-04-03 14:46:31'),
(22, 5, 'SKU-5-10-16', '1310000.00', 9, 'in_stock', 'products/product3.jpeg', '2025-04-03 14:46:31', '2025-04-03 14:46:31'),
(23, 5, 'SKU-5-11-18', '1140000.00', 17, 'in_stock', 'products/product27.jpeg', '2025-04-03 14:46:31', '2025-04-03 14:46:31'),
(24, 5, 'SKU-5-10-17', '1150000.00', 13, 'in_stock', 'products/product22.jpeg', '2025-04-03 14:46:31', '2025-04-03 14:46:31'),
(25, 5, 'SKU-5-11-16', '1230000.00', 20, 'in_stock', 'products/product31.jpeg', '2025-04-03 14:46:31', '2025-04-03 14:46:31'),
(26, 6, 'SKU-6-7-13', '470000.00', 13, 'in_stock', 'products/product20.jpeg', '2025-04-03 14:46:31', '2025-04-03 14:46:31'),
(27, 6, 'SKU-6-8-15', '350000.00', 15, 'in_stock', 'products/product26.jpeg', '2025-04-03 14:46:31', '2025-04-03 14:46:31'),
(28, 6, 'SKU-6-9-15', '540000.00', 20, 'in_stock', 'products/product26.jpeg', '2025-04-03 14:46:31', '2025-04-03 14:46:31'),
(29, 6, 'SKU-6-9-14', '110000.00', 8, 'in_stock', 'products/product3.jpeg', '2025-04-03 14:46:31', '2025-04-03 14:46:31'),
(30, 6, 'SKU-6-7-15', '120000.00', 8, 'in_stock', 'products/product1.jpeg', '2025-04-03 14:46:31', '2025-04-03 14:46:31'),
(31, 7, 'SKU-7-4-11', '3950000.00', 5, 'in_stock', 'products/product3.jpeg', '2025-04-03 14:46:31', '2025-04-03 14:46:31'),
(32, 7, 'SKU-7-6-10', '3760000.00', 14, 'in_stock', 'products/product27.jpeg', '2025-04-03 14:46:31', '2025-04-03 14:46:31'),
(33, 7, 'SKU-7-6-12', '3790000.00', 9, 'in_stock', 'products/product13.jpeg', '2025-04-03 14:46:31', '2025-04-03 14:46:31'),
(34, 7, 'SKU-7-5-10', '3920000.00', 20, 'in_stock', 'products/product2.jpeg', '2025-04-03 14:46:31', '2025-04-03 14:46:31'),
(35, 7, 'SKU-7-5-11', '3660000.00', 19, 'in_stock', 'products/product14.jpeg', '2025-04-03 14:46:31', '2025-04-03 14:46:31'),
(36, 8, 'SKU-8-2-13', '4050000.00', 7, 'in_stock', 'products/product9.jpeg', '2025-04-03 14:46:31', '2025-04-03 14:46:31'),
(37, 8, 'SKU-8-2-14', '4410000.00', 8, 'in_stock', 'products/product8.jpeg', '2025-04-03 14:46:31', '2025-04-03 14:46:31'),
(38, 8, 'SKU-8-2-15', '4070000.00', 19, 'in_stock', 'products/product33.jpeg', '2025-04-03 14:46:31', '2025-04-03 14:46:31'),
(39, 8, 'SKU-8-3-13', '4310000.00', 15, 'in_stock', 'products/product10.jpeg', '2025-04-03 14:46:31', '2025-04-03 14:46:31'),
(40, 8, 'SKU-8-1-15', '4390000.00', 9, 'in_stock', 'products/product5.jpeg', '2025-04-03 14:46:31', '2025-04-03 14:46:31'),
(41, 9, 'SKU-9-3-13', '2140000.00', 8, 'in_stock', 'products/product22.jpeg', '2025-04-03 14:46:31', '2025-04-03 14:46:31'),
(42, 9, 'SKU-9-2-14', '1890000.00', 10, 'in_stock', 'products/product14.jpeg', '2025-04-03 14:46:31', '2025-04-03 14:46:31'),
(43, 9, 'SKU-9-3-15', '1910000.00', 15, 'in_stock', 'products/product7.jpeg', '2025-04-03 14:46:31', '2025-04-03 14:46:31'),
(44, 9, 'SKU-9-3-14', '1960000.00', 17, 'in_stock', 'products/product8.jpeg', '2025-04-03 14:46:31', '2025-04-03 14:46:31'),
(45, 9, 'SKU-9-2-13', '1910000.00', 10, 'in_stock', 'products/product31.jpeg', '2025-04-03 14:46:31', '2025-04-03 14:46:31'),
(46, 10, 'SKU-10-2-17', '3180000.00', 16, 'in_stock', 'products/product23.jpeg', '2025-04-03 14:46:31', '2025-04-03 14:46:31'),
(47, 10, 'SKU-10-3-18', '3010000.00', 9, 'in_stock', 'products/product28.jpeg', '2025-04-03 14:46:31', '2025-04-03 14:46:31'),
(48, 10, 'SKU-10-2-18', '3080000.00', 6, 'in_stock', 'products/product13.jpeg', '2025-04-03 14:46:31', '2025-04-03 14:46:31'),
(49, 10, 'SKU-10-3-16', '3090000.00', 20, 'in_stock', 'products/product12.jpeg', '2025-04-03 14:46:31', '2025-04-03 14:46:31'),
(50, 10, 'SKU-10-2-16', '3110000.00', 11, 'in_stock', 'products/product6.jpeg', '2025-04-03 14:46:31', '2025-04-05 11:32:06'),
(51, 11, 'SKU-11-10-18', '4070000.00', 6, 'in_stock', 'products/product5.jpeg', '2025-04-03 14:46:31', '2025-04-03 14:46:31'),
(52, 11, 'SKU-11-12-17', '4050000.00', 14, 'in_stock', 'products/product9.jpeg', '2025-04-03 14:46:31', '2025-04-03 14:46:31'),
(53, 11, 'SKU-11-10-16', '4310000.00', 8, 'in_stock', 'products/product19.jpeg', '2025-04-03 14:46:31', '2025-04-03 14:46:31'),
(54, 11, 'SKU-11-11-18', '4190000.00', 9, 'in_stock', 'products/product22.jpeg', '2025-04-03 14:46:31', '2025-04-03 14:46:31'),
(55, 11, 'SKU-11-12-18', '4000000.00', 5, 'in_stock', 'products/product5.jpeg', '2025-04-03 14:46:31', '2025-04-03 14:46:31'),
(56, 12, 'SKU-12-10-18', '1160000.00', 11, 'in_stock', 'products/product14.jpeg', '2025-04-03 14:46:31', '2025-04-03 14:46:31'),
(57, 12, 'SKU-12-10-17', '940000.00', 6, 'in_stock', 'products/product7.jpeg', '2025-04-03 14:46:31', '2025-04-03 14:46:31'),
(58, 12, 'SKU-12-12-16', '1020000.00', 15, 'in_stock', 'products/product21.jpeg', '2025-04-03 14:46:31', '2025-04-03 14:46:31'),
(59, 12, 'SKU-12-12-18', '760000.00', 11, 'in_stock', 'products/product5.jpeg', '2025-04-03 14:46:31', '2025-04-03 14:46:31'),
(60, 12, 'SKU-12-12-17', '940000.00', 12, 'in_stock', 'products/product19.jpeg', '2025-04-03 14:46:31', '2025-04-03 14:46:31'),
(61, 13, 'SKU-13-11-17', '4120000.00', 8, 'in_stock', 'products/product2.jpeg', '2025-04-03 14:46:31', '2025-04-03 14:46:31'),
(62, 13, 'SKU-13-10-18', '4010000.00', 17, 'in_stock', 'products/product36.jpeg', '2025-04-03 14:46:31', '2025-04-03 14:46:31'),
(63, 13, 'SKU-13-10-16', '4140000.00', 17, 'in_stock', 'products/product15.jpeg', '2025-04-03 14:46:31', '2025-04-03 14:46:31'),
(64, 13, 'SKU-13-11-18', '4220000.00', 5, 'in_stock', 'products/product3.jpeg', '2025-04-03 14:46:31', '2025-04-03 14:46:31'),
(65, 13, 'SKU-13-12-17', '4050000.00', 18, 'in_stock', 'products/product20.jpeg', '2025-04-03 14:46:31', '2025-04-03 14:46:31'),
(66, 14, 'SKU-14-2-13', '4340000.00', 14, 'in_stock', 'products/product2.jpeg', '2025-04-03 14:46:31', '2025-04-03 14:46:31'),
(67, 14, 'SKU-14-3-13', '4490000.00', 17, 'in_stock', 'products/product28.jpeg', '2025-04-03 14:46:31', '2025-04-03 14:46:31'),
(68, 14, 'SKU-14-1-15', '4200000.00', 9, 'in_stock', 'products/product11.jpeg', '2025-04-03 14:46:31', '2025-04-03 14:46:31'),
(69, 14, 'SKU-14-2-15', '4180000.00', 16, 'in_stock', 'products/product23.jpeg', '2025-04-03 14:46:31', '2025-04-03 14:46:31'),
(70, 14, 'SKU-14-1-13', '4150000.00', 13, 'in_stock', 'products/product5.jpeg', '2025-04-03 14:46:31', '2025-04-03 14:46:31'),
(71, 15, 'SKU-15-4-7', '2050000.00', 15, 'in_stock', 'products/product29.jpeg', '2025-04-03 14:46:31', '2025-04-03 14:46:31'),
(72, 15, 'SKU-15-6-8', '2300000.00', 14, 'in_stock', 'products/product23.jpeg', '2025-04-03 14:46:31', '2025-04-03 14:46:31'),
(73, 15, 'SKU-15-6-7', '2100000.00', 7, 'in_stock', 'products/product8.jpeg', '2025-04-03 14:46:31', '2025-04-03 14:46:31'),
(74, 15, 'SKU-15-5-7', '2370000.00', 6, 'in_stock', 'products/product13.jpeg', '2025-04-03 14:46:31', '2025-04-03 14:46:31'),
(75, 15, 'SKU-15-6-9', '2100000.00', 14, 'in_stock', 'products/product19.jpeg', '2025-04-03 14:46:31', '2025-04-03 14:46:31'),
(76, 16, 'SKU-16-3-5', '4200000.00', 11, 'in_stock', 'products/product1.jpeg', '2025-04-03 14:46:31', '2025-04-03 14:46:31'),
(77, 16, 'SKU-16-2-5', '4530000.00', 9, 'in_stock', 'products/product5.jpeg', '2025-04-03 14:46:31', '2025-04-03 14:46:31'),
(78, 16, 'SKU-16-3-6', '4310000.00', 13, 'in_stock', 'products/product6.jpeg', '2025-04-03 14:46:31', '2025-04-03 14:46:31'),
(79, 16, 'SKU-16-1-6', '4510000.00', 18, 'in_stock', 'products/product28.jpeg', '2025-04-03 14:46:31', '2025-04-03 14:46:31'),
(80, 16, 'SKU-16-2-4', '4140000.00', 12, 'in_stock', 'products/product16.jpeg', '2025-04-03 14:46:31', '2025-04-03 14:46:31'),
(81, 17, 'SKU-17-2-12', '2600000.00', 11, 'in_stock', 'products/product31.jpeg', '2025-04-03 14:46:31', '2025-04-03 14:46:31'),
(82, 17, 'SKU-17-3-12', '2810000.00', 15, 'in_stock', 'products/product14.jpeg', '2025-04-03 14:46:31', '2025-04-03 14:46:31'),
(83, 17, 'SKU-17-3-11', '2560000.00', 17, 'in_stock', 'products/product20.jpeg', '2025-04-03 14:46:31', '2025-04-03 14:46:31'),
(84, 17, 'SKU-17-1-11', '2690000.00', 5, 'in_stock', 'products/product29.jpeg', '2025-04-03 14:46:31', '2025-04-03 14:46:31'),
(85, 17, 'SKU-17-1-12', '2860000.00', 13, 'in_stock', 'products/product7.jpeg', '2025-04-03 14:46:31', '2025-04-03 14:46:31'),
(86, 18, 'SKU-18-9-15', '4790000.00', 8, 'in_stock', 'products/product27.jpeg', '2025-04-03 14:46:31', '2025-04-03 14:46:31'),
(87, 18, 'SKU-18-7-13', '4990000.00', 9, 'in_stock', 'products/product7.jpeg', '2025-04-03 14:46:31', '2025-04-03 14:46:31'),
(88, 18, 'SKU-18-8-15', '4580000.00', 18, 'in_stock', 'products/product24.jpeg', '2025-04-03 14:46:31', '2025-04-03 14:46:31'),
(89, 18, 'SKU-18-9-14', '4870000.00', 18, 'in_stock', 'products/product6.jpeg', '2025-04-03 14:46:31', '2025-04-03 14:46:31'),
(90, 18, 'SKU-18-8-13', '4610000.00', 13, 'in_stock', 'products/product6.jpeg', '2025-04-03 14:46:31', '2025-04-03 14:46:31'),
(91, 19, 'SKU-19-14-16', '2480000.00', 20, 'in_stock', 'products/product25.jpeg', '2025-04-03 14:46:31', '2025-04-03 14:46:31'),
(92, 19, 'SKU-19-13-18', '2620000.00', 5, 'in_stock', 'products/product12.jpeg', '2025-04-03 14:46:31', '2025-04-03 14:46:31'),
(93, 19, 'SKU-19-14-17', '2630000.00', 6, 'in_stock', 'products/product10.jpeg', '2025-04-03 14:46:31', '2025-04-03 14:46:31'),
(94, 19, 'SKU-19-15-18', '2660000.00', 13, 'in_stock', 'products/product33.jpeg', '2025-04-03 14:46:31', '2025-04-03 14:46:31'),
(95, 19, 'SKU-19-15-16', '2390000.00', 20, 'in_stock', 'products/product18.jpeg', '2025-04-03 14:46:31', '2025-04-03 14:46:31'),
(96, 20, 'SKU-20-11-18', '3250000.00', 8, 'in_stock', 'products/product14.jpeg', '2025-04-03 14:46:31', '2025-04-03 14:46:31'),
(97, 20, 'SKU-20-10-18', '3670000.00', 10, 'in_stock', 'products/product12.jpeg', '2025-04-03 14:46:31', '2025-04-03 14:46:31'),
(98, 20, 'SKU-20-12-17', '3620000.00', 9, 'in_stock', 'products/product14.jpeg', '2025-04-03 14:46:31', '2025-04-03 14:46:31'),
(99, 20, 'SKU-20-11-16', '3430000.00', 6, 'in_stock', 'products/product29.jpeg', '2025-04-03 14:46:31', '2025-04-03 14:46:31'),
(100, 20, 'SKU-20-10-17', '3370000.00', 15, 'in_stock', 'products/product24.jpeg', '2025-04-03 14:46:31', '2025-04-03 14:46:31'),
(101, 21, 'SKU-21-5-14', '5290000.00', 10, 'in_stock', 'products/product14.jpeg', '2025-04-03 14:46:31', '2025-04-03 14:46:31'),
(102, 21, 'SKU-21-6-14', '5350000.00', 16, 'in_stock', 'products/product22.jpeg', '2025-04-03 14:46:31', '2025-04-03 14:46:31'),
(103, 21, 'SKU-21-5-15', '5410000.00', 11, 'in_stock', 'products/product15.jpeg', '2025-04-03 14:46:31', '2025-04-03 14:46:31'),
(104, 21, 'SKU-21-4-15', '5010000.00', 17, 'in_stock', 'products/product4.jpeg', '2025-04-03 14:46:31', '2025-04-03 14:46:31'),
(105, 21, 'SKU-21-4-14', '5260000.00', 9, 'in_stock', 'products/product8.jpeg', '2025-04-03 14:46:31', '2025-04-03 14:46:31'),
(106, 22, 'SKU-22-1-17', '3420000.00', 8, 'in_stock', 'products/product34.jpeg', '2025-04-03 14:46:31', '2025-04-03 14:46:31'),
(107, 22, 'SKU-22-3-18', '3500000.00', 19, 'in_stock', 'products/product5.jpeg', '2025-04-03 14:46:31', '2025-04-03 14:46:31'),
(108, 22, 'SKU-22-2-17', '3300000.00', 12, 'in_stock', 'products/product22.jpeg', '2025-04-03 14:46:31', '2025-04-03 14:46:31'),
(109, 22, 'SKU-22-3-16', '3260000.00', 17, 'in_stock', 'products/product24.jpeg', '2025-04-03 14:46:31', '2025-04-03 14:46:31'),
(110, 22, 'SKU-22-2-18', '3680000.00', 9, 'in_stock', 'products/product5.jpeg', '2025-04-03 14:46:31', '2025-04-03 14:46:31'),
(111, 23, 'SKU-23-7-16', '1710000.00', 17, 'in_stock', 'products/product35.jpeg', '2025-04-03 14:46:31', '2025-04-03 14:46:31'),
(112, 23, 'SKU-23-8-16', '1380000.00', 16, 'in_stock', 'products/product10.jpeg', '2025-04-03 14:46:31', '2025-04-03 14:46:31'),
(113, 23, 'SKU-23-8-18', '1610000.00', 11, 'in_stock', 'products/product24.jpeg', '2025-04-03 14:46:31', '2025-04-03 14:46:31'),
(114, 23, 'SKU-23-9-17', '1490000.00', 7, 'in_stock', 'products/product6.jpeg', '2025-04-03 14:46:31', '2025-04-03 14:46:31'),
(115, 23, 'SKU-23-9-16', '1780000.00', 10, 'in_stock', 'products/product7.jpeg', '2025-04-03 14:46:31', '2025-04-03 14:46:31'),
(116, 24, 'SKU-24-15-18', '4400000.00', 13, 'in_stock', 'products/product23.jpeg', '2025-04-03 14:46:32', '2025-04-03 14:46:32'),
(117, 24, 'SKU-24-13-17', '4450000.00', 7, 'in_stock', 'products/product33.jpeg', '2025-04-03 14:46:32', '2025-04-03 14:46:32'),
(118, 24, 'SKU-24-14-16', '4240000.00', 12, 'in_stock', 'products/product26.jpeg', '2025-04-03 14:46:32', '2025-04-03 14:46:32'),
(119, 24, 'SKU-24-13-18', '4660000.00', 19, 'in_stock', 'products/product8.jpeg', '2025-04-03 14:46:32', '2025-04-03 14:46:32'),
(120, 24, 'SKU-24-13-16', '4390000.00', 12, 'in_stock', 'products/product18.jpeg', '2025-04-03 14:46:32', '2025-04-03 14:46:32'),
(121, 25, 'SKU-25-2-7', '2310000.00', 14, 'in_stock', 'products/product20.jpeg', '2025-04-03 14:46:32', '2025-04-03 14:46:32'),
(122, 25, 'SKU-25-3-8', '2430000.00', 7, 'in_stock', 'products/product29.jpeg', '2025-04-03 14:46:32', '2025-04-03 14:46:32'),
(123, 25, 'SKU-25-2-8', '2210000.00', 15, 'in_stock', 'products/product15.jpeg', '2025-04-03 14:46:32', '2025-04-03 14:46:32'),
(124, 25, 'SKU-25-1-8', '2510000.00', 14, 'in_stock', 'products/product15.jpeg', '2025-04-03 14:46:32', '2025-04-03 14:46:32'),
(125, 25, 'SKU-25-1-9', '2490000.00', 10, 'in_stock', 'products/product13.jpeg', '2025-04-03 14:46:32', '2025-04-03 14:46:32'),
(126, 26, 'SKU-26-1-14', '4520000.00', 10, 'in_stock', 'products/product17.jpeg', '2025-04-03 14:46:32', '2025-04-03 14:46:32'),
(127, 26, 'SKU-26-2-15', '4540000.00', 5, 'in_stock', 'products/product18.jpeg', '2025-04-03 14:46:32', '2025-04-03 14:46:32'),
(128, 26, 'SKU-26-1-13', '4840000.00', 10, 'in_stock', 'products/product32.jpeg', '2025-04-03 14:46:32', '2025-04-05 15:57:02'),
(129, 26, 'SKU-26-1-15', '4810000.00', 5, 'in_stock', 'products/product15.jpeg', '2025-04-03 14:46:32', '2025-04-03 14:46:32'),
(130, 26, 'SKU-26-3-15', '4620000.00', 17, 'in_stock', 'products/product13.jpeg', '2025-04-03 14:46:32', '2025-04-03 14:46:32'),
(136, 28, 'SKU-28-2-18', '4400000.00', 4, 'in_stock', 'products/product28.jpeg', '2025-04-03 14:46:32', '2025-04-07 06:17:58'),
(137, 28, 'SKU-28-3-17', '4310000.00', 8, 'in_stock', 'products/product24.jpeg', '2025-04-03 14:46:32', '2025-04-03 14:46:32'),
(138, 28, 'SKU-28-1-17', '4610000.00', 14, 'in_stock', 'products/product5.jpeg', '2025-04-03 14:46:32', '2025-04-03 14:46:32'),
(139, 28, 'SKU-28-3-16', '4500000.00', 5, 'in_stock', 'products/product33.jpeg', '2025-04-03 14:46:32', '2025-04-03 14:46:32'),
(140, 28, 'SKU-28-1-16', '4410000.00', 5, 'in_stock', 'products/product4.jpeg', '2025-04-03 14:46:32', '2025-04-03 14:46:32'),
(141, 29, 'SKU-29-2-17', '1050000.00', 18, 'in_stock', 'products/product25.jpeg', '2025-04-03 14:46:32', '2025-04-03 14:46:32'),
(142, 29, 'SKU-29-3-16', '1200000.00', 20, 'in_stock', 'products/product1.jpeg', '2025-04-03 14:46:32', '2025-04-03 14:46:32'),
(143, 29, 'SKU-29-2-16', '970000.00', 5, 'in_stock', 'products/product1.jpeg', '2025-04-03 14:46:32', '2025-04-03 14:46:32'),
(144, 29, 'SKU-29-1-17', '1000000.00', 20, 'in_stock', 'products/product30.jpeg', '2025-04-03 14:46:32', '2025-04-03 14:46:32'),
(145, 29, 'SKU-29-3-18', '800000.00', 6, 'in_stock', 'products/product19.jpeg', '2025-04-03 14:46:32', '2025-04-03 14:46:32'),
(146, 30, 'SKU-30-11-13', '5130000.00', 13, 'in_stock', 'products/product32.jpeg', '2025-04-03 14:46:32', '2025-04-03 14:46:32'),
(147, 30, 'SKU-30-10-15', '4920000.00', 16, 'in_stock', 'products/product26.jpeg', '2025-04-03 14:46:32', '2025-04-03 14:46:32'),
(148, 30, 'SKU-30-11-15', '5070000.00', 13, 'in_stock', 'products/product6.jpeg', '2025-04-03 14:46:32', '2025-04-03 14:46:32'),
(149, 30, 'SKU-30-12-14', '4960000.00', 14, 'in_stock', 'products/product2.jpeg', '2025-04-03 14:46:32', '2025-04-03 14:46:32'),
(150, 30, 'SKU-30-12-15', '4820000.00', 15, 'in_stock', 'products/product25.jpeg', '2025-04-03 14:46:32', '2025-04-03 14:46:32'),
(151, 31, 'SKU-31-13-17', '2980000.00', 6, 'in_stock', 'products/product25.jpeg', '2025-04-03 14:46:32', '2025-04-03 14:46:32'),
(152, 31, 'SKU-31-14-18', '3030000.00', 11, 'in_stock', 'products/product6.jpeg', '2025-04-03 14:46:32', '2025-04-03 14:46:32'),
(153, 31, 'SKU-31-13-16', '2920000.00', 12, 'in_stock', 'products/product1.jpeg', '2025-04-03 14:46:32', '2025-04-03 14:46:32'),
(154, 31, 'SKU-31-15-16', '3100000.00', 11, 'in_stock', 'products/product27.jpeg', '2025-04-03 14:46:32', '2025-04-07 14:38:10'),
(155, 31, 'SKU-31-13-18', '2860000.00', 16, 'in_stock', 'products/product16.jpeg', '2025-04-03 14:46:32', '2025-04-03 14:46:32'),
(156, 32, 'SKU-32-5-13', '2950000.00', 9, 'in_stock', 'products/product13.jpeg', '2025-04-03 14:46:32', '2025-04-03 14:46:32'),
(157, 32, 'SKU-32-6-15', '2980000.00', 6, 'in_stock', 'products/product18.jpeg', '2025-04-03 14:46:32', '2025-04-03 14:46:32'),
(158, 32, 'SKU-32-6-14', '3240000.00', 20, 'in_stock', 'products/product16.jpeg', '2025-04-03 14:46:32', '2025-04-03 14:46:32'),
(159, 32, 'SKU-32-5-14', '3270000.00', 6, 'in_stock', 'products/product18.jpeg', '2025-04-03 14:46:32', '2025-04-03 14:46:32'),
(160, 32, 'SKU-32-5-15', '3240000.00', 14, 'in_stock', 'products/product20.jpeg', '2025-04-03 14:46:32', '2025-04-03 14:46:32'),
(161, 33, 'SKU-33-5-18', '920000.00', 12, 'in_stock', 'products/product21.jpeg', '2025-04-03 14:46:32', '2025-04-03 14:46:32'),
(162, 33, 'SKU-33-6-17', '1190000.00', 15, 'in_stock', 'products/product1.jpeg', '2025-04-03 14:46:32', '2025-04-03 14:46:32'),
(163, 33, 'SKU-33-4-17', '1100000.00', 19, 'in_stock', 'products/product30.jpeg', '2025-04-03 14:46:32', '2025-04-03 14:46:32'),
(164, 33, 'SKU-33-4-16', '1370000.00', 17, 'in_stock', 'products/product20.jpeg', '2025-04-03 14:46:32', '2025-04-03 14:46:32'),
(165, 33, 'SKU-33-6-18', '970000.00', 18, 'in_stock', 'products/product33.jpeg', '2025-04-03 14:46:32', '2025-04-03 14:46:32'),
(166, 34, 'SKU-34-1-5', '2130000.00', 17, 'in_stock', 'products/product19.jpeg', '2025-04-03 14:46:32', '2025-04-03 14:46:32'),
(167, 34, 'SKU-34-2-6', '2550000.00', 18, 'in_stock', 'products/product8.jpeg', '2025-04-03 14:46:32', '2025-04-03 14:46:32'),
(168, 34, 'SKU-34-2-4', '2420000.00', 14, 'in_stock', 'products/product21.jpeg', '2025-04-03 14:46:32', '2025-04-03 14:46:32'),
(169, 34, 'SKU-34-3-4', '2260000.00', 7, 'in_stock', 'products/product2.jpeg', '2025-04-03 14:46:32', '2025-04-03 14:46:32'),
(170, 34, 'SKU-34-1-4', '2560000.00', 13, 'in_stock', 'products/product29.jpeg', '2025-04-03 14:46:32', '2025-04-03 14:46:32'),
(171, 35, 'SKU-35-5-11', '3210000.00', 16, 'in_stock', 'products/product33.jpeg', '2025-04-03 14:46:32', '2025-04-03 14:46:32'),
(172, 35, 'SKU-35-6-12', '3390000.00', 17, 'in_stock', 'products/product12.jpeg', '2025-04-03 14:46:32', '2025-04-03 14:46:32'),
(173, 35, 'SKU-35-5-12', '3550000.00', 11, 'in_stock', 'products/product31.jpeg', '2025-04-03 14:46:32', '2025-04-03 14:46:32'),
(174, 35, 'SKU-35-6-10', '3290000.00', 11, 'in_stock', 'products/product14.jpeg', '2025-04-03 14:46:32', '2025-04-03 14:46:32'),
(175, 35, 'SKU-35-4-11', '3410000.00', 9, 'in_stock', 'products/product10.jpeg', '2025-04-03 14:46:32', '2025-04-03 14:46:32'),
(176, 36, 'SKU-36-13-18', '4230000.00', 5, 'in_stock', 'products/product6.jpeg', '2025-04-03 14:46:32', '2025-04-03 14:46:32'),
(177, 36, 'SKU-36-13-17', '4040000.00', 15, 'in_stock', 'products/product12.jpeg', '2025-04-03 14:46:32', '2025-04-03 14:46:32'),
(178, 36, 'SKU-36-13-16', '4050000.00', 0, 'out_of_stock', 'products/product7.jpeg', '2025-04-03 14:46:32', '2025-04-05 12:50:46'),
(179, 36, 'SKU-36-14-17', '3920000.00', 11, 'in_stock', 'products/product17.jpeg', '2025-04-03 14:46:32', '2025-04-03 14:46:32'),
(180, 36, 'SKU-36-15-16', '3900000.00', 14, 'in_stock', 'products/product29.jpeg', '2025-04-03 14:46:32', '2025-04-03 14:46:32'),
(181, 37, 'SKU-37-3-11', '2410000.00', 11, 'in_stock', 'products/product7.jpeg', '2025-04-03 14:46:32', '2025-04-03 14:48:37'),
(182, 37, 'SKU-37-2-10', '2590000.00', 13, 'in_stock', 'products/product2.jpeg', '2025-04-03 14:46:32', '2025-04-03 14:46:32'),
(183, 37, 'SKU-37-1-12', '2610000.00', 20, 'in_stock', 'products/product22.jpeg', '2025-04-03 14:46:32', '2025-04-03 14:46:32'),
(184, 37, 'SKU-37-3-10', '2820000.00', 6, 'in_stock', 'products/product5.jpeg', '2025-04-03 14:46:32', '2025-04-03 14:46:32'),
(185, 37, 'SKU-37-2-11', '2570000.00', 13, 'in_stock', 'products/product23.jpeg', '2025-04-03 14:46:32', '2025-04-03 14:46:32'),
(186, 38, 'SKU-38-10-15', '840000.00', 18, 'in_stock', 'products/product17.jpeg', '2025-04-03 14:46:32', '2025-04-03 14:46:32'),
(187, 38, 'SKU-38-11-14', '770000.00', 10, 'in_stock', 'products/product36.jpeg', '2025-04-03 14:46:32', '2025-04-03 14:46:32'),
(188, 38, 'SKU-38-12-15', '930000.00', 9, 'in_stock', 'products/product29.jpeg', '2025-04-03 14:46:32', '2025-04-03 14:46:32'),
(189, 38, 'SKU-38-10-14', '650000.00', 8, 'in_stock', 'products/product2.jpeg', '2025-04-03 14:46:32', '2025-04-03 14:46:32'),
(190, 38, 'SKU-38-10-13', '830000.00', 18, 'in_stock', 'products/product35.jpeg', '2025-04-03 14:46:32', '2025-04-03 14:46:32'),
(191, 39, 'SKU-39-3-13', '350000.00', 12, 'in_stock', 'products/product1.jpeg', '2025-04-03 14:46:32', '2025-04-03 14:46:32'),
(192, 39, 'SKU-39-2-14', '700000.00', 7, 'in_stock', 'products/product10.jpeg', '2025-04-03 14:46:32', '2025-04-03 14:46:32'),
(193, 39, 'SKU-39-3-14', '690000.00', 13, 'in_stock', 'products/product14.jpeg', '2025-04-03 14:46:32', '2025-04-03 14:46:32'),
(194, 39, 'SKU-39-1-13', '640000.00', 6, 'in_stock', 'products/product8.jpeg', '2025-04-03 14:46:32', '2025-04-07 14:51:59'),
(195, 39, 'SKU-39-3-15', '440000.00', 17, 'in_stock', 'products/product24.jpeg', '2025-04-03 14:46:32', '2025-04-03 14:46:32'),
(196, 40, 'SKU-40-3-8', '4690000.00', 5, 'in_stock', 'products/product19.jpeg', '2025-04-03 14:46:33', '2025-04-03 14:46:33'),
(197, 40, 'SKU-40-2-9', '4790000.00', 19, 'in_stock', 'products/product17.jpeg', '2025-04-03 14:46:33', '2025-04-03 14:46:33'),
(198, 40, 'SKU-40-3-7', '4700000.00', 8, 'in_stock', 'products/product19.jpeg', '2025-04-03 14:46:33', '2025-04-03 14:46:33'),
(199, 40, 'SKU-40-1-9', '4760000.00', 13, 'in_stock', 'products/product14.jpeg', '2025-04-03 14:46:33', '2025-04-03 14:46:33'),
(200, 40, 'SKU-40-1-7', '4860000.00', 11, 'in_stock', 'products/product12.jpeg', '2025-04-03 14:46:33', '2025-04-07 14:55:55'),
(201, 41, 'SKU-41-3-10', '3590000.00', 20, 'in_stock', 'products/product29.jpeg', '2025-04-03 14:46:33', '2025-04-03 14:46:33'),
(202, 41, 'SKU-41-3-12', '3580000.00', 14, 'in_stock', 'products/product27.jpeg', '2025-04-03 14:46:33', '2025-04-03 14:46:33'),
(203, 41, 'SKU-41-1-11', '3890000.00', 13, 'in_stock', 'products/product10.jpeg', '2025-04-03 14:46:33', '2025-04-03 14:46:33'),
(204, 41, 'SKU-41-2-11', '3500000.00', 9, 'in_stock', 'products/product36.jpeg', '2025-04-03 14:46:33', '2025-04-03 14:46:33'),
(205, 41, 'SKU-41-2-12', '3770000.00', 9, 'in_stock', 'products/product10.jpeg', '2025-04-03 14:46:33', '2025-04-03 14:46:33'),
(206, 42, 'SKU-42-1-15', '4850000.00', 13, 'in_stock', 'products/product31.jpeg', '2025-04-03 14:46:33', '2025-04-03 14:46:33'),
(207, 42, 'SKU-42-3-15', '4820000.00', 15, 'in_stock', 'products/product23.jpeg', '2025-04-03 14:46:33', '2025-04-03 14:46:33'),
(208, 42, 'SKU-42-2-13', '4890000.00', 16, 'in_stock', 'products/product5.jpeg', '2025-04-03 14:46:33', '2025-04-03 14:46:33'),
(209, 42, 'SKU-42-2-15', '4650000.00', 5, 'in_stock', 'products/product21.jpeg', '2025-04-03 14:46:33', '2025-04-03 14:46:33'),
(210, 42, 'SKU-42-3-14', '4880000.00', 16, 'in_stock', 'products/product27.jpeg', '2025-04-03 14:46:33', '2025-04-03 14:46:33'),
(211, 43, 'SKU-43-12-16', '2630000.00', 18, 'in_stock', 'products/product27.jpeg', '2025-04-03 14:46:33', '2025-04-03 14:46:33'),
(212, 43, 'SKU-43-10-16', '2480000.00', 17, 'in_stock', 'products/product18.jpeg', '2025-04-03 14:46:33', '2025-04-03 14:46:33'),
(213, 43, 'SKU-43-11-18', '2370000.00', 10, 'in_stock', 'products/product30.jpeg', '2025-04-03 14:46:33', '2025-04-03 14:46:33'),
(214, 43, 'SKU-43-12-17', '2450000.00', 6, 'in_stock', 'products/product4.jpeg', '2025-04-03 14:46:33', '2025-04-03 14:46:33'),
(215, 43, 'SKU-43-10-18', '2640000.00', 9, 'in_stock', 'products/product4.jpeg', '2025-04-03 14:46:33', '2025-04-03 14:46:33'),
(216, 44, 'SKU-44-6-10', '2370000.00', 10, 'in_stock', 'products/product30.jpeg', '2025-04-03 14:46:33', '2025-04-03 14:46:33'),
(217, 44, 'SKU-44-5-11', '2470000.00', 6, 'in_stock', 'products/product5.jpeg', '2025-04-03 14:46:33', '2025-04-03 14:46:33'),
(218, 44, 'SKU-44-6-12', '2400000.00', 19, 'in_stock', 'products/product21.jpeg', '2025-04-03 14:46:33', '2025-04-03 14:46:33'),
(219, 44, 'SKU-44-4-10', '2470000.00', 13, 'in_stock', 'products/product30.jpeg', '2025-04-03 14:46:33', '2025-04-03 14:46:33'),
(220, 44, 'SKU-44-5-10', '2340000.00', 19, 'in_stock', 'products/product36.jpeg', '2025-04-03 14:46:33', '2025-04-03 14:46:33'),
(221, 45, 'SKU-45-9-17', '1430000.00', 16, 'in_stock', 'products/product20.jpeg', '2025-04-03 14:46:33', '2025-04-03 14:46:33'),
(222, 45, 'SKU-45-7-17', '1180000.00', 10, 'in_stock', 'products/product24.jpeg', '2025-04-03 14:46:33', '2025-04-03 14:46:33'),
(223, 45, 'SKU-45-9-16', '1170000.00', 16, 'in_stock', 'products/product15.jpeg', '2025-04-03 14:46:33', '2025-04-03 14:46:33'),
(224, 45, 'SKU-45-7-16', '1150000.00', 7, 'in_stock', 'products/product6.jpeg', '2025-04-03 14:46:33', '2025-04-03 14:46:33'),
(225, 45, 'SKU-45-8-18', '1060000.00', 11, 'in_stock', 'products/product35.jpeg', '2025-04-03 14:46:33', '2025-04-03 14:46:33'),
(226, 46, 'SKU-46-6-8', '1970000.00', 18, 'in_stock', 'products/product12.jpeg', '2025-04-03 14:46:33', '2025-04-03 14:46:33'),
(227, 46, 'SKU-46-5-9', '2170000.00', 10, 'in_stock', 'products/product17.jpeg', '2025-04-03 14:46:33', '2025-04-03 14:46:33'),
(228, 46, 'SKU-46-4-7', '1920000.00', 18, 'in_stock', 'products/product29.jpeg', '2025-04-03 14:46:33', '2025-04-03 14:46:33'),
(229, 46, 'SKU-46-5-8', '1930000.00', 7, 'in_stock', 'products/product15.jpeg', '2025-04-03 14:46:33', '2025-04-03 14:46:33'),
(230, 46, 'SKU-46-6-7', '2220000.00', 7, 'in_stock', 'products/product6.jpeg', '2025-04-03 14:46:33', '2025-04-03 14:46:33'),
(231, 47, 'SKU-47-2-11', '4130000.00', 3, 'in_stock', 'products/product12.jpeg', '2025-04-03 14:46:33', '2025-04-03 14:46:33'),
(232, 47, 'SKU-47-1-11', '3920000.00', 20, 'in_stock', 'products/product12.jpeg', '2025-04-03 14:46:33', '2025-04-03 14:46:33'),
(233, 47, 'SKU-47-3-12', '4150000.00', 11, 'in_stock', 'products/product23.jpeg', '2025-04-03 14:46:33', '2025-04-07 06:19:11'),
(234, 47, 'SKU-47-3-10', '4210000.00', 5, 'in_stock', 'products/product24.jpeg', '2025-04-03 14:46:33', '2025-04-03 14:46:33'),
(235, 47, 'SKU-47-2-12', '3960000.00', 8, 'in_stock', 'products/product25.jpeg', '2025-04-03 14:46:33', '2025-04-03 14:46:33'),
(236, 48, 'SKU-48-3-12', '4020000.00', 10, 'in_stock', 'products/product4.jpeg', '2025-04-03 14:46:33', '2025-04-03 14:46:33'),
(237, 48, 'SKU-48-1-11', '3810000.00', 10, 'in_stock', 'products/product35.jpeg', '2025-04-03 14:46:33', '2025-04-03 14:46:33'),
(238, 48, 'SKU-48-2-11', '3600000.00', 4, 'in_stock', 'products/product21.jpeg', '2025-04-03 14:46:33', '2025-04-03 14:46:33'),
(239, 48, 'SKU-48-3-10', '3690000.00', 16, 'in_stock', 'products/product23.jpeg', '2025-04-03 14:46:33', '2025-04-03 14:46:33'),
(240, 48, 'SKU-48-1-10', '3650000.00', 0, 'in_stock', 'products/product2.jpeg', '2025-04-03 14:46:33', '2025-04-03 14:46:33'),
(241, 49, '111', '2222.00', 12, 'in_stock', NULL, '2025-04-05 11:46:09', '2025-04-05 11:46:48'),
(242, 49, '222', '3333.00', 23, 'in_stock', 'products/17438536086424.jpg', '2025-04-05 11:46:48', '2025-04-05 11:46:48'),
(243, 50, '02', '2000000.00', 5, 'in_stock', NULL, '2025-04-07 15:01:12', '2025-04-07 15:01:12');

-- --------------------------------------------------------

--
-- Table structure for table `reviews`
--

CREATE TABLE `reviews` (
  `id` bigint UNSIGNED NOT NULL,
  `user_id` bigint UNSIGNED NOT NULL,
  `product_id` bigint UNSIGNED NOT NULL,
  `rating` int NOT NULL,
  `content` text COLLATE utf8mb4_unicode_ci,
  `created_at` timestamp NULL DEFAULT NULL,
  `updated_at` timestamp NULL DEFAULT NULL
) ENGINE=InnoDB DEFAULT CHARSET=utf8mb4 COLLATE=utf8mb4_unicode_ci;

-- --------------------------------------------------------

--
-- Table structure for table `roles`
--

CREATE TABLE `roles` (
  `id` bigint UNSIGNED NOT NULL,
  `name` varchar(255) COLLATE utf8mb4_unicode_ci NOT NULL,
  `guard_name` varchar(255) COLLATE utf8mb4_unicode_ci NOT NULL,
  `created_at` timestamp NULL DEFAULT NULL,
  `updated_at` timestamp NULL DEFAULT NULL
) ENGINE=InnoDB DEFAULT CHARSET=utf8mb4 COLLATE=utf8mb4_unicode_ci;

--
-- Dumping data for table `roles`
--

INSERT INTO `roles` (`id`, `name`, `guard_name`, `created_at`, `updated_at`) VALUES
(1, 'admin', 'web', '2025-04-03 14:46:55', '2025-04-03 14:46:55'),
(2, 'staff', 'web', '2025-04-03 14:46:55', '2025-04-03 14:46:55'),
(3, 'customer', 'web', '2025-04-03 14:46:55', '2025-04-03 14:46:55');

-- --------------------------------------------------------

--
-- Table structure for table `role_has_permissions`
--

CREATE TABLE `role_has_permissions` (
  `permission_id` bigint UNSIGNED NOT NULL,
  `role_id` bigint UNSIGNED NOT NULL
) ENGINE=InnoDB DEFAULT CHARSET=utf8mb4 COLLATE=utf8mb4_unicode_ci;

--
-- Dumping data for table `role_has_permissions`
--

INSERT INTO `role_has_permissions` (`permission_id`, `role_id`) VALUES
(1, 1),
(2, 1),
(3, 1),
(4, 1),
(1, 2),
(2, 2);

-- --------------------------------------------------------

--
-- Table structure for table `settings`
--

CREATE TABLE `settings` (
  `id` bigint UNSIGNED NOT NULL,
  `key` varchar(255) CHARACTER SET utf8mb4 COLLATE utf8mb4_unicode_ci NOT NULL,
  `value` text COLLATE utf8mb4_unicode_ci NOT NULL,
  `type` enum('string','number','boolean','json') COLLATE utf8mb4_unicode_ci NOT NULL DEFAULT 'string',
  `created_at` timestamp NULL DEFAULT NULL,
  `updated_at` timestamp NULL DEFAULT NULL
) ENGINE=InnoDB DEFAULT CHARSET=utf8mb4 COLLATE=utf8mb4_unicode_ci;

--
-- Dumping data for table `settings`
--

INSERT INTO `settings` (`id`, `key`, `value`, `type`, `created_at`, `updated_at`) VALUES
(1, 'company_name', 'EternaWatch', 'string', '2025-04-04 13:36:54', '2025-04-04 13:36:54'),
(2, 'company_slogan', 'Tinh hoa chế tác - Vẻ đẹp vượt thời gian', 'string', '2025-04-04 13:36:54', '2025-04-04 13:36:54'),
(3, 'company_address', 'Số 88, Đại lộ Thời Gian, Quận Trung Tâm, Thành phố Hồ Chí Minh, Việt Nam', 'string', '2025-04-04 13:36:54', '2025-04-04 13:36:54'),
(4, 'company_email', 'lienhe@eternawatch.vn', 'string', '2025-04-04 13:36:54', '2025-04-04 13:36:54'),
(5, 'company_phone', '+84 28 9999 8888', 'string', '2025-04-04 13:36:54', '2025-04-04 13:36:54'),
(6, 'company_hotline', '1800 6868 (Miễn phí cước gọi)', 'string', '2025-04-04 13:36:54', '2025-04-04 13:36:54'),
(7, 'facebook_link', 'https://www.facebook.com/eternawatchvn', 'string', '2025-04-04 13:36:54', '2025-04-04 13:36:54'),
(8, 'twitter_link', 'https://twitter.com/eternawatchvn', 'string', '2025-04-04 13:36:54', '2025-04-04 13:36:54'),
(9, 'instagram_link', 'https://www.instagram.com/eternawatchvn', 'string', '2025-04-04 13:36:54', '2025-04-04 13:36:54'),
(10, 'linkedin_link', 'https://www.linkedin.com/company/eternawatchvn', 'string', '2025-04-04 13:36:54', '2025-04-04 13:36:54'),
(11, 'logo_url', 'images/logo.png', 'string', '2025-04-04 13:36:54', '2025-04-04 13:36:54'),
(12, 'bg_auth_url', 'settings/bg_auth.jpg', 'string', '2025-04-04 13:36:54', '2025-04-04 13:36:54'),
(13, 'favicon_url', '/storage/images/favicon-eterna.ico', 'string', '2025-04-04 13:36:54', '2025-04-04 13:36:54'),
(14, 'terms_conditions', 'Các điều khoản và điều kiện mua hàng tại EternaWatch. Chúng tôi cam kết mang đến sản phẩm chất lượng với chế độ bảo hành tốt nhất.', 'string', '2025-04-04 13:36:54', '2025-04-04 13:36:54'),
(15, 'privacy_policy', 'Chính sách bảo mật của EternaWatch giúp bảo vệ thông tin cá nhân của khách hàng một cách an toàn và tuyệt đối.', 'string', '2025-04-04 13:36:54', '2025-04-04 13:36:54'),
(16, 'shipping_fee', '50000', 'string', '2025-04-04 13:36:54', '2025-04-04 13:36:54');

-- --------------------------------------------------------

--
-- Table structure for table `settings__name`
--

CREATE TABLE `settings__name` (
  `id` bigint UNSIGNED NOT NULL,
  `created_at` timestamp NULL DEFAULT NULL,
  `updated_at` timestamp NULL DEFAULT NULL
) ENGINE=InnoDB DEFAULT CHARSET=utf8mb4 COLLATE=utf8mb4_unicode_ci;

-- --------------------------------------------------------

--
-- Table structure for table `shipments`
--

CREATE TABLE `shipments` (
  `id` bigint UNSIGNED NOT NULL,
  `order_id` bigint UNSIGNED NOT NULL,
  `shipping_method` enum('free','store','fixed') COLLATE utf8mb4_unicode_ci NOT NULL,
  `shipping_cost` decimal(10,2) NOT NULL DEFAULT '0.00',
  `shipped_date` datetime DEFAULT NULL,
  `delivered_date` datetime DEFAULT NULL,
  `created_at` timestamp NULL DEFAULT NULL,
  `updated_at` timestamp NULL DEFAULT NULL
) ENGINE=InnoDB DEFAULT CHARSET=utf8mb4 COLLATE=utf8mb4_unicode_ci;

--
-- Dumping data for table `shipments`
--

INSERT INTO `shipments` (`id`, `order_id`, `shipping_method`, `shipping_cost`, `shipped_date`, `delivered_date`, `created_at`, `updated_at`) VALUES
(1, 1, 'fixed', '10000.00', '2025-04-01 21:46:53', '2025-04-07 21:46:53', '2025-04-03 14:46:53', '2025-04-03 14:46:53'),
(2, 2, 'fixed', '10000.00', '2025-03-08 21:46:53', '2025-03-11 21:46:53', '2025-04-03 14:46:53', '2025-04-03 14:46:53'),
(3, 3, 'store', '0.00', '2025-03-27 21:46:53', '2025-04-03 21:46:53', '2025-04-03 14:46:53', '2025-04-03 14:46:53'),
(4, 4, 'fixed', '10000.00', '2025-03-22 21:46:53', '2025-03-25 21:46:53', '2025-04-03 14:46:53', '2025-04-03 14:46:53'),
(5, 5, 'fixed', '10000.00', '2025-03-11 21:46:53', '2025-03-18 21:46:53', '2025-04-03 14:46:53', '2025-04-03 14:46:53'),
(6, 6, 'free', '0.00', '2025-03-24 21:46:53', '2025-03-28 21:46:53', '2025-04-03 14:46:53', '2025-04-03 14:46:53'),
(7, 7, 'store', '0.00', '2025-03-08 21:46:53', '2025-03-12 21:46:53', '2025-04-03 14:46:53', '2025-04-03 14:46:53'),
(8, 8, 'fixed', '10000.00', '2025-03-25 21:46:53', '2025-04-01 21:46:53', '2025-04-03 14:46:53', '2025-04-03 14:46:53'),
(9, 9, 'free', '0.00', '2025-03-25 21:46:53', '2025-03-28 21:46:53', '2025-04-03 14:46:53', '2025-04-03 14:46:53'),
(10, 10, 'free', '0.00', '2025-03-09 21:46:53', '2025-03-12 21:46:53', '2025-04-03 14:46:53', '2025-04-03 14:46:53'),
(11, 11, 'store', '0.00', '2025-03-29 21:46:53', '2025-04-04 21:46:53', '2025-04-03 14:46:53', '2025-04-03 14:46:53'),
(12, 12, 'free', '0.00', '2025-03-07 21:46:53', '2025-03-13 21:46:53', '2025-04-03 14:46:53', '2025-04-03 14:46:53'),
(13, 13, 'free', '0.00', '2025-04-01 21:46:53', '2025-04-05 21:46:53', '2025-04-03 14:46:53', '2025-04-03 14:46:53'),
(14, 14, 'store', '0.00', '2025-04-01 21:46:53', '2025-04-04 21:46:53', '2025-04-03 14:46:53', '2025-04-03 14:46:53'),
(15, 15, 'store', '0.00', '2025-03-13 21:46:53', '2025-03-20 21:46:53', '2025-04-03 14:46:53', '2025-04-03 14:46:53'),
(16, 16, 'fixed', '10000.00', '2025-03-25 21:46:53', '2025-04-01 21:46:53', '2025-04-03 14:46:53', '2025-04-03 14:46:53'),
(17, 17, 'store', '0.00', '2025-03-05 21:46:53', '2025-03-08 21:46:53', '2025-04-03 14:46:53', '2025-04-03 14:46:53'),
(18, 18, 'free', '0.00', '2025-03-21 21:46:53', '2025-03-25 21:46:53', '2025-04-03 14:46:53', '2025-04-03 14:46:53'),
(19, 19, 'free', '0.00', '2025-03-05 21:46:53', '2025-03-11 21:46:53', '2025-04-03 14:46:53', '2025-04-03 14:46:53'),
(20, 20, 'fixed', '10000.00', '2025-04-02 21:46:53', '2025-04-08 21:46:53', '2025-04-03 14:46:53', '2025-04-03 14:46:53'),
(21, 21, 'store', '0.00', '2025-03-05 21:46:53', '2025-03-08 21:46:53', '2025-04-03 14:46:53', '2025-04-03 14:46:53'),
(22, 22, 'free', '0.00', '2025-03-07 21:46:53', '2025-03-14 21:46:53', '2025-04-03 14:46:53', '2025-04-03 14:46:53'),
(23, 23, 'store', '0.00', '2025-03-12 21:46:53', '2025-03-16 21:46:53', '2025-04-03 14:46:53', '2025-04-03 14:46:53'),
(24, 24, 'free', '0.00', '2025-04-01 21:46:53', '2025-04-04 21:46:53', '2025-04-03 14:46:53', '2025-04-03 14:46:53'),
(25, 25, 'free', '0.00', '2025-03-23 21:46:53', '2025-03-26 21:46:53', '2025-04-03 14:46:53', '2025-04-03 14:46:53'),
(26, 26, 'store', '0.00', '2025-03-12 21:46:53', '2025-03-15 21:46:53', '2025-04-03 14:46:53', '2025-04-03 14:46:53'),
(27, 27, 'fixed', '10000.00', '2025-03-15 21:46:53', '2025-03-18 21:46:53', '2025-04-03 14:46:53', '2025-04-03 14:46:53'),
(28, 28, 'store', '0.00', '2025-03-31 21:46:53', '2025-04-07 21:46:53', '2025-04-03 14:46:53', '2025-04-03 14:46:53'),
(29, 29, 'free', '0.00', '2025-03-20 21:46:53', '2025-03-25 21:46:53', '2025-04-03 14:46:53', '2025-04-03 14:46:53'),
(30, 30, 'fixed', '10000.00', '2025-03-14 21:46:53', '2025-03-19 21:46:53', '2025-04-03 14:46:53', '2025-04-03 14:46:53'),
(31, 31, 'fixed', '10000.00', '2025-04-02 21:46:53', '2025-04-09 21:46:53', '2025-04-03 14:46:53', '2025-04-03 14:46:53'),
(32, 32, 'store', '0.00', '2025-03-09 21:46:53', '2025-03-13 21:46:53', '2025-04-03 14:46:53', '2025-04-03 14:46:53'),
(33, 33, 'fixed', '10000.00', '2025-03-18 21:46:53', '2025-03-23 21:46:53', '2025-04-03 14:46:53', '2025-04-03 14:46:53'),
(34, 34, 'free', '0.00', '2025-03-14 21:46:53', '2025-03-17 21:46:53', '2025-04-03 14:46:53', '2025-04-03 14:46:53'),
(35, 35, 'fixed', '10000.00', '2025-03-19 21:46:53', '2025-03-25 21:46:53', '2025-04-03 14:46:53', '2025-04-03 14:46:53'),
(36, 36, 'free', '0.00', '2025-03-10 21:46:53', '2025-03-16 21:46:53', '2025-04-03 14:46:53', '2025-04-03 14:46:53'),
(37, 37, 'store', '0.00', '2025-03-20 21:46:53', '2025-03-25 21:46:53', '2025-04-03 14:46:53', '2025-04-03 14:46:53'),
(38, 38, 'store', '0.00', '2025-03-18 21:46:53', '2025-03-22 21:46:53', '2025-04-03 14:46:53', '2025-04-03 14:46:53'),
(39, 39, 'fixed', '10000.00', '2025-03-27 21:46:53', '2025-04-01 21:46:53', '2025-04-03 14:46:53', '2025-04-03 14:46:53'),
(40, 40, 'free', '0.00', '2025-03-25 21:46:53', '2025-03-28 21:46:53', '2025-04-03 14:46:53', '2025-04-03 14:46:53'),
(41, 41, 'store', '0.00', '2025-03-06 21:46:53', '2025-03-11 21:46:53', '2025-04-03 14:46:53', '2025-04-03 14:46:53'),
(42, 42, 'store', '0.00', '2025-03-18 21:46:53', '2025-03-21 21:46:53', '2025-04-03 14:46:53', '2025-04-03 14:46:53'),
(43, 43, 'fixed', '10000.00', '2025-03-08 21:46:53', '2025-03-13 21:46:53', '2025-04-03 14:46:53', '2025-04-03 14:46:53'),
(44, 44, 'fixed', '10000.00', '2025-03-31 21:46:53', '2025-04-04 21:46:53', '2025-04-03 14:46:53', '2025-04-03 14:46:53'),
(45, 45, 'store', '0.00', '2025-03-21 21:46:53', '2025-03-28 21:46:53', '2025-04-03 14:46:53', '2025-04-03 14:46:53'),
(46, 46, 'fixed', '10000.00', '2025-03-10 21:46:53', '2025-03-17 21:46:53', '2025-04-03 14:46:53', '2025-04-03 14:46:53'),
(47, 47, 'fixed', '10000.00', '2025-03-24 21:46:53', '2025-03-28 21:46:53', '2025-04-03 14:46:53', '2025-04-03 14:46:53'),
(48, 48, 'free', '0.00', '2025-04-02 21:46:53', '2025-04-09 21:46:53', '2025-04-03 14:46:53', '2025-04-03 14:46:53'),
(49, 49, 'store', '0.00', '2025-03-07 21:46:53', '2025-03-13 21:46:53', '2025-04-03 14:46:53', '2025-04-03 14:46:53'),
(50, 50, 'fixed', '10000.00', '2025-03-17 21:46:53', '2025-03-23 21:46:53', '2025-04-03 14:46:53', '2025-04-03 14:46:53'),
(51, 51, 'store', '0.00', '2025-03-23 21:46:53', '2025-03-28 21:46:53', '2025-04-03 14:46:53', '2025-04-03 14:46:53'),
(52, 52, 'store', '0.00', '2025-03-11 21:46:53', '2025-03-16 21:46:53', '2025-04-03 14:46:53', '2025-04-03 14:46:53'),
(53, 53, 'free', '0.00', '2025-03-04 21:46:53', '2025-03-11 21:46:53', '2025-04-03 14:46:53', '2025-04-03 14:46:53'),
(54, 54, 'store', '0.00', '2025-03-22 21:46:53', '2025-03-26 21:46:53', '2025-04-03 14:46:53', '2025-04-03 14:46:53'),
(55, 55, 'store', '0.00', '2025-03-30 21:46:53', '2025-04-06 21:46:53', '2025-04-03 14:46:53', '2025-04-03 14:46:53'),
(56, 56, 'fixed', '10000.00', '2025-03-08 21:46:53', '2025-03-15 21:46:53', '2025-04-03 14:46:53', '2025-04-03 14:46:53'),
(57, 57, 'fixed', '10000.00', '2025-03-15 21:46:53', '2025-03-19 21:46:53', '2025-04-03 14:46:53', '2025-04-03 14:46:53'),
(58, 58, 'store', '0.00', '2025-03-22 21:46:53', '2025-03-26 21:46:53', '2025-04-03 14:46:53', '2025-04-03 14:46:53'),
(59, 59, 'fixed', '10000.00', '2025-04-01 21:46:53', '2025-04-06 21:46:53', '2025-04-03 14:46:53', '2025-04-03 14:46:53'),
(60, 60, 'fixed', '10000.00', '2025-03-14 21:46:53', '2025-03-17 21:46:53', '2025-04-03 14:46:53', '2025-04-03 14:46:53'),
(61, 61, 'fixed', '10000.00', '2025-03-08 21:46:53', '2025-03-13 21:46:53', '2025-04-03 14:46:53', '2025-04-03 14:46:53'),
(62, 62, 'free', '0.00', '2025-03-26 21:46:53', '2025-03-30 21:46:53', '2025-04-03 14:46:53', '2025-04-03 14:46:53'),
(63, 63, 'fixed', '10000.00', '2025-03-21 21:46:53', '2025-03-26 21:46:53', '2025-04-03 14:46:53', '2025-04-03 14:46:53'),
(64, 64, 'fixed', '10000.00', '2025-03-10 21:46:53', '2025-03-15 21:46:53', '2025-04-03 14:46:53', '2025-04-03 14:46:53'),
(65, 65, 'free', '0.00', '2025-03-31 21:46:53', '2025-04-07 21:46:53', '2025-04-03 14:46:53', '2025-04-03 14:46:53'),
(66, 66, 'free', '0.00', '2025-03-09 21:46:53', '2025-03-16 21:46:53', '2025-04-03 14:46:53', '2025-04-03 14:46:53'),
(67, 67, 'store', '0.00', '2025-04-02 21:46:53', '2025-04-05 21:46:53', '2025-04-03 14:46:53', '2025-04-03 14:46:53'),
(68, 68, 'fixed', '10000.00', '2025-03-13 21:46:53', '2025-03-17 21:46:53', '2025-04-03 14:46:53', '2025-04-03 14:46:53'),
(69, 69, 'fixed', '10000.00', '2025-03-31 21:46:53', '2025-04-03 21:46:53', '2025-04-03 14:46:53', '2025-04-03 14:46:53'),
(70, 70, 'free', '0.00', '2025-03-15 21:46:53', '2025-03-18 21:46:53', '2025-04-03 14:46:53', '2025-04-03 14:46:53'),
(71, 71, 'free', '0.00', '2025-03-19 21:46:53', '2025-03-25 21:46:53', '2025-04-03 14:46:53', '2025-04-03 14:46:53'),
(72, 72, 'store', '0.00', '2025-03-12 21:46:53', '2025-03-18 21:46:53', '2025-04-03 14:46:53', '2025-04-03 14:46:53'),
(73, 73, 'free', '0.00', '2025-03-07 21:46:53', '2025-03-10 21:46:53', '2025-04-03 14:46:53', '2025-04-03 14:46:53'),
(74, 74, 'store', '0.00', '2025-03-05 21:46:53', '2025-03-08 21:46:53', '2025-04-03 14:46:53', '2025-04-03 14:46:53'),
(75, 75, 'store', '0.00', '2025-03-27 21:46:53', '2025-04-01 21:46:53', '2025-04-03 14:46:53', '2025-04-03 14:46:53'),
(76, 76, 'fixed', '10000.00', '2025-03-28 21:46:53', '2025-04-02 21:46:53', '2025-04-03 14:46:53', '2025-04-03 14:46:53'),
(77, 77, 'store', '0.00', '2025-03-29 21:46:53', '2025-04-04 21:46:53', '2025-04-03 14:46:53', '2025-04-03 14:46:53'),
(78, 78, 'store', '0.00', '2025-03-23 21:46:53', '2025-03-27 21:46:53', '2025-04-03 14:46:53', '2025-04-03 14:46:53'),
(79, 79, 'fixed', '10000.00', '2025-03-04 21:46:53', '2025-03-08 21:46:53', '2025-04-03 14:46:53', '2025-04-03 14:46:53'),
(80, 80, 'store', '0.00', '2025-03-27 21:46:53', '2025-03-31 21:46:53', '2025-04-03 14:46:53', '2025-04-03 14:46:53'),
(81, 81, 'fixed', '10000.00', '2025-03-29 21:46:53', '2025-04-03 21:46:53', '2025-04-03 14:46:53', '2025-04-03 14:46:53'),
(82, 82, 'free', '0.00', '2025-03-18 21:46:53', '2025-03-24 21:46:53', '2025-04-03 14:46:53', '2025-04-03 14:46:53'),
(83, 83, 'free', '0.00', '2025-03-10 21:46:53', '2025-03-13 21:46:53', '2025-04-03 14:46:53', '2025-04-03 14:46:53'),
(84, 84, 'free', '0.00', '2025-03-19 21:46:53', '2025-03-26 21:46:53', '2025-04-03 14:46:53', '2025-04-03 14:46:53'),
(85, 85, 'free', '0.00', '2025-04-01 21:46:53', '2025-04-04 21:46:53', '2025-04-03 14:46:53', '2025-04-03 14:46:53'),
(86, 86, 'fixed', '10000.00', '2025-03-11 21:46:53', '2025-03-14 21:46:53', '2025-04-03 14:46:53', '2025-04-03 14:46:53'),
(87, 87, 'fixed', '10000.00', '2025-03-20 21:46:53', '2025-03-27 21:46:53', '2025-04-03 14:46:53', '2025-04-03 14:46:53'),
(88, 88, 'store', '0.00', '2025-03-06 21:46:53', '2025-03-13 21:46:53', '2025-04-03 14:46:53', '2025-04-03 14:46:53'),
(89, 89, 'store', '0.00', '2025-03-13 21:46:53', '2025-03-16 21:46:53', '2025-04-03 14:46:53', '2025-04-03 14:46:53'),
(90, 90, 'fixed', '10000.00', '2025-03-15 21:46:53', '2025-03-20 21:46:53', '2025-04-03 14:46:53', '2025-04-03 14:46:53'),
(91, 91, 'free', '0.00', '2025-03-18 21:46:53', '2025-03-25 21:46:53', '2025-04-03 14:46:53', '2025-04-03 14:46:53'),
(92, 92, 'store', '0.00', '2025-03-29 21:46:53', '2025-04-02 21:46:53', '2025-04-03 14:46:53', '2025-04-03 14:46:53'),
(93, 93, 'fixed', '10000.00', '2025-03-18 21:46:53', '2025-03-25 21:46:53', '2025-04-03 14:46:53', '2025-04-03 14:46:53'),
(94, 94, 'fixed', '10000.00', '2025-03-16 21:46:53', '2025-03-21 21:46:53', '2025-04-03 14:46:53', '2025-04-03 14:46:53'),
(95, 95, 'fixed', '10000.00', '2025-03-10 21:46:53', '2025-03-15 21:46:53', '2025-04-03 14:46:53', '2025-04-03 14:46:53'),
(96, 96, 'fixed', '10000.00', '2025-03-13 21:46:53', '2025-03-17 21:46:53', '2025-04-03 14:46:53', '2025-04-03 14:46:53'),
(97, 97, 'free', '0.00', '2025-03-31 21:46:53', '2025-04-07 21:46:53', '2025-04-03 14:46:53', '2025-04-03 14:46:53'),
(98, 98, 'free', '0.00', '2025-03-27 21:46:53', '2025-04-03 21:46:53', '2025-04-03 14:46:53', '2025-04-03 14:46:53'),
(99, 99, 'free', '0.00', '2025-04-02 21:46:53', '2025-04-08 21:46:53', '2025-04-03 14:46:53', '2025-04-03 14:46:53'),
(100, 100, 'free', '0.00', '2025-03-06 21:46:53', '2025-03-10 21:46:53', '2025-04-03 14:46:53', '2025-04-03 14:46:53'),
(101, 101, 'fixed', '10000.00', '2025-03-05 21:46:53', '2025-03-12 21:46:53', '2025-04-03 14:46:53', '2025-04-03 14:46:53'),
(102, 102, 'store', '0.00', '2025-03-06 21:46:53', '2025-03-10 21:46:53', '2025-04-03 14:46:53', '2025-04-03 14:46:53'),
(103, 103, 'free', '0.00', '2025-03-16 21:46:53', '2025-03-19 21:46:53', '2025-04-03 14:46:53', '2025-04-03 14:46:53'),
(104, 104, 'free', '0.00', '2025-03-10 21:46:53', '2025-03-13 21:46:53', '2025-04-03 14:46:53', '2025-04-03 14:46:53'),
(105, 105, 'fixed', '10000.00', '2025-03-06 21:46:53', '2025-03-10 21:46:53', '2025-04-03 14:46:53', '2025-04-03 14:46:53'),
(106, 106, 'fixed', '10000.00', '2025-03-31 21:46:53', '2025-04-03 21:46:53', '2025-04-03 14:46:53', '2025-04-03 14:46:53'),
(107, 107, 'free', '0.00', '2025-04-02 21:46:53', '2025-04-07 21:46:53', '2025-04-03 14:46:53', '2025-04-03 14:46:53'),
(108, 108, 'fixed', '10000.00', '2025-04-01 21:46:53', '2025-04-04 21:46:53', '2025-04-03 14:46:53', '2025-04-03 14:46:53'),
(109, 109, 'free', '0.00', '2025-03-26 21:46:53', '2025-03-31 21:46:53', '2025-04-03 14:46:53', '2025-04-03 14:46:53'),
(110, 110, 'store', '0.00', '2025-03-06 21:46:53', '2025-03-09 21:46:53', '2025-04-03 14:46:53', '2025-04-03 14:46:53'),
(111, 111, 'store', '0.00', '2025-03-14 21:46:53', '2025-03-18 21:46:53', '2025-04-03 14:46:53', '2025-04-03 14:46:53'),
(112, 112, 'store', '0.00', '2025-03-15 21:46:53', '2025-03-18 21:46:53', '2025-04-03 14:46:53', '2025-04-03 14:46:53'),
(113, 113, 'free', '0.00', '2025-03-11 21:46:53', '2025-03-15 21:46:53', '2025-04-03 14:46:53', '2025-04-03 14:46:53'),
(114, 114, 'fixed', '10000.00', '2025-03-05 21:46:53', '2025-03-10 21:46:53', '2025-04-03 14:46:53', '2025-04-03 14:46:53'),
(115, 115, 'free', '0.00', '2025-03-06 21:46:53', '2025-03-13 21:46:53', '2025-04-03 14:46:53', '2025-04-03 14:46:53'),
(116, 116, 'free', '0.00', '2025-03-28 21:46:53', '2025-04-02 21:46:53', '2025-04-03 14:46:53', '2025-04-03 14:46:53'),
(117, 117, 'free', '0.00', '2025-03-11 21:46:53', '2025-03-15 21:46:53', '2025-04-03 14:46:53', '2025-04-03 14:46:53'),
(118, 118, 'fixed', '10000.00', '2025-03-29 21:46:53', '2025-04-04 21:46:53', '2025-04-03 14:46:53', '2025-04-03 14:46:53'),
(119, 119, 'store', '0.00', '2025-03-26 21:46:53', '2025-04-02 21:46:53', '2025-04-03 14:46:53', '2025-04-03 14:46:53'),
(120, 120, 'store', '0.00', '2025-03-15 21:46:53', '2025-03-18 21:46:53', '2025-04-03 14:46:53', '2025-04-03 14:46:53'),
(121, 121, 'store', '0.00', '2025-03-06 21:46:53', '2025-03-12 21:46:53', '2025-04-03 14:46:53', '2025-04-03 14:46:53'),
(122, 122, 'store', '0.00', '2025-03-17 21:46:53', '2025-03-24 21:46:53', '2025-04-03 14:46:53', '2025-04-03 14:46:53'),
(123, 123, 'free', '0.00', '2025-03-08 21:46:53', '2025-03-11 21:46:53', '2025-04-03 14:46:53', '2025-04-03 14:46:53'),
(124, 124, 'fixed', '10000.00', '2025-03-05 21:46:53', '2025-03-11 21:46:53', '2025-04-03 14:46:53', '2025-04-03 14:46:53'),
(125, 125, 'free', '0.00', '2025-03-19 21:46:53', '2025-03-23 21:46:53', '2025-04-03 14:46:53', '2025-04-03 14:46:53'),
(126, 126, 'fixed', '10000.00', '2025-03-14 21:46:53', '2025-03-21 21:46:53', '2025-04-03 14:46:53', '2025-04-03 14:46:53'),
(127, 127, 'fixed', '10000.00', '2025-04-02 21:46:53', '2025-04-08 21:46:53', '2025-04-03 14:46:53', '2025-04-03 14:46:53'),
(128, 128, 'store', '0.00', '2025-03-18 21:46:53', '2025-03-25 21:46:53', '2025-04-03 14:46:53', '2025-04-03 14:46:53'),
(129, 129, 'store', '0.00', '2025-03-07 21:46:53', '2025-03-11 21:46:53', '2025-04-03 14:46:53', '2025-04-03 14:46:53'),
(130, 130, 'free', '0.00', '2025-03-26 21:46:53', '2025-03-31 21:46:53', '2025-04-03 14:46:53', '2025-04-03 14:46:53'),
(131, 131, 'store', '0.00', '2025-03-15 21:46:53', '2025-03-22 21:46:53', '2025-04-03 14:46:53', '2025-04-03 14:46:53'),
(132, 132, 'store', '0.00', '2025-03-07 21:46:53', '2025-03-10 21:46:53', '2025-04-03 14:46:53', '2025-04-03 14:46:53'),
(133, 133, 'store', '0.00', '2025-03-05 21:46:53', '2025-03-11 21:46:53', '2025-04-03 14:46:53', '2025-04-03 14:46:53'),
(134, 134, 'store', '0.00', '2025-03-26 21:46:53', '2025-04-02 21:46:53', '2025-04-03 14:46:53', '2025-04-03 14:46:53'),
(135, 135, 'store', '0.00', '2025-03-07 21:46:53', '2025-03-12 21:46:53', '2025-04-03 14:46:53', '2025-04-03 14:46:53'),
(136, 136, 'free', '0.00', '2025-03-15 21:46:53', '2025-03-18 21:46:53', '2025-04-03 14:46:53', '2025-04-03 14:46:53'),
(137, 137, 'store', '0.00', '2025-03-10 21:46:53', '2025-03-15 21:46:53', '2025-04-03 14:46:53', '2025-04-03 14:46:53'),
(138, 138, 'store', '0.00', '2025-03-19 21:46:53', '2025-03-26 21:46:53', '2025-04-03 14:46:53', '2025-04-03 14:46:53'),
(139, 139, 'store', '0.00', '2025-03-07 21:46:53', '2025-03-11 21:46:53', '2025-04-03 14:46:53', '2025-04-03 14:46:53'),
(140, 140, 'fixed', '10000.00', '2025-03-14 21:46:53', '2025-03-17 21:46:53', '2025-04-03 14:46:53', '2025-04-03 14:46:53'),
(141, 141, 'free', '0.00', '2025-03-31 21:46:53', '2025-04-04 21:46:53', '2025-04-03 14:46:53', '2025-04-03 14:46:53'),
(142, 142, 'free', '0.00', '2025-03-08 21:46:53', '2025-03-14 21:46:53', '2025-04-03 14:46:53', '2025-04-03 14:46:53'),
(143, 143, 'free', '0.00', '2025-03-30 21:46:53', '2025-04-02 21:46:53', '2025-04-03 14:46:53', '2025-04-03 14:46:53'),
(144, 144, 'free', '0.00', '2025-03-17 21:46:53', '2025-03-24 21:46:53', '2025-04-03 14:46:53', '2025-04-03 14:46:53'),
(145, 145, 'store', '0.00', '2025-03-06 21:46:53', '2025-03-09 21:46:53', '2025-04-03 14:46:53', '2025-04-03 14:46:53'),
(146, 146, 'store', '0.00', '2025-03-10 21:46:53', '2025-03-16 21:46:53', '2025-04-03 14:46:53', '2025-04-03 14:46:53'),
(147, 147, 'store', '0.00', '2025-03-11 21:46:53', '2025-03-16 21:46:53', '2025-04-03 14:46:53', '2025-04-03 14:46:53'),
(148, 148, 'store', '0.00', '2025-04-01 21:46:53', '2025-04-08 21:46:53', '2025-04-03 14:46:53', '2025-04-03 14:46:53'),
(149, 149, 'fixed', '10000.00', '2025-03-20 21:46:53', '2025-03-24 21:46:53', '2025-04-03 14:46:53', '2025-04-03 14:46:53'),
(150, 150, 'free', '0.00', '2025-03-28 21:46:53', '2025-04-04 21:46:53', '2025-04-03 14:46:53', '2025-04-03 14:46:53'),
(151, 151, 'free', '0.00', '2025-03-05 21:46:53', '2025-03-10 21:46:53', '2025-04-03 14:46:53', '2025-04-03 14:46:53'),
(152, 152, 'store', '0.00', '2025-03-30 21:46:53', '2025-04-02 21:46:53', '2025-04-03 14:46:53', '2025-04-03 14:46:53'),
(153, 153, 'store', '0.00', '2025-03-18 21:46:53', '2025-03-24 21:46:53', '2025-04-03 14:46:53', '2025-04-03 14:46:53'),
(154, 154, 'free', '0.00', '2025-03-29 21:46:53', '2025-04-05 21:46:53', '2025-04-03 14:46:53', '2025-04-03 14:46:53'),
(155, 155, 'fixed', '10000.00', '2025-03-25 21:46:53', '2025-03-28 21:46:53', '2025-04-03 14:46:53', '2025-04-03 14:46:53'),
(156, 156, 'free', '0.00', '2025-03-25 21:46:53', '2025-04-01 21:46:53', '2025-04-03 14:46:53', '2025-04-03 14:46:53'),
(157, 157, 'free', '0.00', '2025-03-27 21:46:53', '2025-04-01 21:46:53', '2025-04-03 14:46:53', '2025-04-03 14:46:53'),
(158, 158, 'store', '0.00', '2025-04-01 21:46:53', '2025-04-04 21:46:53', '2025-04-03 14:46:53', '2025-04-03 14:46:53'),
(159, 159, 'free', '0.00', '2025-03-08 21:46:53', '2025-03-11 21:46:53', '2025-04-03 14:46:53', '2025-04-03 14:46:53'),
(160, 160, 'fixed', '10000.00', '2025-03-17 21:46:53', '2025-03-21 21:46:53', '2025-04-03 14:46:53', '2025-04-03 14:46:53'),
(161, 161, 'fixed', '10000.00', '2025-03-13 21:46:53', '2025-03-17 21:46:53', '2025-04-03 14:46:53', '2025-04-03 14:46:53'),
(162, 162, 'fixed', '10000.00', '2025-03-22 21:46:53', '2025-03-26 21:46:53', '2025-04-03 14:46:53', '2025-04-03 14:46:53'),
(163, 163, 'fixed', '10000.00', '2025-03-13 21:46:53', '2025-03-20 21:46:53', '2025-04-03 14:46:53', '2025-04-03 14:46:53'),
(164, 164, 'fixed', '10000.00', '2025-03-28 21:46:53', '2025-04-03 21:46:53', '2025-04-03 14:46:53', '2025-04-03 14:46:53'),
(165, 165, 'store', '0.00', '2025-03-23 21:46:53', '2025-03-27 21:46:53', '2025-04-03 14:46:53', '2025-04-03 14:46:53'),
(166, 166, 'free', '0.00', '2025-03-27 21:46:53', '2025-04-03 21:46:53', '2025-04-03 14:46:53', '2025-04-03 14:46:53'),
(167, 167, 'free', '0.00', '2025-03-31 21:46:53', '2025-04-04 21:46:53', '2025-04-03 14:46:53', '2025-04-03 14:46:53'),
(168, 168, 'store', '0.00', '2025-03-31 21:46:53', '2025-04-03 21:46:53', '2025-04-03 14:46:53', '2025-04-03 14:46:53'),
(169, 169, 'free', '0.00', '2025-03-14 21:46:53', '2025-03-19 21:46:53', '2025-04-03 14:46:53', '2025-04-03 14:46:53'),
(170, 170, 'fixed', '10000.00', '2025-03-11 21:46:53', '2025-03-16 21:46:53', '2025-04-03 14:46:53', '2025-04-03 14:46:53'),
(171, 171, 'free', '0.00', '2025-03-21 21:46:53', '2025-03-25 21:46:53', '2025-04-03 14:46:53', '2025-04-03 14:46:53'),
(172, 172, 'store', '0.00', '2025-03-09 21:46:53', '2025-03-14 21:46:53', '2025-04-03 14:46:53', '2025-04-03 14:46:53'),
(173, 173, 'store', '0.00', '2025-03-12 21:46:53', '2025-03-17 21:46:53', '2025-04-03 14:46:53', '2025-04-03 14:46:53'),
(174, 174, 'store', '0.00', '2025-03-21 21:46:53', '2025-03-26 21:46:53', '2025-04-03 14:46:53', '2025-04-03 14:46:53'),
(175, 175, 'fixed', '10000.00', '2025-03-20 21:46:53', '2025-03-24 21:46:53', '2025-04-03 14:46:53', '2025-04-03 14:46:53'),
(176, 176, 'store', '0.00', '2025-03-08 21:46:53', '2025-03-12 21:46:53', '2025-04-03 14:46:53', '2025-04-03 14:46:53'),
(177, 177, 'store', '0.00', '2025-03-08 21:46:53', '2025-03-11 21:46:53', '2025-04-03 14:46:53', '2025-04-03 14:46:53'),
(178, 178, 'fixed', '10000.00', '2025-03-11 21:46:53', '2025-03-17 21:46:53', '2025-04-03 14:46:53', '2025-04-03 14:46:53'),
(179, 179, 'fixed', '10000.00', '2025-03-28 21:46:53', '2025-04-04 21:46:53', '2025-04-03 14:46:53', '2025-04-03 14:46:53'),
(180, 180, 'fixed', '10000.00', '2025-03-23 21:46:53', '2025-03-29 21:46:53', '2025-04-03 14:46:53', '2025-04-03 14:46:53'),
(181, 181, 'free', '0.00', '2025-03-04 21:46:53', '2025-03-11 21:46:53', '2025-04-03 14:46:53', '2025-04-03 14:46:53'),
(182, 182, 'free', '0.00', '2025-04-01 21:46:53', '2025-04-08 21:46:53', '2025-04-03 14:46:53', '2025-04-03 14:46:53'),
(183, 183, 'free', '0.00', '2025-03-31 21:46:53', '2025-04-03 21:46:53', '2025-04-03 14:46:53', '2025-04-03 14:46:53'),
(184, 184, 'free', '0.00', '2025-03-19 21:46:53', '2025-03-25 21:46:53', '2025-04-03 14:46:53', '2025-04-03 14:46:53'),
(185, 185, 'free', '0.00', '2025-04-02 21:46:53', '2025-04-06 21:46:53', '2025-04-03 14:46:53', '2025-04-03 14:46:53'),
(186, 186, 'store', '0.00', '2025-03-19 21:46:53', '2025-03-25 21:46:53', '2025-04-03 14:46:53', '2025-04-03 14:46:53'),
(187, 187, 'free', '0.00', '2025-03-08 21:46:53', '2025-03-11 21:46:53', '2025-04-03 14:46:53', '2025-04-03 14:46:53'),
(188, 188, 'store', '0.00', '2025-03-29 21:46:53', '2025-04-04 21:46:53', '2025-04-03 14:46:53', '2025-04-03 14:46:53'),
(189, 189, 'store', '0.00', '2025-03-12 21:46:53', '2025-03-17 21:46:53', '2025-04-03 14:46:53', '2025-04-03 14:46:53'),
(190, 190, 'fixed', '10000.00', '2025-03-09 21:46:53', '2025-03-12 21:46:53', '2025-04-03 14:46:53', '2025-04-03 14:46:53'),
(191, 191, 'free', '0.00', '2025-03-27 21:46:53', '2025-04-02 21:46:53', '2025-04-03 14:46:53', '2025-04-03 14:46:53'),
(192, 192, 'fixed', '10000.00', '2025-03-06 21:46:53', '2025-03-11 21:46:53', '2025-04-03 14:46:53', '2025-04-03 14:46:53'),
(193, 193, 'fixed', '10000.00', '2025-03-12 21:46:53', '2025-03-18 21:46:53', '2025-04-03 14:46:53', '2025-04-03 14:46:53'),
(194, 194, 'store', '0.00', '2025-03-14 21:46:53', '2025-03-18 21:46:53', '2025-04-03 14:46:53', '2025-04-03 14:46:53'),
(195, 195, 'fixed', '10000.00', '2025-03-14 21:46:53', '2025-03-17 21:46:53', '2025-04-03 14:46:53', '2025-04-03 14:46:53'),
(196, 196, 'store', '0.00', '2025-03-31 21:46:53', '2025-04-05 21:46:53', '2025-04-03 14:46:53', '2025-04-03 14:46:53'),
(197, 197, 'free', '0.00', '2025-03-12 21:46:53', '2025-03-15 21:46:53', '2025-04-03 14:46:53', '2025-04-03 14:46:53'),
(198, 198, 'free', '0.00', '2025-03-31 21:46:53', '2025-04-04 21:46:53', '2025-04-03 14:46:53', '2025-04-03 14:46:53'),
(199, 199, 'fixed', '10000.00', '2025-04-02 21:46:53', '2025-04-08 21:46:53', '2025-04-03 14:46:53', '2025-04-03 14:46:53'),
(200, 200, 'fixed', '10000.00', '2025-03-07 21:46:53', '2025-03-13 21:46:53', '2025-04-03 14:46:53', '2025-04-03 14:46:53'),
(201, 201, 'store', '0.00', '2025-03-04 21:46:53', '2025-03-08 21:46:53', '2025-04-03 14:46:53', '2025-04-03 14:46:53'),
(202, 202, 'free', '0.00', '2025-03-12 21:46:53', '2025-03-18 21:46:53', '2025-04-03 14:46:53', '2025-04-03 14:46:53'),
(203, 203, 'store', '0.00', '2025-03-28 21:46:53', '2025-04-02 21:46:53', '2025-04-03 14:46:53', '2025-04-03 14:46:53'),
(204, 204, 'free', '0.00', '2025-03-18 21:46:53', '2025-03-25 21:46:53', '2025-04-03 14:46:53', '2025-04-03 14:46:53'),
(205, 205, 'store', '0.00', '2025-03-05 21:46:53', '2025-03-09 21:46:53', '2025-04-03 14:46:53', '2025-04-03 14:46:53'),
(206, 206, 'store', '0.00', '2025-03-04 21:46:53', '2025-03-07 21:46:53', '2025-04-03 14:46:53', '2025-04-03 14:46:53'),
(207, 207, 'fixed', '10000.00', '2025-03-29 21:46:53', '2025-04-01 21:46:53', '2025-04-03 14:46:53', '2025-04-03 14:46:53'),
(208, 208, 'store', '0.00', '2025-03-05 21:46:53', '2025-03-10 21:46:53', '2025-04-03 14:46:53', '2025-04-03 14:46:53'),
(209, 209, 'free', '0.00', '2025-03-20 21:46:53', '2025-03-24 21:46:53', '2025-04-03 14:46:53', '2025-04-03 14:46:53'),
(210, 210, 'free', '0.00', '2025-03-27 21:46:53', '2025-04-02 21:46:53', '2025-04-03 14:46:53', '2025-04-03 14:46:53'),
(211, 211, 'store', '0.00', '2025-03-26 21:46:53', '2025-03-30 21:46:53', '2025-04-03 14:46:53', '2025-04-03 14:46:53'),
(212, 212, 'fixed', '10000.00', '2025-03-16 21:46:53', '2025-03-21 21:46:53', '2025-04-03 14:46:53', '2025-04-03 14:46:53'),
(213, 213, 'fixed', '10000.00', '2025-03-18 21:46:53', '2025-03-23 21:46:53', '2025-04-03 14:46:53', '2025-04-03 14:46:53'),
(214, 214, 'free', '0.00', '2025-03-05 21:46:53', '2025-03-08 21:46:53', '2025-04-03 14:46:53', '2025-04-03 14:46:53'),
(215, 215, 'store', '0.00', '2025-03-10 21:46:53', '2025-03-16 21:46:53', '2025-04-03 14:46:53', '2025-04-03 14:46:53'),
(216, 216, 'fixed', '10000.00', '2025-03-08 21:46:53', '2025-03-15 21:46:53', '2025-04-03 14:46:53', '2025-04-03 14:46:53'),
(217, 217, 'store', '0.00', '2025-04-02 21:46:53', '2025-04-07 21:46:53', '2025-04-03 14:46:53', '2025-04-03 14:46:53'),
(218, 218, 'store', '0.00', '2025-03-24 21:46:53', '2025-03-28 21:46:53', '2025-04-03 14:46:53', '2025-04-03 14:46:53'),
(219, 219, 'store', '0.00', '2025-03-29 21:46:53', '2025-04-03 21:46:53', '2025-04-03 14:46:53', '2025-04-03 14:46:53'),
(220, 220, 'fixed', '10000.00', '2025-03-08 21:46:53', '2025-03-12 21:46:53', '2025-04-03 14:46:53', '2025-04-03 14:46:53'),
(221, 221, 'store', '0.00', '2025-03-05 21:46:53', '2025-03-09 21:46:53', '2025-04-03 14:46:53', '2025-04-03 14:46:53'),
(222, 222, 'free', '0.00', '2025-03-26 21:46:53', '2025-04-02 21:46:53', '2025-04-03 14:46:53', '2025-04-03 14:46:53'),
(223, 223, 'free', '0.00', '2025-03-16 21:46:53', '2025-03-21 21:46:53', '2025-04-03 14:46:53', '2025-04-03 14:46:53'),
(224, 224, 'store', '0.00', '2025-03-29 21:46:53', '2025-04-02 21:46:53', '2025-04-03 14:46:53', '2025-04-03 14:46:53'),
(225, 225, 'free', '0.00', '2025-03-24 21:46:53', '2025-03-30 21:46:53', '2025-04-03 14:46:53', '2025-04-03 14:46:53'),
(226, 226, 'free', '0.00', '2025-03-28 21:46:53', '2025-04-02 21:46:53', '2025-04-03 14:46:53', '2025-04-03 14:46:53'),
(227, 227, 'free', '0.00', '2025-03-18 21:46:53', '2025-03-25 21:46:53', '2025-04-03 14:46:53', '2025-04-03 14:46:53'),
(228, 228, 'free', '0.00', '2025-03-11 21:46:53', '2025-03-16 21:46:53', '2025-04-03 14:46:53', '2025-04-03 14:46:53'),
(229, 229, 'store', '0.00', '2025-03-09 21:46:53', '2025-03-16 21:46:53', '2025-04-03 14:46:53', '2025-04-03 14:46:53'),
(230, 230, 'free', '0.00', '2025-03-30 21:46:53', '2025-04-06 21:46:53', '2025-04-03 14:46:53', '2025-04-03 14:46:53'),
(231, 231, 'fixed', '10000.00', '2025-03-05 21:46:53', '2025-03-08 21:46:53', '2025-04-03 14:46:53', '2025-04-03 14:46:53'),
(232, 232, 'fixed', '10000.00', '2025-03-25 21:46:54', '2025-03-29 21:46:54', '2025-04-03 14:46:54', '2025-04-03 14:46:54'),
(233, 233, 'fixed', '10000.00', '2025-03-17 21:46:54', '2025-03-22 21:46:54', '2025-04-03 14:46:54', '2025-04-03 14:46:54'),
(234, 234, 'fixed', '10000.00', '2025-03-25 21:46:54', '2025-03-29 21:46:54', '2025-04-03 14:46:54', '2025-04-03 14:46:54'),
(235, 235, 'store', '0.00', '2025-03-10 21:46:54', '2025-03-13 21:46:54', '2025-04-03 14:46:54', '2025-04-03 14:46:54'),
(236, 236, 'store', '0.00', '2025-03-12 21:46:54', '2025-03-18 21:46:54', '2025-04-03 14:46:54', '2025-04-03 14:46:54'),
(237, 237, 'store', '0.00', '2025-03-29 21:46:54', '2025-04-05 21:46:54', '2025-04-03 14:46:54', '2025-04-03 14:46:54'),
(238, 238, 'fixed', '10000.00', '2025-03-10 21:46:54', '2025-03-13 21:46:54', '2025-04-03 14:46:54', '2025-04-03 14:46:54'),
(239, 239, 'free', '0.00', '2025-03-16 21:46:54', '2025-03-20 21:46:54', '2025-04-03 14:46:54', '2025-04-03 14:46:54'),
(240, 240, 'store', '0.00', '2025-03-24 21:46:54', '2025-03-29 21:46:54', '2025-04-03 14:46:54', '2025-04-03 14:46:54'),
(241, 241, 'store', '0.00', '2025-03-23 21:46:54', '2025-03-30 21:46:54', '2025-04-03 14:46:54', '2025-04-03 14:46:54'),
(242, 242, 'fixed', '10000.00', '2025-03-18 21:46:54', '2025-03-24 21:46:54', '2025-04-03 14:46:54', '2025-04-03 14:46:54'),
(243, 243, 'store', '0.00', '2025-04-02 21:46:54', '2025-04-09 21:46:54', '2025-04-03 14:46:54', '2025-04-03 14:46:54'),
(244, 244, 'fixed', '10000.00', '2025-03-26 21:46:54', '2025-03-31 21:46:54', '2025-04-03 14:46:54', '2025-04-03 14:46:54'),
(245, 245, 'store', '0.00', '2025-03-12 21:46:54', '2025-03-19 21:46:54', '2025-04-03 14:46:54', '2025-04-03 14:46:54'),
(246, 246, 'store', '0.00', '2025-03-31 21:46:54', '2025-04-03 21:46:54', '2025-04-03 14:46:54', '2025-04-03 14:46:54'),
(247, 247, 'fixed', '10000.00', '2025-03-15 21:46:54', '2025-03-22 21:46:54', '2025-04-03 14:46:54', '2025-04-03 14:46:54'),
(248, 248, 'fixed', '10000.00', '2025-03-08 21:46:54', '2025-03-14 21:46:54', '2025-04-03 14:46:54', '2025-04-03 14:46:54'),
(249, 249, 'free', '0.00', '2025-03-19 21:46:54', '2025-03-26 21:46:54', '2025-04-03 14:46:54', '2025-04-03 14:46:54'),
(250, 250, 'fixed', '10000.00', '2025-03-21 21:46:54', '2025-03-26 21:46:54', '2025-04-03 14:46:54', '2025-04-03 14:46:54'),
(251, 251, 'store', '0.00', '2025-03-24 21:46:54', '2025-03-31 21:46:54', '2025-04-03 14:46:54', '2025-04-03 14:46:54'),
(252, 252, 'free', '0.00', '2025-03-20 21:46:54', '2025-03-24 21:46:54', '2025-04-03 14:46:54', '2025-04-03 14:46:54'),
(253, 253, 'free', '0.00', '2025-03-29 21:46:54', '2025-04-03 21:46:54', '2025-04-03 14:46:54', '2025-04-03 14:46:54'),
(254, 254, 'store', '0.00', '2025-03-16 21:46:54', '2025-03-19 21:46:54', '2025-04-03 14:46:54', '2025-04-03 14:46:54'),
(255, 255, 'free', '0.00', '2025-03-15 21:46:54', '2025-03-21 21:46:54', '2025-04-03 14:46:54', '2025-04-03 14:46:54'),
(256, 256, 'free', '0.00', '2025-03-25 21:46:54', '2025-03-31 21:46:54', '2025-04-03 14:46:54', '2025-04-03 14:46:54'),
(257, 257, 'fixed', '10000.00', '2025-03-11 21:46:54', '2025-03-18 21:46:54', '2025-04-03 14:46:54', '2025-04-03 14:46:54'),
(258, 258, 'fixed', '10000.00', '2025-03-27 21:46:54', '2025-03-31 21:46:54', '2025-04-03 14:46:54', '2025-04-03 14:46:54'),
(259, 259, 'fixed', '10000.00', '2025-03-22 21:46:54', '2025-03-25 21:46:54', '2025-04-03 14:46:54', '2025-04-03 14:46:54'),
(260, 260, 'free', '0.00', '2025-03-11 21:46:54', '2025-03-17 21:46:54', '2025-04-03 14:46:54', '2025-04-03 14:46:54'),
(261, 261, 'fixed', '10000.00', '2025-04-01 21:46:54', '2025-04-04 21:46:54', '2025-04-03 14:46:54', '2025-04-03 14:46:54'),
(262, 262, 'free', '0.00', '2025-03-19 21:46:54', '2025-03-24 21:46:54', '2025-04-03 14:46:54', '2025-04-03 14:46:54'),
(263, 263, 'store', '0.00', '2025-03-07 21:46:54', '2025-03-13 21:46:54', '2025-04-03 14:46:54', '2025-04-03 14:46:54'),
(264, 264, 'store', '0.00', '2025-03-07 21:46:54', '2025-03-13 21:46:54', '2025-04-03 14:46:54', '2025-04-03 14:46:54'),
(265, 265, 'free', '0.00', '2025-03-30 21:46:54', '2025-04-06 21:46:54', '2025-04-03 14:46:54', '2025-04-03 14:46:54'),
(266, 266, 'store', '0.00', '2025-03-19 21:46:54', '2025-03-22 21:46:54', '2025-04-03 14:46:54', '2025-04-03 14:46:54'),
(267, 267, 'free', '0.00', '2025-03-26 21:46:54', '2025-04-01 21:46:54', '2025-04-03 14:46:54', '2025-04-03 14:46:54'),
(268, 268, 'store', '0.00', '2025-03-12 21:46:54', '2025-03-15 21:46:54', '2025-04-03 14:46:54', '2025-04-03 14:46:54'),
(269, 269, 'fixed', '10000.00', '2025-03-30 21:46:54', '2025-04-03 21:46:54', '2025-04-03 14:46:54', '2025-04-03 14:46:54'),
(270, 270, 'fixed', '10000.00', '2025-03-14 21:46:54', '2025-03-21 21:46:54', '2025-04-03 14:46:54', '2025-04-03 14:46:54'),
(271, 271, 'store', '0.00', '2025-03-06 21:46:54', '2025-03-09 21:46:54', '2025-04-03 14:46:54', '2025-04-03 14:46:54'),
(272, 272, 'store', '0.00', '2025-03-22 21:46:54', '2025-03-25 21:46:54', '2025-04-03 14:46:54', '2025-04-03 14:46:54'),
(273, 273, 'free', '0.00', '2025-03-10 21:46:54', '2025-03-17 21:46:54', '2025-04-03 14:46:54', '2025-04-03 14:46:54'),
(274, 274, 'store', '0.00', '2025-03-15 21:46:54', '2025-03-19 21:46:54', '2025-04-03 14:46:54', '2025-04-03 14:46:54'),
(275, 275, 'fixed', '10000.00', '2025-03-22 21:46:54', '2025-03-29 21:46:54', '2025-04-03 14:46:54', '2025-04-03 14:46:54'),
(276, 276, 'store', '0.00', '2025-03-21 21:46:54', '2025-03-25 21:46:54', '2025-04-03 14:46:54', '2025-04-03 14:46:54'),
(277, 277, 'store', '0.00', '2025-04-02 21:46:54', '2025-04-07 21:46:54', '2025-04-03 14:46:54', '2025-04-03 14:46:54'),
(278, 278, 'free', '0.00', '2025-03-14 21:46:54', '2025-03-21 21:46:54', '2025-04-03 14:46:54', '2025-04-03 14:46:54'),
(279, 279, 'store', '0.00', '2025-03-12 21:46:54', '2025-03-16 21:46:54', '2025-04-03 14:46:54', '2025-04-03 14:46:54'),
(280, 280, 'fixed', '10000.00', '2025-03-14 21:46:54', '2025-03-18 21:46:54', '2025-04-03 14:46:54', '2025-04-03 14:46:54'),
(281, 281, 'free', '0.00', '2025-03-19 21:46:54', '2025-03-25 21:46:54', '2025-04-03 14:46:54', '2025-04-03 14:46:54'),
(282, 282, 'store', '0.00', '2025-03-24 21:46:54', '2025-03-27 21:46:54', '2025-04-03 14:46:54', '2025-04-03 14:46:54'),
(283, 283, 'free', '0.00', '2025-03-30 21:46:54', '2025-04-03 21:46:54', '2025-04-03 14:46:54', '2025-04-03 14:46:54'),
(284, 284, 'fixed', '10000.00', '2025-03-22 21:46:54', '2025-03-27 21:46:54', '2025-04-03 14:46:54', '2025-04-03 14:46:54'),
(285, 285, 'fixed', '10000.00', '2025-03-04 21:46:54', '2025-03-11 21:46:54', '2025-04-03 14:46:54', '2025-04-03 14:46:54'),
(286, 286, 'fixed', '10000.00', '2025-03-27 21:46:54', '2025-03-31 21:46:54', '2025-04-03 14:46:54', '2025-04-03 14:46:54'),
(287, 287, 'fixed', '10000.00', '2025-03-23 21:46:54', '2025-03-27 21:46:54', '2025-04-03 14:46:54', '2025-04-03 14:46:54'),
(288, 288, 'free', '0.00', '2025-03-29 21:46:54', '2025-04-02 21:46:54', '2025-04-03 14:46:54', '2025-04-03 14:46:54'),
(289, 289, 'store', '0.00', '2025-03-17 21:46:54', '2025-03-22 21:46:54', '2025-04-03 14:46:54', '2025-04-03 14:46:54'),
(290, 290, 'fixed', '10000.00', '2025-03-12 21:46:54', '2025-03-17 21:46:54', '2025-04-03 14:46:54', '2025-04-03 14:46:54'),
(291, 291, 'free', '0.00', '2025-03-13 21:46:54', '2025-03-19 21:46:54', '2025-04-03 14:46:54', '2025-04-03 14:46:54'),
(292, 292, 'fixed', '10000.00', '2025-04-01 21:46:54', '2025-04-08 21:46:54', '2025-04-03 14:46:54', '2025-04-03 14:46:54'),
(293, 293, 'free', '0.00', '2025-03-22 21:46:54', '2025-03-28 21:46:54', '2025-04-03 14:46:54', '2025-04-03 14:46:54'),
(294, 294, 'store', '0.00', '2025-03-31 21:46:54', '2025-04-07 21:46:54', '2025-04-03 14:46:54', '2025-04-03 14:46:54'),
(295, 295, 'free', '0.00', '2025-03-06 21:46:54', '2025-03-10 21:46:54', '2025-04-03 14:46:54', '2025-04-03 14:46:54'),
(296, 296, 'free', '0.00', '2025-03-13 21:46:54', '2025-03-16 21:46:54', '2025-04-03 14:46:54', '2025-04-03 14:46:54'),
(297, 297, 'store', '0.00', '2025-03-17 21:46:54', '2025-03-24 21:46:54', '2025-04-03 14:46:54', '2025-04-03 14:46:54'),
(298, 298, 'store', '0.00', '2025-04-02 21:46:54', '2025-04-08 21:46:54', '2025-04-03 14:46:54', '2025-04-03 14:46:54'),
(299, 299, 'free', '0.00', '2025-03-21 21:46:54', '2025-03-24 21:46:54', '2025-04-03 14:46:54', '2025-04-03 14:46:54'),
(300, 300, 'fixed', '10000.00', '2025-03-18 21:46:54', '2025-03-25 21:46:54', '2025-04-03 14:46:54', '2025-04-03 14:46:54'),
(301, 301, 'fixed', '10000.00', '2025-03-17 21:46:54', '2025-03-20 21:46:54', '2025-04-03 14:46:54', '2025-04-03 14:46:54'),
(302, 302, 'store', '0.00', '2025-03-29 21:46:54', '2025-04-04 21:46:54', '2025-04-03 14:46:54', '2025-04-03 14:46:54'),
(303, 303, 'fixed', '10000.00', '2025-03-12 21:46:54', '2025-03-19 21:46:54', '2025-04-03 14:46:54', '2025-04-03 14:46:54'),
(304, 304, 'fixed', '10000.00', '2025-04-01 21:46:54', '2025-04-06 21:46:54', '2025-04-03 14:46:54', '2025-04-03 14:46:54'),
(305, 305, 'fixed', '10000.00', '2025-03-06 21:46:54', '2025-03-09 21:46:54', '2025-04-03 14:46:54', '2025-04-03 14:46:54'),
(306, 306, 'store', '0.00', '2025-03-21 21:46:54', '2025-03-26 21:46:54', '2025-04-03 14:46:54', '2025-04-03 14:46:54'),
(307, 307, 'store', '0.00', '2025-03-29 21:46:54', '2025-04-02 21:46:54', '2025-04-03 14:46:54', '2025-04-03 14:46:54'),
(308, 308, 'free', '0.00', '2025-03-08 21:46:54', '2025-03-11 21:46:54', '2025-04-03 14:46:54', '2025-04-03 14:46:54'),
(309, 309, 'free', '0.00', '2025-03-16 21:46:54', '2025-03-19 21:46:54', '2025-04-03 14:46:54', '2025-04-03 14:46:54'),
(310, 310, 'fixed', '10000.00', '2025-03-09 21:46:54', '2025-03-15 21:46:54', '2025-04-03 14:46:54', '2025-04-03 14:46:54'),
(311, 311, 'free', '0.00', '2025-03-28 21:46:54', '2025-04-01 21:46:54', '2025-04-03 14:46:54', '2025-04-03 14:46:54'),
(312, 312, 'fixed', '10000.00', '2025-03-20 21:46:54', '2025-03-27 21:46:54', '2025-04-03 14:46:54', '2025-04-03 14:46:54'),
(313, 313, 'store', '0.00', '2025-03-04 21:46:54', '2025-03-11 21:46:54', '2025-04-03 14:46:54', '2025-04-03 14:46:54'),
(314, 314, 'free', '0.00', '2025-03-05 21:46:54', '2025-03-11 21:46:54', '2025-04-03 14:46:54', '2025-04-03 14:46:54'),
(315, 315, 'free', '0.00', '2025-03-08 21:46:54', '2025-03-15 21:46:54', '2025-04-03 14:46:54', '2025-04-03 14:46:54'),
(316, 316, 'free', '0.00', '2025-03-13 21:46:54', '2025-03-20 21:46:54', '2025-04-03 14:46:54', '2025-04-03 14:46:54'),
(317, 317, 'fixed', '10000.00', '2025-03-26 21:46:54', '2025-04-02 21:46:54', '2025-04-03 14:46:54', '2025-04-03 14:46:54'),
(318, 318, 'free', '0.00', '2025-03-26 21:46:54', '2025-04-01 21:46:54', '2025-04-03 14:46:54', '2025-04-03 14:46:54'),
(319, 319, 'fixed', '10000.00', '2025-03-28 21:46:54', '2025-04-01 21:46:54', '2025-04-03 14:46:54', '2025-04-03 14:46:54'),
(320, 320, 'store', '0.00', '2025-03-27 21:46:54', '2025-03-30 21:46:54', '2025-04-03 14:46:54', '2025-04-03 14:46:54'),
(321, 321, 'store', '0.00', '2025-03-29 21:46:54', '2025-04-05 21:46:54', '2025-04-03 14:46:54', '2025-04-03 14:46:54'),
(322, 322, 'fixed', '10000.00', '2025-03-30 21:46:54', '2025-04-05 21:46:54', '2025-04-03 14:46:54', '2025-04-03 14:46:54'),
(323, 323, 'store', '0.00', '2025-03-11 21:46:54', '2025-03-15 21:46:54', '2025-04-03 14:46:54', '2025-04-03 14:46:54'),
(324, 324, 'fixed', '10000.00', '2025-03-29 21:46:54', '2025-04-02 21:46:54', '2025-04-03 14:46:54', '2025-04-03 14:46:54'),
(325, 325, 'store', '0.00', '2025-03-24 21:46:54', '2025-03-30 21:46:54', '2025-04-03 14:46:54', '2025-04-03 14:46:54'),
(326, 326, 'free', '0.00', '2025-03-17 21:46:54', '2025-03-23 21:46:54', '2025-04-03 14:46:54', '2025-04-03 14:46:54'),
(327, 327, 'free', '0.00', '2025-03-29 21:46:54', '2025-04-01 21:46:54', '2025-04-03 14:46:54', '2025-04-03 14:46:54'),
(328, 328, 'store', '0.00', '2025-03-19 21:46:54', '2025-03-23 21:46:54', '2025-04-03 14:46:54', '2025-04-03 14:46:54'),
(329, 329, 'fixed', '10000.00', '2025-03-10 21:46:54', '2025-03-17 21:46:54', '2025-04-03 14:46:54', '2025-04-03 14:46:54'),
(330, 330, 'fixed', '10000.00', '2025-03-08 21:46:54', '2025-03-15 21:46:54', '2025-04-03 14:46:54', '2025-04-03 14:46:54'),
(331, 331, 'free', '0.00', '2025-03-06 21:46:54', '2025-03-13 21:46:54', '2025-04-03 14:46:54', '2025-04-03 14:46:54'),
(332, 332, 'fixed', '10000.00', '2025-03-29 21:46:54', '2025-04-02 21:46:54', '2025-04-03 14:46:54', '2025-04-03 14:46:54'),
(333, 333, 'store', '0.00', '2025-03-20 21:46:54', '2025-03-25 21:46:54', '2025-04-03 14:46:54', '2025-04-03 14:46:54'),
(334, 334, 'store', '0.00', '2025-03-12 21:46:54', '2025-03-16 21:46:54', '2025-04-03 14:46:54', '2025-04-03 14:46:54'),
(335, 335, 'fixed', '10000.00', '2025-03-24 21:46:54', '2025-03-28 21:46:54', '2025-04-03 14:46:54', '2025-04-03 14:46:54'),
(336, 336, 'fixed', '10000.00', '2025-03-13 21:46:54', '2025-03-19 21:46:54', '2025-04-03 14:46:54', '2025-04-03 14:46:54'),
(337, 337, 'free', '0.00', '2025-03-29 21:46:54', '2025-04-03 21:46:54', '2025-04-03 14:46:54', '2025-04-03 14:46:54'),
(338, 338, 'store', '0.00', '2025-03-09 21:46:54', '2025-03-14 21:46:54', '2025-04-03 14:46:54', '2025-04-03 14:46:54'),
(339, 339, 'store', '0.00', '2025-03-10 21:46:54', '2025-03-16 21:46:54', '2025-04-03 14:46:54', '2025-04-03 14:46:54'),
(340, 340, 'fixed', '10000.00', '2025-03-11 21:46:54', '2025-03-15 21:46:54', '2025-04-03 14:46:54', '2025-04-03 14:46:54'),
(341, 341, 'store', '0.00', '2025-03-22 21:46:54', '2025-03-27 21:46:54', '2025-04-03 14:46:54', '2025-04-03 14:46:54'),
(342, 342, 'store', '0.00', '2025-03-29 21:46:54', '2025-04-02 21:46:54', '2025-04-03 14:46:54', '2025-04-03 14:46:54'),
(343, 343, 'fixed', '10000.00', '2025-03-23 21:46:54', '2025-03-27 21:46:54', '2025-04-03 14:46:54', '2025-04-03 14:46:54'),
(344, 344, 'store', '0.00', '2025-04-02 21:46:54', '2025-04-08 21:46:54', '2025-04-03 14:46:54', '2025-04-03 14:46:54'),
(345, 345, 'store', '0.00', '2025-03-17 21:46:54', '2025-03-22 21:46:54', '2025-04-03 14:46:54', '2025-04-03 14:46:54'),
(346, 346, 'fixed', '10000.00', '2025-03-29 21:46:54', '2025-04-01 21:46:54', '2025-04-03 14:46:54', '2025-04-03 14:46:54'),
(347, 347, 'free', '0.00', '2025-04-01 21:46:54', '2025-04-08 21:46:54', '2025-04-03 14:46:54', '2025-04-03 14:46:54'),
(348, 348, 'store', '0.00', '2025-03-20 21:46:54', '2025-03-23 21:46:54', '2025-04-03 14:46:54', '2025-04-03 14:46:54'),
(349, 349, 'store', '0.00', '2025-03-27 21:46:54', '2025-04-03 21:46:54', '2025-04-03 14:46:54', '2025-04-03 14:46:54'),
(350, 350, 'store', '0.00', '2025-03-13 21:46:54', '2025-03-16 21:46:54', '2025-04-03 14:46:54', '2025-04-03 14:46:54'),
(351, 351, 'store', '0.00', '2025-03-22 21:46:54', '2025-03-27 21:46:54', '2025-04-03 14:46:54', '2025-04-03 14:46:54'),
(352, 352, 'fixed', '10000.00', '2025-03-16 21:46:54', '2025-03-20 21:46:54', '2025-04-03 14:46:54', '2025-04-03 14:46:54'),
(353, 353, 'store', '0.00', '2025-03-26 21:46:54', '2025-04-02 21:46:54', '2025-04-03 14:46:54', '2025-04-03 14:46:54'),
(354, 354, 'fixed', '10000.00', '2025-03-26 21:46:54', '2025-04-01 21:46:54', '2025-04-03 14:46:54', '2025-04-03 14:46:54'),
(355, 355, 'free', '0.00', '2025-03-16 21:46:54', '2025-03-22 21:46:54', '2025-04-03 14:46:54', '2025-04-03 14:46:54'),
(356, 356, 'fixed', '10000.00', '2025-03-16 21:46:54', '2025-03-19 21:46:54', '2025-04-03 14:46:54', '2025-04-03 14:46:54'),
(357, 357, 'free', '0.00', '2025-03-25 21:46:54', '2025-03-30 21:46:54', '2025-04-03 14:46:54', '2025-04-03 14:46:54'),
(358, 358, 'fixed', '10000.00', '2025-04-02 21:46:54', '2025-04-07 21:46:54', '2025-04-03 14:46:54', '2025-04-03 14:46:54'),
(359, 359, 'fixed', '10000.00', '2025-03-18 21:46:54', '2025-03-24 21:46:54', '2025-04-03 14:46:54', '2025-04-03 14:46:54'),
(360, 360, 'fixed', '10000.00', '2025-04-02 21:46:54', '2025-04-09 21:46:54', '2025-04-03 14:46:54', '2025-04-03 14:46:54'),
(361, 361, 'store', '0.00', '2025-03-06 21:46:54', '2025-03-10 21:46:54', '2025-04-03 14:46:54', '2025-04-03 14:46:54'),
(362, 362, 'fixed', '10000.00', '2025-03-08 21:46:54', '2025-03-14 21:46:54', '2025-04-03 14:46:54', '2025-04-03 14:46:54'),
(363, 363, 'free', '0.00', '2025-03-11 21:46:54', '2025-03-16 21:46:54', '2025-04-03 14:46:54', '2025-04-03 14:46:54'),
(364, 364, 'store', '0.00', '2025-03-08 21:46:54', '2025-03-13 21:46:54', '2025-04-03 14:46:54', '2025-04-03 14:46:54'),
(365, 365, 'fixed', '10000.00', '2025-04-02 21:46:54', '2025-04-05 21:46:54', '2025-04-03 14:46:54', '2025-04-03 14:46:54'),
(366, 366, 'store', '0.00', '2025-03-13 21:46:54', '2025-03-20 21:46:54', '2025-04-03 14:46:54', '2025-04-03 14:46:54'),
(367, 367, 'free', '0.00', '2025-03-14 21:46:54', '2025-03-20 21:46:54', '2025-04-03 14:46:54', '2025-04-03 14:46:54'),
(368, 368, 'free', '0.00', '2025-03-16 21:46:54', '2025-03-19 21:46:54', '2025-04-03 14:46:54', '2025-04-03 14:46:54'),
(369, 369, 'store', '0.00', '2025-03-23 21:46:54', '2025-03-29 21:46:54', '2025-04-03 14:46:54', '2025-04-03 14:46:54'),
(370, 370, 'free', '0.00', '2025-03-21 21:46:54', '2025-03-26 21:46:54', '2025-04-03 14:46:54', '2025-04-03 14:46:54'),
(371, 371, 'free', '0.00', '2025-03-25 21:46:54', '2025-03-31 21:46:54', '2025-04-03 14:46:54', '2025-04-03 14:46:54'),
(372, 372, 'fixed', '10000.00', '2025-03-18 21:46:54', '2025-03-24 21:46:54', '2025-04-03 14:46:54', '2025-04-03 14:46:54'),
(373, 373, 'free', '0.00', '2025-03-23 21:46:54', '2025-03-30 21:46:54', '2025-04-03 14:46:54', '2025-04-03 14:46:54'),
(374, 374, 'fixed', '10000.00', '2025-03-24 21:46:54', '2025-03-30 21:46:54', '2025-04-03 14:46:54', '2025-04-03 14:46:54'),
(375, 375, 'store', '0.00', '2025-03-05 21:46:54', '2025-03-10 21:46:54', '2025-04-03 14:46:54', '2025-04-03 14:46:54'),
(376, 376, 'store', '0.00', '2025-03-29 21:46:54', '2025-04-03 21:46:54', '2025-04-03 14:46:54', '2025-04-03 14:46:54'),
(377, 377, 'fixed', '10000.00', '2025-03-15 21:46:54', '2025-03-19 21:46:54', '2025-04-03 14:46:54', '2025-04-03 14:46:54'),
(378, 378, 'fixed', '10000.00', '2025-03-29 21:46:54', '2025-04-05 21:46:54', '2025-04-03 14:46:54', '2025-04-03 14:46:54'),
(379, 379, 'fixed', '10000.00', '2025-03-23 21:46:54', '2025-03-26 21:46:54', '2025-04-03 14:46:54', '2025-04-03 14:46:54'),
(380, 380, 'fixed', '10000.00', '2025-03-31 21:46:54', '2025-04-03 21:46:54', '2025-04-03 14:46:54', '2025-04-03 14:46:54'),
(381, 381, 'fixed', '10000.00', '2025-03-30 21:46:54', '2025-04-03 21:46:54', '2025-04-03 14:46:54', '2025-04-03 14:46:54'),
(382, 382, 'store', '0.00', '2025-03-25 21:46:54', '2025-03-29 21:46:54', '2025-04-03 14:46:54', '2025-04-03 14:46:54'),
(383, 383, 'free', '0.00', '2025-03-18 21:46:54', '2025-03-21 21:46:54', '2025-04-03 14:46:54', '2025-04-03 14:46:54'),
(384, 384, 'fixed', '10000.00', '2025-03-30 21:46:54', '2025-04-05 21:46:54', '2025-04-03 14:46:54', '2025-04-03 14:46:54'),
(385, 385, 'fixed', '10000.00', '2025-03-27 21:46:54', '2025-04-01 21:46:54', '2025-04-03 14:46:54', '2025-04-03 14:46:54'),
(386, 386, 'store', '0.00', '2025-04-01 21:46:54', '2025-04-05 21:46:54', '2025-04-03 14:46:54', '2025-04-03 14:46:54'),
(387, 387, 'store', '0.00', '2025-03-28 21:46:54', '2025-04-04 21:46:54', '2025-04-03 14:46:54', '2025-04-03 14:46:54'),
(388, 388, 'store', '0.00', '2025-03-08 21:46:54', '2025-03-14 21:46:54', '2025-04-03 14:46:54', '2025-04-03 14:46:54'),
(389, 389, 'fixed', '10000.00', '2025-03-05 21:46:54', '2025-03-10 21:46:54', '2025-04-03 14:46:54', '2025-04-03 14:46:54'),
(390, 390, 'free', '0.00', '2025-03-27 21:46:54', '2025-04-02 21:46:54', '2025-04-03 14:46:54', '2025-04-03 14:46:54'),
(391, 391, 'store', '0.00', '2025-03-28 21:46:54', '2025-04-03 21:46:54', '2025-04-03 14:46:54', '2025-04-03 14:46:54'),
(392, 392, 'store', '0.00', '2025-03-28 21:46:54', '2025-04-03 21:46:54', '2025-04-03 14:46:54', '2025-04-03 14:46:54'),
(393, 393, 'store', '0.00', '2025-03-16 21:46:54', '2025-03-21 21:46:54', '2025-04-03 14:46:54', '2025-04-03 14:46:54'),
(394, 394, 'fixed', '10000.00', '2025-03-05 21:46:54', '2025-03-09 21:46:54', '2025-04-03 14:46:54', '2025-04-03 14:46:54'),
(395, 395, 'free', '0.00', '2025-03-28 21:46:54', '2025-04-03 21:46:54', '2025-04-03 14:46:54', '2025-04-03 14:46:54'),
(396, 396, 'store', '0.00', '2025-03-17 21:46:54', '2025-03-23 21:46:54', '2025-04-03 14:46:54', '2025-04-03 14:46:54'),
(397, 397, 'free', '0.00', '2025-03-18 21:46:54', '2025-03-21 21:46:54', '2025-04-03 14:46:54', '2025-04-03 14:46:54'),
(398, 398, 'fixed', '10000.00', '2025-03-04 21:46:54', '2025-03-08 21:46:54', '2025-04-03 14:46:54', '2025-04-03 14:46:54'),
(399, 399, 'free', '0.00', '2025-03-13 21:46:54', '2025-03-19 21:46:54', '2025-04-03 14:46:54', '2025-04-03 14:46:54'),
(400, 400, 'fixed', '10000.00', '2025-03-24 21:46:54', '2025-03-27 21:46:54', '2025-04-03 14:46:54', '2025-04-03 14:46:54'),
(401, 401, 'free', '0.00', '2025-03-31 21:46:54', '2025-04-06 21:46:54', '2025-04-03 14:46:54', '2025-04-03 14:46:54'),
(402, 402, 'store', '0.00', '2025-03-20 21:46:54', '2025-03-24 21:46:54', '2025-04-03 14:46:54', '2025-04-03 14:46:54'),
(403, 403, 'store', '0.00', '2025-03-20 21:46:54', '2025-03-27 21:46:54', '2025-04-03 14:46:54', '2025-04-03 14:46:54'),
(404, 404, 'fixed', '10000.00', '2025-03-18 21:46:54', '2025-03-21 21:46:54', '2025-04-03 14:46:54', '2025-04-03 14:46:54'),
(405, 405, 'free', '0.00', '2025-03-27 21:46:54', '2025-04-03 21:46:54', '2025-04-03 14:46:54', '2025-04-03 14:46:54'),
(406, 406, 'store', '0.00', '2025-03-08 21:46:54', '2025-03-11 21:46:54', '2025-04-03 14:46:54', '2025-04-03 14:46:54'),
(407, 407, 'store', '0.00', '2025-03-17 21:46:54', '2025-03-23 21:46:54', '2025-04-03 14:46:54', '2025-04-03 14:46:54'),
(408, 408, 'fixed', '10000.00', '2025-03-29 21:46:54', '2025-04-02 21:46:54', '2025-04-03 14:46:54', '2025-04-03 14:46:54'),
(409, 409, 'free', '0.00', '2025-03-26 21:46:54', '2025-03-29 21:46:54', '2025-04-03 14:46:54', '2025-04-03 14:46:54'),
(410, 410, 'store', '0.00', '2025-03-07 21:46:54', '2025-03-13 21:46:54', '2025-04-03 14:46:54', '2025-04-03 14:46:54'),
(411, 411, 'store', '0.00', '2025-03-10 21:46:54', '2025-03-14 21:46:54', '2025-04-03 14:46:54', '2025-04-03 14:46:54'),
(412, 412, 'fixed', '10000.00', '2025-03-06 21:46:54', '2025-03-10 21:46:54', '2025-04-03 14:46:54', '2025-04-03 14:46:54'),
(413, 413, 'free', '0.00', '2025-03-15 21:46:54', '2025-03-19 21:46:54', '2025-04-03 14:46:54', '2025-04-03 14:46:54'),
(414, 414, 'fixed', '10000.00', '2025-03-23 21:46:54', '2025-03-30 21:46:54', '2025-04-03 14:46:54', '2025-04-03 14:46:54'),
(415, 415, 'store', '0.00', '2025-03-09 21:46:54', '2025-03-13 21:46:54', '2025-04-03 14:46:54', '2025-04-03 14:46:54'),
(416, 416, 'store', '0.00', '2025-03-21 21:46:54', '2025-03-24 21:46:54', '2025-04-03 14:46:54', '2025-04-03 14:46:54'),
(417, 417, 'fixed', '10000.00', '2025-03-20 21:46:54', '2025-03-23 21:46:54', '2025-04-03 14:46:54', '2025-04-03 14:46:54');
INSERT INTO `shipments` (`id`, `order_id`, `shipping_method`, `shipping_cost`, `shipped_date`, `delivered_date`, `created_at`, `updated_at`) VALUES
(418, 418, 'fixed', '10000.00', '2025-03-18 21:46:54', '2025-03-23 21:46:54', '2025-04-03 14:46:54', '2025-04-03 14:46:54'),
(419, 419, 'fixed', '10000.00', '2025-03-27 21:46:54', '2025-03-30 21:46:54', '2025-04-03 14:46:54', '2025-04-03 14:46:54'),
(420, 420, 'store', '0.00', '2025-03-11 21:46:54', '2025-03-16 21:46:54', '2025-04-03 14:46:54', '2025-04-03 14:46:54'),
(421, 421, 'store', '0.00', '2025-03-27 21:46:54', '2025-03-30 21:46:54', '2025-04-03 14:46:54', '2025-04-03 14:46:54'),
(422, 422, 'free', '0.00', '2025-03-23 21:46:54', '2025-03-27 21:46:54', '2025-04-03 14:46:54', '2025-04-03 14:46:54'),
(423, 423, 'store', '0.00', '2025-03-21 21:46:54', '2025-03-24 21:46:54', '2025-04-03 14:46:54', '2025-04-03 14:46:54'),
(424, 424, 'free', '0.00', '2025-03-19 21:46:54', '2025-03-25 21:46:54', '2025-04-03 14:46:54', '2025-04-03 14:46:54'),
(425, 425, 'fixed', '10000.00', '2025-03-16 21:46:54', '2025-03-22 21:46:54', '2025-04-03 14:46:54', '2025-04-03 14:46:54'),
(426, 426, 'free', '0.00', '2025-03-11 21:46:54', '2025-03-18 21:46:54', '2025-04-03 14:46:54', '2025-04-03 14:46:54'),
(427, 427, 'free', '0.00', '2025-03-31 21:46:54', '2025-04-04 21:46:54', '2025-04-03 14:46:54', '2025-04-03 14:46:54'),
(428, 428, 'store', '0.00', '2025-03-26 21:46:54', '2025-04-02 21:46:54', '2025-04-03 14:46:54', '2025-04-03 14:46:54'),
(429, 429, 'free', '0.00', '2025-03-07 21:46:54', '2025-03-11 21:46:54', '2025-04-03 14:46:54', '2025-04-03 14:46:54'),
(430, 430, 'free', '0.00', '2025-03-24 21:46:54', '2025-03-27 21:46:54', '2025-04-03 14:46:54', '2025-04-03 14:46:54'),
(431, 431, 'store', '0.00', '2025-03-24 21:46:54', '2025-03-29 21:46:54', '2025-04-03 14:46:54', '2025-04-03 14:46:54'),
(432, 432, 'fixed', '10000.00', '2025-03-15 21:46:54', '2025-03-22 21:46:54', '2025-04-03 14:46:54', '2025-04-03 14:46:54'),
(433, 433, 'fixed', '10000.00', '2025-03-28 21:46:54', '2025-04-02 21:46:54', '2025-04-03 14:46:54', '2025-04-03 14:46:54'),
(434, 434, 'store', '0.00', '2025-03-17 21:46:54', '2025-03-20 21:46:54', '2025-04-03 14:46:54', '2025-04-03 14:46:54'),
(435, 435, 'fixed', '10000.00', '2025-03-22 21:46:54', '2025-03-28 21:46:54', '2025-04-03 14:46:54', '2025-04-03 14:46:54'),
(436, 436, 'free', '0.00', '2025-03-09 21:46:54', '2025-03-12 21:46:54', '2025-04-03 14:46:54', '2025-04-03 14:46:54'),
(437, 437, 'free', '0.00', '2025-03-09 21:46:54', '2025-03-13 21:46:54', '2025-04-03 14:46:54', '2025-04-03 14:46:54'),
(438, 438, 'fixed', '10000.00', '2025-03-15 21:46:54', '2025-03-18 21:46:54', '2025-04-03 14:46:54', '2025-04-03 14:46:54'),
(439, 439, 'fixed', '10000.00', '2025-03-25 21:46:54', '2025-03-31 21:46:54', '2025-04-03 14:46:54', '2025-04-03 14:46:54'),
(440, 440, 'fixed', '10000.00', '2025-03-16 21:46:54', '2025-03-20 21:46:54', '2025-04-03 14:46:54', '2025-04-03 14:46:54'),
(441, 441, 'fixed', '10000.00', '2025-03-21 21:46:54', '2025-03-27 21:46:54', '2025-04-03 14:46:54', '2025-04-03 14:46:54'),
(442, 442, 'fixed', '10000.00', '2025-03-22 21:46:54', '2025-03-25 21:46:54', '2025-04-03 14:46:54', '2025-04-03 14:46:54'),
(443, 443, 'free', '0.00', '2025-03-23 21:46:54', '2025-03-27 21:46:54', '2025-04-03 14:46:54', '2025-04-03 14:46:54'),
(444, 444, 'store', '0.00', '2025-03-31 21:46:54', '2025-04-05 21:46:54', '2025-04-03 14:46:54', '2025-04-03 14:46:54'),
(445, 445, 'store', '0.00', '2025-03-17 21:46:54', '2025-03-23 21:46:54', '2025-04-03 14:46:54', '2025-04-03 14:46:54'),
(446, 446, 'store', '0.00', '2025-03-06 21:46:54', '2025-03-12 21:46:54', '2025-04-03 14:46:54', '2025-04-03 14:46:54'),
(447, 447, 'fixed', '10000.00', '2025-03-04 21:46:54', '2025-03-11 21:46:54', '2025-04-03 14:46:54', '2025-04-03 14:46:54'),
(448, 448, 'free', '0.00', '2025-03-22 21:46:54', '2025-03-26 21:46:54', '2025-04-03 14:46:54', '2025-04-03 14:46:54'),
(449, 449, 'fixed', '10000.00', '2025-03-26 21:46:54', '2025-03-31 21:46:54', '2025-04-03 14:46:54', '2025-04-03 14:46:54'),
(450, 450, 'free', '0.00', '2025-03-16 21:46:54', '2025-03-20 21:46:54', '2025-04-03 14:46:54', '2025-04-03 14:46:54'),
(451, 451, 'store', '0.00', '2025-03-18 21:46:54', '2025-03-25 21:46:54', '2025-04-03 14:46:54', '2025-04-03 14:46:54'),
(452, 452, 'free', '0.00', '2025-03-28 21:46:54', '2025-04-03 21:46:54', '2025-04-03 14:46:54', '2025-04-03 14:46:54'),
(453, 453, 'store', '0.00', '2025-03-14 21:46:54', '2025-03-17 21:46:54', '2025-04-03 14:46:54', '2025-04-03 14:46:54'),
(454, 454, 'free', '0.00', '2025-03-04 21:46:54', '2025-03-10 21:46:54', '2025-04-03 14:46:54', '2025-04-03 14:46:54'),
(455, 455, 'store', '0.00', '2025-03-28 21:46:54', '2025-04-03 21:46:54', '2025-04-03 14:46:54', '2025-04-03 14:46:54'),
(456, 456, 'free', '0.00', '2025-03-09 21:46:54', '2025-03-13 21:46:54', '2025-04-03 14:46:54', '2025-04-03 14:46:54'),
(457, 457, 'fixed', '10000.00', '2025-03-17 21:46:54', '2025-03-23 21:46:54', '2025-04-03 14:46:54', '2025-04-03 14:46:54'),
(458, 458, 'free', '0.00', '2025-03-28 21:46:54', '2025-04-02 21:46:54', '2025-04-03 14:46:54', '2025-04-03 14:46:54'),
(459, 459, 'store', '0.00', '2025-03-05 21:46:54', '2025-03-10 21:46:54', '2025-04-03 14:46:54', '2025-04-03 14:46:54'),
(460, 460, 'fixed', '10000.00', '2025-03-24 21:46:54', '2025-03-27 21:46:54', '2025-04-03 14:46:54', '2025-04-03 14:46:54'),
(461, 461, 'free', '0.00', '2025-03-10 21:46:54', '2025-03-15 21:46:54', '2025-04-03 14:46:54', '2025-04-03 14:46:54'),
(462, 462, 'free', '0.00', '2025-03-10 21:46:54', '2025-03-13 21:46:54', '2025-04-03 14:46:54', '2025-04-03 14:46:54'),
(463, 463, 'store', '0.00', '2025-03-09 21:46:54', '2025-03-16 21:46:54', '2025-04-03 14:46:54', '2025-04-03 14:46:54'),
(464, 464, 'fixed', '10000.00', '2025-03-24 21:46:54', '2025-03-27 21:46:54', '2025-04-03 14:46:54', '2025-04-03 14:46:54'),
(465, 465, 'store', '0.00', '2025-03-12 21:46:54', '2025-03-19 21:46:54', '2025-04-03 14:46:54', '2025-04-03 14:46:54'),
(466, 466, 'free', '0.00', '2025-03-09 21:46:54', '2025-03-14 21:46:54', '2025-04-03 14:46:54', '2025-04-03 14:46:54'),
(467, 467, 'fixed', '10000.00', '2025-03-27 21:46:54', '2025-03-30 21:46:54', '2025-04-03 14:46:54', '2025-04-03 14:46:54'),
(468, 468, 'fixed', '10000.00', '2025-03-22 21:46:54', '2025-03-27 21:46:54', '2025-04-03 14:46:54', '2025-04-03 14:46:54'),
(469, 469, 'free', '0.00', '2025-03-09 21:46:54', '2025-03-15 21:46:54', '2025-04-03 14:46:54', '2025-04-03 14:46:54'),
(470, 470, 'free', '0.00', '2025-03-08 21:46:54', '2025-03-13 21:46:54', '2025-04-03 14:46:54', '2025-04-03 14:46:54'),
(471, 471, 'fixed', '10000.00', '2025-04-01 21:46:54', '2025-04-07 21:46:54', '2025-04-03 14:46:54', '2025-04-03 14:46:54'),
(472, 472, 'store', '0.00', '2025-03-11 21:46:54', '2025-03-15 21:46:54', '2025-04-03 14:46:54', '2025-04-03 14:46:54'),
(473, 473, 'store', '0.00', '2025-03-04 21:46:54', '2025-03-07 21:46:54', '2025-04-03 14:46:54', '2025-04-03 14:46:54'),
(474, 474, 'fixed', '10000.00', '2025-03-19 21:46:54', '2025-03-22 21:46:54', '2025-04-03 14:46:54', '2025-04-03 14:46:54'),
(475, 475, 'fixed', '10000.00', '2025-03-14 21:46:54', '2025-03-21 21:46:54', '2025-04-03 14:46:54', '2025-04-03 14:46:54'),
(476, 476, 'fixed', '10000.00', '2025-03-14 21:46:54', '2025-03-21 21:46:54', '2025-04-03 14:46:54', '2025-04-03 14:46:54'),
(477, 477, 'store', '0.00', '2025-03-13 21:46:54', '2025-03-19 21:46:54', '2025-04-03 14:46:54', '2025-04-03 14:46:54'),
(478, 478, 'free', '0.00', '2025-03-23 21:46:54', '2025-03-27 21:46:54', '2025-04-03 14:46:54', '2025-04-03 14:46:54'),
(479, 479, 'free', '0.00', '2025-03-24 21:46:54', '2025-03-29 21:46:54', '2025-04-03 14:46:54', '2025-04-03 14:46:54'),
(480, 480, 'store', '0.00', '2025-04-02 21:46:54', '2025-04-08 21:46:54', '2025-04-03 14:46:54', '2025-04-03 14:46:54'),
(481, 481, 'free', '0.00', '2025-03-20 21:46:54', '2025-03-26 21:46:54', '2025-04-03 14:46:54', '2025-04-03 14:46:54'),
(482, 482, 'store', '0.00', '2025-03-07 21:46:54', '2025-03-13 21:46:54', '2025-04-03 14:46:54', '2025-04-03 14:46:54'),
(483, 483, 'store', '0.00', '2025-03-17 21:46:54', '2025-03-23 21:46:54', '2025-04-03 14:46:54', '2025-04-03 14:46:54'),
(484, 484, 'free', '0.00', '2025-03-17 21:46:54', '2025-03-23 21:46:54', '2025-04-03 14:46:54', '2025-04-03 14:46:54'),
(485, 485, 'fixed', '10000.00', '2025-03-16 21:46:54', '2025-03-23 21:46:54', '2025-04-03 14:46:54', '2025-04-03 14:46:54'),
(486, 486, 'store', '0.00', '2025-04-01 21:46:54', '2025-04-07 21:46:54', '2025-04-03 14:46:54', '2025-04-03 14:46:54'),
(487, 487, 'fixed', '10000.00', '2025-03-05 21:46:54', '2025-03-11 21:46:54', '2025-04-03 14:46:54', '2025-04-03 14:46:54'),
(488, 488, 'store', '0.00', '2025-04-01 21:46:54', '2025-04-06 21:46:54', '2025-04-03 14:46:54', '2025-04-03 14:46:54'),
(489, 489, 'fixed', '10000.00', '2025-03-11 21:46:54', '2025-03-16 21:46:54', '2025-04-03 14:46:54', '2025-04-03 14:46:54'),
(490, 490, 'free', '0.00', '2025-03-31 21:46:54', '2025-04-05 21:46:54', '2025-04-03 14:46:54', '2025-04-03 14:46:54'),
(491, 491, 'free', '0.00', '2025-03-06 21:46:54', '2025-03-11 21:46:54', '2025-04-03 14:46:54', '2025-04-03 14:46:54'),
(492, 492, 'fixed', '10000.00', '2025-03-09 21:46:54', '2025-03-16 21:46:54', '2025-04-03 14:46:54', '2025-04-03 14:46:54'),
(493, 493, 'fixed', '10000.00', '2025-03-05 21:46:54', '2025-03-12 21:46:54', '2025-04-03 14:46:54', '2025-04-03 14:46:54'),
(494, 494, 'store', '0.00', '2025-03-26 21:46:54', '2025-03-30 21:46:54', '2025-04-03 14:46:54', '2025-04-03 14:46:54'),
(495, 495, 'fixed', '10000.00', '2025-03-13 21:46:54', '2025-03-20 21:46:54', '2025-04-03 14:46:54', '2025-04-03 14:46:54'),
(496, 496, 'store', '0.00', '2025-03-22 21:46:54', '2025-03-25 21:46:54', '2025-04-03 14:46:54', '2025-04-03 14:46:54'),
(497, 497, 'store', '0.00', '2025-03-27 21:46:54', '2025-03-30 21:46:54', '2025-04-03 14:46:54', '2025-04-03 14:46:54'),
(498, 498, 'store', '0.00', '2025-03-27 21:46:54', '2025-04-01 21:46:54', '2025-04-03 14:46:54', '2025-04-03 14:46:54'),
(499, 499, 'store', '0.00', '2025-03-04 21:46:54', '2025-03-07 21:46:54', '2025-04-03 14:46:54', '2025-04-03 14:46:54'),
(500, 500, 'store', '0.00', '2025-03-19 21:46:54', '2025-03-25 21:46:54', '2025-04-03 14:46:54', '2025-04-03 14:46:54'),
(501, 501, 'fixed', '10000.00', '2025-03-07 21:46:54', '2025-03-11 21:46:54', '2025-04-03 14:46:54', '2025-04-03 14:46:54'),
(502, 502, 'store', '0.00', '2025-03-10 21:46:54', '2025-03-16 21:46:54', '2025-04-03 14:46:54', '2025-04-03 14:46:54'),
(503, 503, 'store', '0.00', '2025-03-08 21:46:54', '2025-03-15 21:46:54', '2025-04-03 14:46:54', '2025-04-03 14:46:54'),
(504, 504, 'store', '0.00', '2025-03-24 21:46:54', '2025-03-31 21:46:54', '2025-04-03 14:46:54', '2025-04-03 14:46:54'),
(505, 505, 'fixed', '10000.00', '2025-03-19 21:46:54', '2025-03-23 21:46:54', '2025-04-03 14:46:54', '2025-04-03 14:46:54'),
(506, 506, 'free', '0.00', '2025-03-15 21:46:54', '2025-03-22 21:46:54', '2025-04-03 14:46:54', '2025-04-03 14:46:54'),
(507, 507, 'store', '0.00', '2025-03-07 21:46:54', '2025-03-11 21:46:54', '2025-04-03 14:46:54', '2025-04-03 14:46:54'),
(508, 508, 'store', '0.00', '2025-03-21 21:46:54', '2025-03-26 21:46:54', '2025-04-03 14:46:54', '2025-04-03 14:46:54'),
(509, 509, 'fixed', '10000.00', '2025-03-07 21:46:54', '2025-03-10 21:46:54', '2025-04-03 14:46:54', '2025-04-03 14:46:54'),
(510, 510, 'fixed', '10000.00', '2025-03-05 21:46:54', '2025-03-12 21:46:54', '2025-04-03 14:46:54', '2025-04-03 14:46:54'),
(511, 511, 'fixed', '10000.00', '2025-03-22 21:46:54', '2025-03-26 21:46:54', '2025-04-03 14:46:54', '2025-04-03 14:46:54'),
(512, 512, 'store', '0.00', '2025-03-30 21:46:54', '2025-04-04 21:46:54', '2025-04-03 14:46:54', '2025-04-03 14:46:54'),
(513, 513, 'fixed', '10000.00', '2025-04-02 21:46:54', '2025-04-05 21:46:54', '2025-04-03 14:46:54', '2025-04-03 14:46:54'),
(514, 514, 'store', '0.00', '2025-04-01 21:46:54', '2025-04-05 21:46:54', '2025-04-03 14:46:54', '2025-04-03 14:46:54'),
(515, 515, 'fixed', '10000.00', '2025-03-22 21:46:54', '2025-03-25 21:46:54', '2025-04-03 14:46:54', '2025-04-03 14:46:54'),
(516, 516, 'fixed', '10000.00', '2025-04-01 21:46:54', '2025-04-05 21:46:54', '2025-04-03 14:46:54', '2025-04-03 14:46:54'),
(517, 517, 'store', '0.00', '2025-03-06 21:46:54', '2025-03-10 21:46:54', '2025-04-03 14:46:54', '2025-04-03 14:46:54'),
(518, 518, 'store', '0.00', '2025-03-16 21:46:54', '2025-03-19 21:46:54', '2025-04-03 14:46:54', '2025-04-03 14:46:54'),
(519, 519, 'fixed', '10000.00', '2025-03-15 21:46:54', '2025-03-21 21:46:54', '2025-04-03 14:46:54', '2025-04-03 14:46:54'),
(520, 520, 'free', '0.00', '2025-03-11 21:46:54', '2025-03-14 21:46:54', '2025-04-03 14:46:54', '2025-04-03 14:46:54'),
(521, 521, 'store', '0.00', '2025-03-15 21:46:54', '2025-03-21 21:46:54', '2025-04-03 14:46:54', '2025-04-03 14:46:54'),
(522, 522, 'store', '0.00', '2025-03-07 21:46:54', '2025-03-11 21:46:54', '2025-04-03 14:46:54', '2025-04-03 14:46:54'),
(523, 523, 'free', '0.00', '2025-03-26 21:46:54', '2025-03-31 21:46:54', '2025-04-03 14:46:54', '2025-04-03 14:46:54'),
(524, 524, 'store', '0.00', '2025-03-16 21:46:54', '2025-03-20 21:46:54', '2025-04-03 14:46:54', '2025-04-03 14:46:54'),
(525, 525, 'fixed', '10000.00', '2025-03-27 21:46:54', '2025-03-30 21:46:54', '2025-04-03 14:46:54', '2025-04-03 14:46:54'),
(526, 526, 'fixed', '10000.00', '2025-03-13 21:46:54', '2025-03-20 21:46:54', '2025-04-03 14:46:54', '2025-04-03 14:46:54'),
(527, 527, 'fixed', '10000.00', '2025-03-17 21:46:54', '2025-03-21 21:46:54', '2025-04-03 14:46:54', '2025-04-03 14:46:54'),
(528, 528, 'store', '0.00', '2025-03-27 21:46:54', '2025-04-01 21:46:54', '2025-04-03 14:46:54', '2025-04-03 14:46:54'),
(529, 529, 'fixed', '10000.00', '2025-03-11 21:46:54', '2025-03-15 21:46:54', '2025-04-03 14:46:54', '2025-04-03 14:46:54'),
(530, 530, 'free', '0.00', '2025-03-30 21:46:54', '2025-04-03 21:46:54', '2025-04-03 14:46:54', '2025-04-03 14:46:54'),
(531, 531, 'free', '0.00', '2025-03-20 21:46:54', '2025-03-23 21:46:54', '2025-04-03 14:46:54', '2025-04-03 14:46:54'),
(532, 532, 'store', '0.00', '2025-03-18 21:46:54', '2025-03-24 21:46:54', '2025-04-03 14:46:54', '2025-04-03 14:46:54'),
(533, 533, 'free', '0.00', '2025-03-26 21:46:54', '2025-03-31 21:46:54', '2025-04-03 14:46:54', '2025-04-03 14:46:54'),
(534, 534, 'free', '0.00', '2025-03-17 21:46:54', '2025-03-21 21:46:54', '2025-04-03 14:46:54', '2025-04-03 14:46:54'),
(535, 535, 'store', '0.00', '2025-03-18 21:46:54', '2025-03-23 21:46:54', '2025-04-03 14:46:54', '2025-04-03 14:46:54'),
(536, 536, 'free', '0.00', '2025-03-30 21:46:54', '2025-04-06 21:46:54', '2025-04-03 14:46:54', '2025-04-03 14:46:54'),
(537, 537, 'fixed', '10000.00', '2025-03-20 21:46:54', '2025-03-25 21:46:54', '2025-04-03 14:46:54', '2025-04-03 14:46:54'),
(538, 538, 'store', '0.00', '2025-03-25 21:46:54', '2025-04-01 21:46:54', '2025-04-03 14:46:54', '2025-04-03 14:46:54'),
(539, 539, 'fixed', '10000.00', '2025-03-15 21:46:54', '2025-03-22 21:46:54', '2025-04-03 14:46:54', '2025-04-03 14:46:54'),
(540, 540, 'fixed', '10000.00', '2025-03-19 21:46:54', '2025-03-23 21:46:54', '2025-04-03 14:46:54', '2025-04-03 14:46:54'),
(541, 541, 'free', '0.00', '2025-03-10 21:46:54', '2025-03-14 21:46:54', '2025-04-03 14:46:54', '2025-04-03 14:46:54'),
(542, 542, 'free', '0.00', '2025-03-13 21:46:54', '2025-03-19 21:46:54', '2025-04-03 14:46:54', '2025-04-03 14:46:54'),
(543, 543, 'store', '0.00', '2025-03-13 21:46:54', '2025-03-18 21:46:54', '2025-04-03 14:46:54', '2025-04-03 14:46:54'),
(544, 544, 'fixed', '10000.00', '2025-03-05 21:46:54', '2025-03-09 21:46:54', '2025-04-03 14:46:54', '2025-04-03 14:46:54'),
(545, 545, 'fixed', '10000.00', '2025-03-18 21:46:54', '2025-03-25 21:46:54', '2025-04-03 14:46:54', '2025-04-03 14:46:54'),
(546, 546, 'store', '0.00', '2025-03-16 21:46:54', '2025-03-21 21:46:54', '2025-04-03 14:46:54', '2025-04-03 14:46:54'),
(547, 547, 'store', '0.00', '2025-03-24 21:46:54', '2025-03-27 21:46:54', '2025-04-03 14:46:54', '2025-04-03 14:46:54'),
(548, 548, 'store', '0.00', '2025-03-18 21:46:54', '2025-03-23 21:46:54', '2025-04-03 14:46:54', '2025-04-03 14:46:54'),
(549, 549, 'free', '0.00', '2025-03-07 21:46:54', '2025-03-10 21:46:54', '2025-04-03 14:46:54', '2025-04-03 14:46:54'),
(550, 550, 'free', '0.00', '2025-03-04 21:46:54', '2025-03-08 21:46:54', '2025-04-03 14:46:54', '2025-04-03 14:46:54'),
(551, 551, 'store', '0.00', '2025-03-31 21:46:54', '2025-04-04 21:46:54', '2025-04-03 14:46:54', '2025-04-03 14:46:54'),
(552, 552, 'fixed', '10000.00', '2025-03-16 21:46:54', '2025-03-19 21:46:54', '2025-04-03 14:46:54', '2025-04-03 14:46:54'),
(553, 553, 'free', '0.00', '2025-03-15 21:46:54', '2025-03-20 21:46:54', '2025-04-03 14:46:54', '2025-04-03 14:46:54'),
(554, 554, 'fixed', '10000.00', '2025-03-18 21:46:54', '2025-03-22 21:46:54', '2025-04-03 14:46:54', '2025-04-03 14:46:54'),
(555, 555, 'fixed', '10000.00', '2025-03-10 21:46:54', '2025-03-15 21:46:54', '2025-04-03 14:46:54', '2025-04-03 14:46:54'),
(556, 556, 'store', '0.00', '2025-03-28 21:46:54', '2025-04-04 21:46:54', '2025-04-03 14:46:54', '2025-04-03 14:46:54'),
(557, 557, 'fixed', '10000.00', '2025-03-23 21:46:54', '2025-03-27 21:46:54', '2025-04-03 14:46:54', '2025-04-03 14:46:54'),
(558, 558, 'store', '0.00', '2025-03-10 21:46:54', '2025-03-16 21:46:54', '2025-04-03 14:46:54', '2025-04-03 14:46:54'),
(559, 559, 'fixed', '10000.00', '2025-03-30 21:46:54', '2025-04-03 21:46:54', '2025-04-03 14:46:54', '2025-04-03 14:46:54'),
(560, 560, 'free', '0.00', '2025-03-31 21:46:54', '2025-04-05 21:46:54', '2025-04-03 14:46:54', '2025-04-03 14:46:54'),
(561, 561, 'fixed', '10000.00', '2025-03-06 21:46:54', '2025-03-13 21:46:54', '2025-04-03 14:46:54', '2025-04-03 14:46:54'),
(562, 562, 'fixed', '10000.00', '2025-03-09 21:46:54', '2025-03-15 21:46:54', '2025-04-03 14:46:54', '2025-04-03 14:46:54'),
(563, 563, 'fixed', '10000.00', '2025-03-24 21:46:54', '2025-03-29 21:46:54', '2025-04-03 14:46:54', '2025-04-03 14:46:54'),
(564, 564, 'fixed', '10000.00', '2025-03-08 21:46:54', '2025-03-15 21:46:54', '2025-04-03 14:46:54', '2025-04-03 14:46:54'),
(565, 565, 'free', '0.00', '2025-03-10 21:46:54', '2025-03-17 21:46:54', '2025-04-03 14:46:54', '2025-04-03 14:46:54'),
(566, 566, 'store', '0.00', '2025-03-08 21:46:54', '2025-03-11 21:46:54', '2025-04-03 14:46:54', '2025-04-03 14:46:54'),
(567, 567, 'store', '0.00', '2025-03-23 21:46:54', '2025-03-30 21:46:54', '2025-04-03 14:46:54', '2025-04-03 14:46:54'),
(568, 568, 'store', '0.00', '2025-03-14 21:46:54', '2025-03-21 21:46:54', '2025-04-03 14:46:54', '2025-04-03 14:46:54'),
(569, 569, 'fixed', '10000.00', '2025-03-20 21:46:54', '2025-03-26 21:46:54', '2025-04-03 14:46:54', '2025-04-03 14:46:54'),
(570, 570, 'store', '0.00', '2025-03-20 21:46:54', '2025-03-27 21:46:54', '2025-04-03 14:46:54', '2025-04-03 14:46:54'),
(571, 571, 'store', '0.00', '2025-03-04 21:46:54', '2025-03-07 21:46:54', '2025-04-03 14:46:54', '2025-04-03 14:46:54'),
(572, 572, 'store', '0.00', '2025-03-10 21:46:54', '2025-03-15 21:46:54', '2025-04-03 14:46:54', '2025-04-03 14:46:54'),
(573, 573, 'store', '0.00', '2025-03-08 21:46:54', '2025-03-11 21:46:54', '2025-04-03 14:46:54', '2025-04-03 14:46:54'),
(574, 574, 'fixed', '10000.00', '2025-03-11 21:46:54', '2025-03-18 21:46:54', '2025-04-03 14:46:54', '2025-04-03 14:46:54'),
(575, 575, 'free', '0.00', '2025-03-10 21:46:54', '2025-03-17 21:46:54', '2025-04-03 14:46:54', '2025-04-03 14:46:54'),
(576, 576, 'fixed', '10000.00', '2025-03-18 21:46:54', '2025-03-25 21:46:54', '2025-04-03 14:46:54', '2025-04-03 14:46:54'),
(577, 577, 'free', '0.00', '2025-03-06 21:46:54', '2025-03-10 21:46:54', '2025-04-03 14:46:54', '2025-04-03 14:46:54'),
(578, 578, 'fixed', '10000.00', '2025-03-11 21:46:54', '2025-03-14 21:46:54', '2025-04-03 14:46:54', '2025-04-03 14:46:54'),
(579, 579, 'free', '0.00', '2025-04-02 21:46:54', '2025-04-07 21:46:54', '2025-04-03 14:46:54', '2025-04-03 14:46:54'),
(580, 580, 'free', '0.00', '2025-03-04 21:46:54', '2025-03-10 21:46:54', '2025-04-03 14:46:54', '2025-04-03 14:46:54'),
(581, 581, 'free', '0.00', '2025-03-16 21:46:54', '2025-03-22 21:46:54', '2025-04-03 14:46:54', '2025-04-03 14:46:54'),
(582, 582, 'fixed', '10000.00', '2025-03-15 21:46:54', '2025-03-22 21:46:54', '2025-04-03 14:46:54', '2025-04-03 14:46:54'),
(583, 583, 'store', '0.00', '2025-03-10 21:46:54', '2025-03-13 21:46:54', '2025-04-03 14:46:54', '2025-04-03 14:46:54'),
(584, 584, 'free', '0.00', '2025-03-10 21:46:54', '2025-03-13 21:46:54', '2025-04-03 14:46:54', '2025-04-03 14:46:54'),
(585, 585, 'store', '0.00', '2025-03-29 21:46:54', '2025-04-05 21:46:54', '2025-04-03 14:46:54', '2025-04-03 14:46:54'),
(586, 586, 'free', '0.00', '2025-03-06 21:46:54', '2025-03-09 21:46:54', '2025-04-03 14:46:54', '2025-04-03 14:46:54'),
(587, 587, 'fixed', '10000.00', '2025-03-11 21:46:54', '2025-03-14 21:46:54', '2025-04-03 14:46:54', '2025-04-03 14:46:54'),
(588, 588, 'fixed', '10000.00', '2025-03-31 21:46:54', '2025-04-03 21:46:54', '2025-04-03 14:46:54', '2025-04-03 14:46:54'),
(589, 589, 'fixed', '10000.00', '2025-03-31 21:46:54', '2025-04-07 21:46:54', '2025-04-03 14:46:54', '2025-04-03 14:46:54'),
(590, 590, 'store', '0.00', '2025-03-25 21:46:54', '2025-04-01 21:46:54', '2025-04-03 14:46:54', '2025-04-03 14:46:54'),
(591, 591, 'free', '0.00', '2025-03-24 21:46:54', '2025-03-30 21:46:54', '2025-04-03 14:46:54', '2025-04-03 14:46:54'),
(592, 592, 'store', '0.00', '2025-03-14 21:46:54', '2025-03-18 21:46:54', '2025-04-03 14:46:54', '2025-04-03 14:46:54'),
(593, 593, 'free', '0.00', '2025-03-12 21:46:54', '2025-03-16 21:46:54', '2025-04-03 14:46:54', '2025-04-03 14:46:54'),
(594, 594, 'free', '0.00', '2025-03-30 21:46:54', '2025-04-04 21:46:54', '2025-04-03 14:46:54', '2025-04-03 14:46:54'),
(595, 595, 'fixed', '10000.00', '2025-03-15 21:46:54', '2025-03-19 21:46:54', '2025-04-03 14:46:54', '2025-04-03 14:46:54'),
(596, 596, 'free', '0.00', '2025-03-14 21:46:54', '2025-03-17 21:46:54', '2025-04-03 14:46:54', '2025-04-03 14:46:54'),
(597, 597, 'store', '0.00', '2025-03-26 21:46:54', '2025-03-31 21:46:54', '2025-04-03 14:46:54', '2025-04-03 14:46:54'),
(598, 598, 'store', '0.00', '2025-03-16 21:46:54', '2025-03-23 21:46:54', '2025-04-03 14:46:54', '2025-04-03 14:46:54'),
(599, 599, 'fixed', '10000.00', '2025-03-23 21:46:54', '2025-03-28 21:46:54', '2025-04-03 14:46:54', '2025-04-03 14:46:54'),
(600, 600, 'store', '0.00', '2025-03-26 21:46:54', '2025-04-01 21:46:54', '2025-04-03 14:46:54', '2025-04-03 14:46:54'),
(601, 601, 'fixed', '10000.00', '2025-04-02 21:46:54', '2025-04-07 21:46:54', '2025-04-03 14:46:54', '2025-04-03 14:46:54'),
(602, 602, 'free', '0.00', '2025-03-11 21:46:54', '2025-03-18 21:46:54', '2025-04-03 14:46:54', '2025-04-03 14:46:54'),
(603, 603, 'store', '0.00', '2025-03-29 21:46:54', '2025-04-04 21:46:54', '2025-04-03 14:46:54', '2025-04-03 14:46:54'),
(604, 604, 'store', '0.00', '2025-03-14 21:46:54', '2025-03-19 21:46:54', '2025-04-03 14:46:54', '2025-04-03 14:46:54'),
(605, 605, 'fixed', '10000.00', '2025-03-05 21:46:54', '2025-03-10 21:46:54', '2025-04-03 14:46:54', '2025-04-03 14:46:54'),
(606, 606, 'free', '0.00', '2025-03-04 21:46:54', '2025-03-07 21:46:54', '2025-04-03 14:46:54', '2025-04-03 14:46:54'),
(607, 607, 'store', '0.00', '2025-03-07 21:46:54', '2025-03-10 21:46:54', '2025-04-03 14:46:54', '2025-04-03 14:46:54'),
(608, 608, 'store', '0.00', '2025-03-23 21:46:54', '2025-03-30 21:46:54', '2025-04-03 14:46:54', '2025-04-03 14:46:54'),
(609, 609, 'fixed', '10000.00', '2025-03-06 21:46:54', '2025-03-13 21:46:54', '2025-04-03 14:46:54', '2025-04-03 14:46:54'),
(610, 610, 'fixed', '10000.00', '2025-03-13 21:46:54', '2025-03-17 21:46:54', '2025-04-03 14:46:54', '2025-04-03 14:46:54'),
(611, 611, 'store', '0.00', '2025-04-01 21:46:54', '2025-04-05 21:46:54', '2025-04-03 14:46:54', '2025-04-03 14:46:54'),
(612, 612, 'store', '0.00', '2025-03-09 21:46:54', '2025-03-13 21:46:54', '2025-04-03 14:46:54', '2025-04-03 14:46:54'),
(613, 613, 'fixed', '10000.00', '2025-03-26 21:46:54', '2025-03-30 21:46:54', '2025-04-03 14:46:54', '2025-04-03 14:46:54'),
(614, 614, 'free', '0.00', '2025-03-29 21:46:54', '2025-04-02 21:46:54', '2025-04-03 14:46:54', '2025-04-03 14:46:54'),
(615, 615, 'fixed', '10000.00', '2025-03-18 21:46:54', '2025-03-23 21:46:54', '2025-04-03 14:46:54', '2025-04-03 14:46:54'),
(616, 616, 'store', '0.00', '2025-03-14 21:46:54', '2025-03-21 21:46:54', '2025-04-03 14:46:54', '2025-04-03 14:46:54'),
(617, 617, 'free', '0.00', '2025-03-31 21:46:54', '2025-04-06 21:46:54', '2025-04-03 14:46:54', '2025-04-03 14:46:54'),
(618, 618, 'store', '0.00', '2025-03-15 21:46:54', '2025-03-22 21:46:54', '2025-04-03 14:46:54', '2025-04-03 14:46:54'),
(619, 619, 'fixed', '10000.00', '2025-03-28 21:46:54', '2025-04-02 21:46:54', '2025-04-03 14:46:54', '2025-04-03 14:46:54'),
(620, 620, 'store', '0.00', '2025-03-11 21:46:54', '2025-03-15 21:46:54', '2025-04-03 14:46:54', '2025-04-03 14:46:54'),
(621, 621, 'fixed', '10000.00', '2025-03-14 21:46:54', '2025-03-19 21:46:54', '2025-04-03 14:46:54', '2025-04-03 14:46:54'),
(622, 622, 'fixed', '10000.00', '2025-03-16 21:46:54', '2025-03-19 21:46:54', '2025-04-03 14:46:54', '2025-04-03 14:46:54'),
(623, 623, 'store', '0.00', '2025-03-04 21:46:54', '2025-03-09 21:46:54', '2025-04-03 14:46:54', '2025-04-03 14:46:54'),
(624, 624, 'store', '0.00', '2025-03-27 21:46:54', '2025-04-01 21:46:54', '2025-04-03 14:46:54', '2025-04-03 14:46:54'),
(625, 625, 'fixed', '10000.00', '2025-03-28 21:46:54', '2025-03-31 21:46:54', '2025-04-03 14:46:54', '2025-04-03 14:46:54'),
(626, 626, 'fixed', '10000.00', '2025-03-27 21:46:54', '2025-04-02 21:46:54', '2025-04-03 14:46:54', '2025-04-03 14:46:54'),
(627, 627, 'fixed', '10000.00', '2025-03-31 21:46:54', '2025-04-05 21:46:54', '2025-04-03 14:46:54', '2025-04-03 14:46:54'),
(628, 628, 'store', '0.00', '2025-03-16 21:46:54', '2025-03-21 21:46:54', '2025-04-03 14:46:54', '2025-04-03 14:46:54'),
(629, 629, 'store', '0.00', '2025-03-21 21:46:54', '2025-03-25 21:46:54', '2025-04-03 14:46:54', '2025-04-03 14:46:54'),
(630, 630, 'store', '0.00', '2025-03-07 21:46:54', '2025-03-11 21:46:54', '2025-04-03 14:46:54', '2025-04-03 14:46:54'),
(631, 631, 'fixed', '10000.00', '2025-04-01 21:46:54', '2025-04-04 21:46:54', '2025-04-03 14:46:54', '2025-04-03 14:46:54'),
(632, 632, 'fixed', '10000.00', '2025-03-14 21:46:54', '2025-03-18 21:46:54', '2025-04-03 14:46:54', '2025-04-03 14:46:54'),
(633, 633, 'free', '0.00', '2025-03-14 21:46:54', '2025-03-20 21:46:54', '2025-04-03 14:46:54', '2025-04-03 14:46:54'),
(634, 634, 'free', '0.00', '2025-04-02 21:46:54', '2025-04-05 21:46:54', '2025-04-03 14:46:54', '2025-04-03 14:46:54'),
(635, 635, 'free', '0.00', '2025-03-20 21:46:54', '2025-03-23 21:46:54', '2025-04-03 14:46:54', '2025-04-03 14:46:54'),
(636, 636, 'fixed', '10000.00', '2025-03-10 21:46:54', '2025-03-13 21:46:54', '2025-04-03 14:46:54', '2025-04-03 14:46:54'),
(637, 637, 'fixed', '10000.00', '2025-03-05 21:46:54', '2025-03-11 21:46:54', '2025-04-03 14:46:54', '2025-04-03 14:46:54'),
(638, 638, 'store', '0.00', '2025-04-02 21:46:54', '2025-04-07 21:46:54', '2025-04-03 14:46:54', '2025-04-03 14:46:54'),
(639, 639, 'free', '0.00', '2025-03-23 21:46:54', '2025-03-26 21:46:54', '2025-04-03 14:46:54', '2025-04-03 14:46:54'),
(640, 640, 'free', '0.00', '2025-03-26 21:46:54', '2025-03-31 21:46:54', '2025-04-03 14:46:54', '2025-04-03 14:46:54'),
(641, 641, 'free', '0.00', '2025-03-17 21:46:54', '2025-03-24 21:46:54', '2025-04-03 14:46:54', '2025-04-03 14:46:54'),
(642, 642, 'fixed', '10000.00', '2025-03-25 21:46:54', '2025-03-28 21:46:54', '2025-04-03 14:46:54', '2025-04-03 14:46:54'),
(643, 643, 'fixed', '10000.00', '2025-03-12 21:46:54', '2025-03-15 21:46:54', '2025-04-03 14:46:54', '2025-04-03 14:46:54'),
(644, 644, 'free', '0.00', '2025-03-09 21:46:54', '2025-03-16 21:46:54', '2025-04-03 14:46:54', '2025-04-03 14:46:54'),
(645, 645, 'store', '0.00', '2025-04-02 21:46:54', '2025-04-08 21:46:54', '2025-04-03 14:46:54', '2025-04-03 14:46:54'),
(646, 646, 'store', '0.00', '2025-04-02 21:46:54', '2025-04-08 21:46:54', '2025-04-03 14:46:54', '2025-04-03 14:46:54'),
(647, 647, 'fixed', '10000.00', '2025-03-05 21:46:54', '2025-03-12 21:46:54', '2025-04-03 14:46:54', '2025-04-03 14:46:54'),
(648, 648, 'store', '0.00', '2025-03-31 21:46:54', '2025-04-05 21:46:54', '2025-04-03 14:46:54', '2025-04-03 14:46:54'),
(649, 649, 'store', '0.00', '2025-03-17 21:46:54', '2025-03-21 21:46:54', '2025-04-03 14:46:54', '2025-04-03 14:46:54'),
(650, 650, 'store', '0.00', '2025-03-14 21:46:54', '2025-03-18 21:46:54', '2025-04-03 14:46:54', '2025-04-03 14:46:54'),
(651, 651, 'fixed', '10000.00', '2025-03-15 21:46:54', '2025-03-22 21:46:54', '2025-04-03 14:46:54', '2025-04-03 14:46:54'),
(652, 652, 'fixed', '10000.00', '2025-04-02 21:46:54', '2025-04-06 21:46:54', '2025-04-03 14:46:54', '2025-04-03 14:46:54'),
(653, 653, 'store', '0.00', '2025-03-18 21:46:54', '2025-03-21 21:46:54', '2025-04-03 14:46:54', '2025-04-03 14:46:54'),
(654, 654, 'fixed', '10000.00', '2025-03-17 21:46:54', '2025-03-23 21:46:54', '2025-04-03 14:46:54', '2025-04-03 14:46:54'),
(655, 655, 'free', '0.00', '2025-03-11 21:46:54', '2025-03-18 21:46:54', '2025-04-03 14:46:54', '2025-04-03 14:46:54'),
(656, 656, 'free', '0.00', '2025-03-08 21:46:54', '2025-03-15 21:46:54', '2025-04-03 14:46:54', '2025-04-03 14:46:54'),
(657, 657, 'store', '0.00', '2025-03-23 21:46:54', '2025-03-27 21:46:54', '2025-04-03 14:46:54', '2025-04-03 14:46:54'),
(658, 658, 'free', '0.00', '2025-03-15 21:46:54', '2025-03-21 21:46:54', '2025-04-03 14:46:54', '2025-04-03 14:46:54'),
(659, 659, 'fixed', '10000.00', '2025-03-15 21:46:54', '2025-03-22 21:46:54', '2025-04-03 14:46:54', '2025-04-03 14:46:54'),
(660, 660, 'store', '0.00', '2025-04-02 21:46:54', '2025-04-09 21:46:54', '2025-04-03 14:46:54', '2025-04-03 14:46:54'),
(661, 661, 'free', '0.00', '2025-04-01 21:46:54', '2025-04-06 21:46:54', '2025-04-03 14:46:54', '2025-04-03 14:46:54'),
(662, 662, 'store', '0.00', '2025-03-23 21:46:54', '2025-03-27 21:46:54', '2025-04-03 14:46:54', '2025-04-03 14:46:54'),
(663, 663, 'store', '0.00', '2025-03-25 21:46:54', '2025-03-28 21:46:54', '2025-04-03 14:46:54', '2025-04-03 14:46:54'),
(664, 664, 'free', '0.00', '2025-03-23 21:46:54', '2025-03-27 21:46:54', '2025-04-03 14:46:54', '2025-04-03 14:46:54'),
(665, 665, 'free', '0.00', '2025-03-21 21:46:54', '2025-03-24 21:46:54', '2025-04-03 14:46:54', '2025-04-03 14:46:54'),
(666, 666, 'store', '0.00', '2025-03-09 21:46:54', '2025-03-16 21:46:54', '2025-04-03 14:46:54', '2025-04-03 14:46:54'),
(667, 667, 'free', '0.00', '2025-03-29 21:46:54', '2025-04-04 21:46:54', '2025-04-03 14:46:54', '2025-04-03 14:46:54'),
(668, 668, 'fixed', '10000.00', '2025-03-22 21:46:54', '2025-03-25 21:46:54', '2025-04-03 14:46:54', '2025-04-03 14:46:54'),
(669, 669, 'store', '0.00', '2025-03-07 21:46:54', '2025-03-13 21:46:54', '2025-04-03 14:46:54', '2025-04-03 14:46:54'),
(670, 670, 'free', '0.00', '2025-03-24 21:46:54', '2025-03-27 21:46:54', '2025-04-03 14:46:54', '2025-04-03 14:46:54'),
(671, 671, 'store', '0.00', '2025-03-11 21:46:54', '2025-03-16 21:46:54', '2025-04-03 14:46:54', '2025-04-03 14:46:54'),
(672, 672, 'store', '0.00', '2025-03-19 21:46:54', '2025-03-25 21:46:54', '2025-04-03 14:46:54', '2025-04-03 14:46:54'),
(673, 673, 'free', '0.00', '2025-03-06 21:46:54', '2025-03-11 21:46:54', '2025-04-03 14:46:54', '2025-04-03 14:46:54'),
(674, 674, 'store', '0.00', '2025-03-28 21:46:54', '2025-04-03 21:46:54', '2025-04-03 14:46:54', '2025-04-03 14:46:54'),
(675, 675, 'fixed', '10000.00', '2025-03-04 21:46:54', '2025-03-10 21:46:54', '2025-04-03 14:46:54', '2025-04-03 14:46:54'),
(676, 676, 'store', '0.00', '2025-03-06 21:46:54', '2025-03-09 21:46:54', '2025-04-03 14:46:54', '2025-04-03 14:46:54'),
(677, 677, 'free', '0.00', '2025-03-16 21:46:54', '2025-03-19 21:46:54', '2025-04-03 14:46:54', '2025-04-03 14:46:54'),
(678, 678, 'store', '0.00', '2025-03-16 21:46:54', '2025-03-21 21:46:54', '2025-04-03 14:46:54', '2025-04-03 14:46:54'),
(679, 679, 'fixed', '10000.00', '2025-04-01 21:46:54', '2025-04-04 21:46:54', '2025-04-03 14:46:54', '2025-04-03 14:46:54'),
(680, 680, 'store', '0.00', '2025-03-24 21:46:54', '2025-03-27 21:46:54', '2025-04-03 14:46:54', '2025-04-03 14:46:54'),
(681, 681, 'store', '0.00', '2025-03-27 21:46:54', '2025-04-01 21:46:54', '2025-04-03 14:46:54', '2025-04-03 14:46:54'),
(682, 682, 'store', '0.00', '2025-03-21 21:46:54', '2025-03-26 21:46:54', '2025-04-03 14:46:54', '2025-04-03 14:46:54'),
(683, 683, 'store', '0.00', '2025-03-17 21:46:54', '2025-03-21 21:46:54', '2025-04-03 14:46:54', '2025-04-03 14:46:54'),
(684, 684, 'free', '0.00', '2025-04-02 21:46:54', '2025-04-06 21:46:54', '2025-04-03 14:46:54', '2025-04-03 14:46:54'),
(685, 685, 'free', '0.00', '2025-03-25 21:46:54', '2025-04-01 21:46:54', '2025-04-03 14:46:54', '2025-04-03 14:46:54'),
(686, 686, 'free', '0.00', '2025-03-20 21:46:54', '2025-03-24 21:46:54', '2025-04-03 14:46:54', '2025-04-03 14:46:54'),
(687, 687, 'store', '0.00', '2025-03-05 21:46:54', '2025-03-12 21:46:54', '2025-04-03 14:46:54', '2025-04-03 14:46:54'),
(688, 688, 'fixed', '10000.00', '2025-03-04 21:46:54', '2025-03-07 21:46:54', '2025-04-03 14:46:54', '2025-04-03 14:46:54'),
(689, 689, 'fixed', '10000.00', '2025-03-24 21:46:54', '2025-03-28 21:46:54', '2025-04-03 14:46:54', '2025-04-03 14:46:54'),
(690, 690, 'store', '0.00', '2025-03-21 21:46:54', '2025-03-26 21:46:54', '2025-04-03 14:46:54', '2025-04-03 14:46:54'),
(691, 691, 'store', '0.00', '2025-03-11 21:46:54', '2025-03-18 21:46:54', '2025-04-03 14:46:54', '2025-04-03 14:46:54'),
(692, 692, 'free', '0.00', '2025-03-10 21:46:54', '2025-03-15 21:46:54', '2025-04-03 14:46:54', '2025-04-03 14:46:54'),
(693, 693, 'fixed', '10000.00', '2025-03-11 21:46:54', '2025-03-15 21:46:54', '2025-04-03 14:46:54', '2025-04-03 14:46:54'),
(694, 694, 'free', '0.00', '2025-03-08 21:46:54', '2025-03-12 21:46:54', '2025-04-03 14:46:54', '2025-04-03 14:46:54'),
(695, 695, 'free', '0.00', '2025-03-10 21:46:54', '2025-03-13 21:46:54', '2025-04-03 14:46:54', '2025-04-03 14:46:54'),
(696, 696, 'free', '0.00', '2025-03-23 21:46:54', '2025-03-30 21:46:54', '2025-04-03 14:46:54', '2025-04-03 14:46:54'),
(697, 697, 'fixed', '10000.00', '2025-04-02 21:46:54', '2025-04-09 21:46:54', '2025-04-03 14:46:54', '2025-04-03 14:46:54'),
(698, 698, 'store', '0.00', '2025-03-23 21:46:54', '2025-03-26 21:46:54', '2025-04-03 14:46:54', '2025-04-03 14:46:54'),
(699, 699, 'free', '0.00', '2025-03-18 21:46:54', '2025-03-25 21:46:54', '2025-04-03 14:46:54', '2025-04-03 14:46:54'),
(700, 700, 'store', '0.00', '2025-03-13 21:46:54', '2025-03-18 21:46:54', '2025-04-03 14:46:54', '2025-04-03 14:46:54'),
(701, 701, 'store', '0.00', '2025-03-16 21:46:54', '2025-03-23 21:46:54', '2025-04-03 14:46:54', '2025-04-03 14:46:54'),
(702, 702, 'fixed', '10000.00', '2025-03-13 21:46:54', '2025-03-20 21:46:54', '2025-04-03 14:46:54', '2025-04-03 14:46:54'),
(703, 703, 'free', '0.00', '2025-03-22 21:46:54', '2025-03-25 21:46:54', '2025-04-03 14:46:54', '2025-04-03 14:46:54'),
(704, 704, 'free', '0.00', '2025-03-27 21:46:54', '2025-04-01 21:46:54', '2025-04-03 14:46:54', '2025-04-03 14:46:54'),
(705, 705, 'fixed', '10000.00', '2025-03-16 21:46:54', '2025-03-19 21:46:54', '2025-04-03 14:46:54', '2025-04-03 14:46:54'),
(706, 706, 'fixed', '10000.00', '2025-04-02 21:46:54', '2025-04-08 21:46:54', '2025-04-03 14:46:54', '2025-04-03 14:46:54'),
(707, 707, 'fixed', '10000.00', '2025-03-08 21:46:54', '2025-03-11 21:46:54', '2025-04-03 14:46:54', '2025-04-03 14:46:54'),
(708, 708, 'store', '0.00', '2025-03-24 21:46:54', '2025-03-28 21:46:54', '2025-04-03 14:46:54', '2025-04-03 14:46:54'),
(709, 709, 'fixed', '10000.00', '2025-03-06 21:46:54', '2025-03-12 21:46:54', '2025-04-03 14:46:54', '2025-04-03 14:46:54'),
(710, 710, 'free', '0.00', '2025-03-18 21:46:54', '2025-03-24 21:46:54', '2025-04-03 14:46:54', '2025-04-03 14:46:54'),
(711, 711, 'store', '0.00', '2025-04-01 21:46:54', '2025-04-04 21:46:54', '2025-04-03 14:46:54', '2025-04-03 14:46:54'),
(712, 712, 'store', '0.00', '2025-03-17 21:46:54', '2025-03-24 21:46:54', '2025-04-03 14:46:54', '2025-04-03 14:46:54'),
(713, 713, 'free', '0.00', '2025-03-26 21:46:54', '2025-04-02 21:46:54', '2025-04-03 14:46:54', '2025-04-03 14:46:54'),
(714, 714, 'free', '0.00', '2025-03-16 21:46:54', '2025-03-23 21:46:54', '2025-04-03 14:46:54', '2025-04-03 14:46:54'),
(715, 715, 'free', '0.00', '2025-04-02 21:46:54', '2025-04-07 21:46:54', '2025-04-03 14:46:54', '2025-04-03 14:46:54'),
(716, 716, 'fixed', '10000.00', '2025-03-11 21:46:54', '2025-03-15 21:46:54', '2025-04-03 14:46:54', '2025-04-03 14:46:54'),
(717, 717, 'free', '0.00', '2025-03-18 21:46:54', '2025-03-25 21:46:54', '2025-04-03 14:46:54', '2025-04-03 14:46:54'),
(718, 718, 'fixed', '10000.00', '2025-03-17 21:46:54', '2025-03-20 21:46:54', '2025-04-03 14:46:54', '2025-04-03 14:46:54'),
(719, 719, 'store', '0.00', '2025-03-28 21:46:54', '2025-04-03 21:46:54', '2025-04-03 14:46:54', '2025-04-03 14:46:54'),
(720, 720, 'store', '0.00', '2025-03-15 21:46:54', '2025-03-21 21:46:54', '2025-04-03 14:46:54', '2025-04-03 14:46:54'),
(721, 721, 'fixed', '10000.00', '2025-03-25 21:46:54', '2025-03-28 21:46:54', '2025-04-03 14:46:54', '2025-04-03 14:46:54'),
(722, 722, 'store', '0.00', '2025-03-09 21:46:54', '2025-03-14 21:46:54', '2025-04-03 14:46:54', '2025-04-03 14:46:54'),
(723, 723, 'fixed', '10000.00', '2025-03-04 21:46:54', '2025-03-08 21:46:54', '2025-04-03 14:46:54', '2025-04-03 14:46:54'),
(724, 724, 'store', '0.00', '2025-03-27 21:46:54', '2025-04-02 21:46:54', '2025-04-03 14:46:54', '2025-04-03 14:46:54'),
(725, 725, 'store', '0.00', '2025-03-30 21:46:54', '2025-04-02 21:46:54', '2025-04-03 14:46:54', '2025-04-03 14:46:54'),
(726, 726, 'free', '0.00', '2025-04-02 21:46:54', '2025-04-08 21:46:54', '2025-04-03 14:46:54', '2025-04-03 14:46:54'),
(727, 727, 'free', '0.00', '2025-03-24 21:46:54', '2025-03-27 21:46:54', '2025-04-03 14:46:54', '2025-04-03 14:46:54'),
(728, 728, 'fixed', '10000.00', '2025-03-26 21:46:54', '2025-03-30 21:46:54', '2025-04-03 14:46:54', '2025-04-03 14:46:54'),
(729, 729, 'free', '0.00', '2025-03-05 21:46:54', '2025-03-09 21:46:54', '2025-04-03 14:46:54', '2025-04-03 14:46:54'),
(730, 730, 'store', '0.00', '2025-03-30 21:46:55', '2025-04-04 21:46:55', '2025-04-03 14:46:55', '2025-04-03 14:46:55'),
(731, 731, 'store', '0.00', '2025-03-17 21:46:55', '2025-03-20 21:46:55', '2025-04-03 14:46:55', '2025-04-03 14:46:55'),
(732, 732, 'fixed', '10000.00', '2025-03-04 21:46:55', '2025-03-09 21:46:55', '2025-04-03 14:46:55', '2025-04-03 14:46:55'),
(733, 733, 'fixed', '10000.00', '2025-03-16 21:46:55', '2025-03-22 21:46:55', '2025-04-03 14:46:55', '2025-04-03 14:46:55'),
(734, 734, 'store', '0.00', '2025-03-23 21:46:55', '2025-03-28 21:46:55', '2025-04-03 14:46:55', '2025-04-03 14:46:55'),
(735, 735, 'store', '0.00', '2025-03-29 21:46:55', '2025-04-04 21:46:55', '2025-04-03 14:46:55', '2025-04-03 14:46:55'),
(736, 736, 'fixed', '10000.00', '2025-04-02 21:46:55', '2025-04-09 21:46:55', '2025-04-03 14:46:55', '2025-04-03 14:46:55'),
(737, 737, 'free', '0.00', '2025-03-31 21:46:55', '2025-04-06 21:46:55', '2025-04-03 14:46:55', '2025-04-03 14:46:55'),
(738, 738, 'free', '0.00', '2025-03-24 21:46:55', '2025-03-30 21:46:55', '2025-04-03 14:46:55', '2025-04-03 14:46:55'),
(739, 739, 'store', '0.00', '2025-03-08 21:46:55', '2025-03-14 21:46:55', '2025-04-03 14:46:55', '2025-04-03 14:46:55'),
(740, 740, 'free', '0.00', '2025-03-15 21:46:55', '2025-03-19 21:46:55', '2025-04-03 14:46:55', '2025-04-03 14:46:55'),
(741, 741, 'fixed', '10000.00', '2025-03-13 21:46:55', '2025-03-20 21:46:55', '2025-04-03 14:46:55', '2025-04-03 14:46:55'),
(742, 742, 'fixed', '10000.00', '2025-03-06 21:46:55', '2025-03-13 21:46:55', '2025-04-03 14:46:55', '2025-04-03 14:46:55'),
(743, 743, 'fixed', '10000.00', '2025-03-09 21:46:55', '2025-03-13 21:46:55', '2025-04-03 14:46:55', '2025-04-03 14:46:55'),
(744, 744, 'fixed', '10000.00', '2025-03-12 21:46:55', '2025-03-17 21:46:55', '2025-04-03 14:46:55', '2025-04-03 14:46:55'),
(745, 745, 'fixed', '10000.00', '2025-03-22 21:46:55', '2025-03-28 21:46:55', '2025-04-03 14:46:55', '2025-04-03 14:46:55'),
(746, 746, 'fixed', '10000.00', '2025-03-19 21:46:55', '2025-03-26 21:46:55', '2025-04-03 14:46:55', '2025-04-03 14:46:55'),
(747, 747, 'fixed', '10000.00', '2025-03-13 21:46:55', '2025-03-20 21:46:55', '2025-04-03 14:46:55', '2025-04-03 14:46:55'),
(748, 748, 'free', '0.00', '2025-03-09 21:46:55', '2025-03-13 21:46:55', '2025-04-03 14:46:55', '2025-04-03 14:46:55'),
(749, 749, 'store', '0.00', '2025-03-04 21:46:55', '2025-03-09 21:46:55', '2025-04-03 14:46:55', '2025-04-03 14:46:55'),
(750, 750, 'free', '0.00', '2025-03-27 21:46:55', '2025-04-02 21:46:55', '2025-04-03 14:46:55', '2025-04-03 14:46:55'),
(751, 751, 'store', '0.00', '2025-03-24 21:46:55', '2025-03-30 21:46:55', '2025-04-03 14:46:55', '2025-04-03 14:46:55'),
(752, 752, 'store', '0.00', '2025-03-10 21:46:55', '2025-03-14 21:46:55', '2025-04-03 14:46:55', '2025-04-03 14:46:55'),
(753, 753, 'fixed', '10000.00', '2025-04-01 21:46:55', '2025-04-06 21:46:55', '2025-04-03 14:46:55', '2025-04-03 14:46:55'),
(754, 754, 'store', '0.00', '2025-03-21 21:46:55', '2025-03-26 21:46:55', '2025-04-03 14:46:55', '2025-04-03 14:46:55'),
(755, 755, 'free', '0.00', '2025-03-07 21:46:55', '2025-03-12 21:46:55', '2025-04-03 14:46:55', '2025-04-03 14:46:55'),
(756, 756, 'free', '0.00', '2025-03-13 21:46:55', '2025-03-18 21:46:55', '2025-04-03 14:46:55', '2025-04-03 14:46:55'),
(757, 757, 'fixed', '10000.00', '2025-03-06 21:46:55', '2025-03-09 21:46:55', '2025-04-03 14:46:55', '2025-04-03 14:46:55'),
(758, 758, 'free', '0.00', '2025-03-28 21:46:55', '2025-04-03 21:46:55', '2025-04-03 14:46:55', '2025-04-03 14:46:55'),
(759, 759, 'fixed', '10000.00', '2025-03-26 21:46:55', '2025-03-31 21:46:55', '2025-04-03 14:46:55', '2025-04-03 14:46:55'),
(760, 760, 'free', '0.00', '2025-03-26 21:46:55', '2025-03-29 21:46:55', '2025-04-03 14:46:55', '2025-04-03 14:46:55'),
(761, 761, 'free', '0.00', '2025-03-10 21:46:55', '2025-03-17 21:46:55', '2025-04-03 14:46:55', '2025-04-03 14:46:55'),
(762, 762, 'fixed', '10000.00', '2025-03-24 21:46:55', '2025-03-29 21:46:55', '2025-04-03 14:46:55', '2025-04-03 14:46:55'),
(763, 763, 'store', '0.00', '2025-03-10 21:46:55', '2025-03-14 21:46:55', '2025-04-03 14:46:55', '2025-04-03 14:46:55'),
(764, 764, 'fixed', '10000.00', '2025-03-17 21:46:55', '2025-03-23 21:46:55', '2025-04-03 14:46:55', '2025-04-03 14:46:55'),
(765, 765, 'free', '0.00', '2025-03-27 21:46:55', '2025-04-03 21:46:55', '2025-04-03 14:46:55', '2025-04-03 14:46:55'),
(766, 766, 'store', '0.00', '2025-03-24 21:46:55', '2025-03-28 21:46:55', '2025-04-03 14:46:55', '2025-04-03 14:46:55'),
(767, 767, 'store', '0.00', '2025-04-02 21:46:55', '2025-04-08 21:46:55', '2025-04-03 14:46:55', '2025-04-03 14:46:55'),
(768, 768, 'free', '0.00', '2025-03-19 21:46:55', '2025-03-26 21:46:55', '2025-04-03 14:46:55', '2025-04-03 14:46:55'),
(769, 769, 'store', '0.00', '2025-03-27 21:46:55', '2025-04-02 21:46:55', '2025-04-03 14:46:55', '2025-04-03 14:46:55'),
(770, 770, 'free', '0.00', '2025-03-30 21:46:55', '2025-04-04 21:46:55', '2025-04-03 14:46:55', '2025-04-03 14:46:55'),
(771, 771, 'fixed', '10000.00', '2025-03-20 21:46:55', '2025-03-27 21:46:55', '2025-04-03 14:46:55', '2025-04-03 14:46:55'),
(772, 772, 'fixed', '10000.00', '2025-03-26 21:46:55', '2025-04-01 21:46:55', '2025-04-03 14:46:55', '2025-04-03 14:46:55'),
(773, 773, 'free', '0.00', '2025-03-07 21:46:55', '2025-03-11 21:46:55', '2025-04-03 14:46:55', '2025-04-03 14:46:55'),
(774, 774, 'free', '0.00', '2025-03-30 21:46:55', '2025-04-04 21:46:55', '2025-04-03 14:46:55', '2025-04-03 14:46:55'),
(775, 775, 'free', '0.00', '2025-03-20 21:46:55', '2025-03-23 21:46:55', '2025-04-03 14:46:55', '2025-04-03 14:46:55'),
(776, 776, 'store', '0.00', '2025-03-21 21:46:55', '2025-03-26 21:46:55', '2025-04-03 14:46:55', '2025-04-03 14:46:55'),
(777, 777, 'free', '0.00', '2025-03-17 21:46:55', '2025-03-20 21:46:55', '2025-04-03 14:46:55', '2025-04-03 14:46:55'),
(778, 778, 'fixed', '10000.00', '2025-03-24 21:46:55', '2025-03-29 21:46:55', '2025-04-03 14:46:55', '2025-04-03 14:46:55'),
(779, 779, 'store', '0.00', '2025-03-25 21:46:55', '2025-03-31 21:46:55', '2025-04-03 14:46:55', '2025-04-03 14:46:55'),
(780, 780, 'store', '0.00', '2025-03-06 21:46:55', '2025-03-09 21:46:55', '2025-04-03 14:46:55', '2025-04-03 14:46:55'),
(781, 781, 'fixed', '10000.00', '2025-04-01 21:46:55', '2025-04-04 21:46:55', '2025-04-03 14:46:55', '2025-04-03 14:46:55'),
(782, 782, 'free', '0.00', '2025-03-31 21:46:55', '2025-04-05 21:46:55', '2025-04-03 14:46:55', '2025-04-03 14:46:55'),
(783, 783, 'store', '0.00', '2025-03-15 21:46:55', '2025-03-19 21:46:55', '2025-04-03 14:46:55', '2025-04-03 14:46:55'),
(784, 784, 'fixed', '10000.00', '2025-03-11 21:46:55', '2025-03-18 21:46:55', '2025-04-03 14:46:55', '2025-04-03 14:46:55'),
(785, 785, 'store', '0.00', '2025-03-06 21:46:55', '2025-03-11 21:46:55', '2025-04-03 14:46:55', '2025-04-03 14:46:55'),
(786, 786, 'store', '0.00', '2025-03-11 21:46:55', '2025-03-17 21:46:55', '2025-04-03 14:46:55', '2025-04-03 14:46:55'),
(787, 787, 'store', '0.00', '2025-04-02 21:46:55', '2025-04-05 21:46:55', '2025-04-03 14:46:55', '2025-04-03 14:46:55'),
(788, 788, 'free', '0.00', '2025-03-25 21:46:55', '2025-03-30 21:46:55', '2025-04-03 14:46:55', '2025-04-03 14:46:55'),
(789, 789, 'store', '0.00', '2025-03-20 21:46:55', '2025-03-26 21:46:55', '2025-04-03 14:46:55', '2025-04-03 14:46:55'),
(790, 790, 'fixed', '10000.00', '2025-03-08 21:46:55', '2025-03-15 21:46:55', '2025-04-03 14:46:55', '2025-04-03 14:46:55'),
(791, 791, 'store', '0.00', '2025-03-24 21:46:55', '2025-03-27 21:46:55', '2025-04-03 14:46:55', '2025-04-03 14:46:55'),
(792, 792, 'free', '0.00', '2025-03-18 21:46:55', '2025-03-22 21:46:55', '2025-04-03 14:46:55', '2025-04-03 14:46:55'),
(793, 793, 'fixed', '10000.00', '2025-03-10 21:46:55', '2025-03-13 21:46:55', '2025-04-03 14:46:55', '2025-04-03 14:46:55'),
(794, 794, 'fixed', '10000.00', '2025-04-02 21:46:55', '2025-04-06 21:46:55', '2025-04-03 14:46:55', '2025-04-03 14:46:55'),
(795, 795, 'fixed', '10000.00', '2025-03-30 21:46:55', '2025-04-05 21:46:55', '2025-04-03 14:46:55', '2025-04-03 14:46:55'),
(796, 796, 'store', '0.00', '2025-03-05 21:46:55', '2025-03-09 21:46:55', '2025-04-03 14:46:55', '2025-04-03 14:46:55'),
(797, 797, 'store', '0.00', '2025-03-05 21:46:55', '2025-03-11 21:46:55', '2025-04-03 14:46:55', '2025-04-03 14:46:55'),
(798, 798, 'fixed', '10000.00', '2025-03-17 21:46:55', '2025-03-23 21:46:55', '2025-04-03 14:46:55', '2025-04-03 14:46:55'),
(799, 799, 'fixed', '10000.00', '2025-03-24 21:46:55', '2025-03-30 21:46:55', '2025-04-03 14:46:55', '2025-04-03 14:46:55'),
(800, 800, 'fixed', '10000.00', '2025-03-17 21:46:55', '2025-03-24 21:46:55', '2025-04-03 14:46:55', '2025-04-03 14:46:55'),
(801, 801, 'free', '0.00', '2025-03-14 21:46:55', '2025-03-21 21:46:55', '2025-04-03 14:46:55', '2025-04-03 14:46:55'),
(802, 802, 'free', '0.00', '2025-03-05 21:46:55', '2025-03-10 21:46:55', '2025-04-03 14:46:55', '2025-04-03 14:46:55'),
(803, 803, 'fixed', '10000.00', '2025-03-28 21:46:55', '2025-04-02 21:46:55', '2025-04-03 14:46:55', '2025-04-03 14:46:55'),
(804, 804, 'fixed', '10000.00', '2025-03-07 21:46:55', '2025-03-13 21:46:55', '2025-04-03 14:46:55', '2025-04-03 14:46:55'),
(805, 805, 'free', '0.00', '2025-03-09 21:46:55', '2025-03-15 21:46:55', '2025-04-03 14:46:55', '2025-04-03 14:46:55'),
(806, 806, 'fixed', '10000.00', '2025-03-23 21:46:55', '2025-03-29 21:46:55', '2025-04-03 14:46:55', '2025-04-03 14:46:55'),
(807, 807, 'free', '0.00', '2025-03-22 21:46:55', '2025-03-25 21:46:55', '2025-04-03 14:46:55', '2025-04-03 14:46:55'),
(808, 808, 'fixed', '10000.00', '2025-03-24 21:46:55', '2025-03-31 21:46:55', '2025-04-03 14:46:55', '2025-04-03 14:46:55'),
(809, 809, 'free', '0.00', '2025-03-10 21:46:55', '2025-03-14 21:46:55', '2025-04-03 14:46:55', '2025-04-03 14:46:55'),
(810, 810, 'store', '0.00', '2025-04-01 21:46:55', '2025-04-05 21:46:55', '2025-04-03 14:46:55', '2025-04-03 14:46:55'),
(811, 811, 'free', '0.00', '2025-03-17 21:46:55', '2025-03-21 21:46:55', '2025-04-03 14:46:55', '2025-04-03 14:46:55'),
(812, 812, 'store', '0.00', '2025-03-09 21:46:55', '2025-03-16 21:46:55', '2025-04-03 14:46:55', '2025-04-03 14:46:55'),
(813, 813, 'free', '0.00', '2025-03-28 21:46:55', '2025-04-04 21:46:55', '2025-04-03 14:46:55', '2025-04-03 14:46:55'),
(814, 814, 'fixed', '10000.00', '2025-03-08 21:46:55', '2025-03-14 21:46:55', '2025-04-03 14:46:55', '2025-04-03 14:46:55'),
(815, 815, 'free', '0.00', '2025-03-04 21:46:55', '2025-03-11 21:46:55', '2025-04-03 14:46:55', '2025-04-03 14:46:55'),
(816, 816, 'free', '0.00', '2025-03-24 21:46:55', '2025-03-31 21:46:55', '2025-04-03 14:46:55', '2025-04-03 14:46:55'),
(817, 817, 'fixed', '10000.00', '2025-03-04 21:46:55', '2025-03-11 21:46:55', '2025-04-03 14:46:55', '2025-04-03 14:46:55'),
(818, 818, 'store', '0.00', '2025-03-19 21:46:55', '2025-03-26 21:46:55', '2025-04-03 14:46:55', '2025-04-03 14:46:55'),
(819, 819, 'store', '0.00', '2025-03-15 21:46:55', '2025-03-20 21:46:55', '2025-04-03 14:46:55', '2025-04-03 14:46:55'),
(820, 820, 'free', '0.00', '2025-03-13 21:46:55', '2025-03-17 21:46:55', '2025-04-03 14:46:55', '2025-04-03 14:46:55'),
(821, 821, 'store', '0.00', '2025-03-08 21:46:55', '2025-03-15 21:46:55', '2025-04-03 14:46:55', '2025-04-03 14:46:55'),
(822, 822, 'fixed', '10000.00', '2025-03-04 21:46:55', '2025-03-08 21:46:55', '2025-04-03 14:46:55', '2025-04-03 14:46:55'),
(823, 823, 'fixed', '10000.00', '2025-03-17 21:46:55', '2025-03-21 21:46:55', '2025-04-03 14:46:55', '2025-04-03 14:46:55'),
(824, 824, 'free', '0.00', '2025-03-06 21:46:55', '2025-03-12 21:46:55', '2025-04-03 14:46:55', '2025-04-03 14:46:55'),
(825, 825, 'store', '0.00', '2025-03-27 21:46:55', '2025-03-30 21:46:55', '2025-04-03 14:46:55', '2025-04-03 14:46:55'),
(826, 826, 'free', '0.00', '2025-03-22 21:46:55', '2025-03-29 21:46:55', '2025-04-03 14:46:55', '2025-04-03 14:46:55'),
(827, 827, 'fixed', '10000.00', '2025-03-25 21:46:55', '2025-03-31 21:46:55', '2025-04-03 14:46:55', '2025-04-03 14:46:55'),
(828, 828, 'free', '0.00', '2025-03-29 21:46:55', '2025-04-04 21:46:55', '2025-04-03 14:46:55', '2025-04-03 14:46:55'),
(829, 829, 'store', '0.00', '2025-03-30 21:46:55', '2025-04-06 21:46:55', '2025-04-03 14:46:55', '2025-04-03 14:46:55'),
(830, 830, 'fixed', '10000.00', '2025-03-04 21:46:55', '2025-03-11 21:46:55', '2025-04-03 14:46:55', '2025-04-03 14:46:55'),
(831, 831, 'store', '0.00', '2025-03-18 21:46:55', '2025-03-23 21:46:55', '2025-04-03 14:46:55', '2025-04-03 14:46:55'),
(832, 832, 'free', '0.00', '2025-03-26 21:46:55', '2025-04-01 21:46:55', '2025-04-03 14:46:55', '2025-04-03 14:46:55');
INSERT INTO `shipments` (`id`, `order_id`, `shipping_method`, `shipping_cost`, `shipped_date`, `delivered_date`, `created_at`, `updated_at`) VALUES
(833, 833, 'free', '0.00', '2025-03-30 21:46:55', '2025-04-04 21:46:55', '2025-04-03 14:46:55', '2025-04-03 14:46:55'),
(834, 834, 'free', '0.00', '2025-03-24 21:46:55', '2025-03-28 21:46:55', '2025-04-03 14:46:55', '2025-04-03 14:46:55'),
(835, 835, 'store', '0.00', '2025-04-02 21:46:55', '2025-04-09 21:46:55', '2025-04-03 14:46:55', '2025-04-03 14:46:55'),
(836, 836, 'free', '0.00', '2025-03-07 21:46:55', '2025-03-11 21:46:55', '2025-04-03 14:46:55', '2025-04-03 14:46:55'),
(837, 837, 'fixed', '10000.00', '2025-03-08 21:46:55', '2025-03-15 21:46:55', '2025-04-03 14:46:55', '2025-04-03 14:46:55'),
(838, 838, 'store', '0.00', '2025-03-08 21:46:55', '2025-03-13 21:46:55', '2025-04-03 14:46:55', '2025-04-03 14:46:55'),
(839, 839, 'free', '0.00', '2025-04-01 21:46:55', '2025-04-08 21:46:55', '2025-04-03 14:46:55', '2025-04-03 14:46:55'),
(840, 840, 'free', '0.00', '2025-03-25 21:46:55', '2025-03-31 21:46:55', '2025-04-03 14:46:55', '2025-04-03 14:46:55'),
(841, 841, 'fixed', '10000.00', '2025-03-11 21:46:55', '2025-03-18 21:46:55', '2025-04-03 14:46:55', '2025-04-03 14:46:55'),
(842, 842, 'free', '0.00', '2025-03-11 21:46:55', '2025-03-16 21:46:55', '2025-04-03 14:46:55', '2025-04-03 14:46:55'),
(843, 843, 'fixed', '10000.00', '2025-03-13 21:46:55', '2025-03-16 21:46:55', '2025-04-03 14:46:55', '2025-04-03 14:46:55'),
(844, 844, 'free', '0.00', '2025-03-27 21:46:55', '2025-04-03 21:46:55', '2025-04-03 14:46:55', '2025-04-03 14:46:55'),
(845, 845, 'store', '0.00', '2025-03-18 21:46:55', '2025-03-21 21:46:55', '2025-04-03 14:46:55', '2025-04-03 14:46:55'),
(846, 846, 'store', '0.00', '2025-03-20 21:46:55', '2025-03-25 21:46:55', '2025-04-03 14:46:55', '2025-04-03 14:46:55'),
(847, 847, 'fixed', '10000.00', '2025-03-09 21:46:55', '2025-03-13 21:46:55', '2025-04-03 14:46:55', '2025-04-03 14:46:55'),
(848, 848, 'free', '0.00', '2025-03-11 21:46:55', '2025-03-14 21:46:55', '2025-04-03 14:46:55', '2025-04-03 14:46:55'),
(849, 849, 'free', '0.00', '2025-03-21 21:46:55', '2025-03-27 21:46:55', '2025-04-03 14:46:55', '2025-04-03 14:46:55'),
(850, 850, 'store', '0.00', '2025-03-23 21:46:55', '2025-03-29 21:46:55', '2025-04-03 14:46:55', '2025-04-03 14:46:55'),
(851, 851, 'store', '0.00', '2025-04-02 21:46:55', '2025-04-05 21:46:55', '2025-04-03 14:46:55', '2025-04-03 14:46:55'),
(852, 852, 'fixed', '10000.00', '2025-03-11 21:46:55', '2025-03-17 21:46:55', '2025-04-03 14:46:55', '2025-04-03 14:46:55'),
(853, 853, 'store', '0.00', '2025-03-13 21:46:55', '2025-03-17 21:46:55', '2025-04-03 14:46:55', '2025-04-03 14:46:55'),
(854, 854, 'fixed', '10000.00', '2025-03-31 21:46:55', '2025-04-04 21:46:55', '2025-04-03 14:46:55', '2025-04-03 14:46:55'),
(855, 855, 'fixed', '10000.00', '2025-03-25 21:46:55', '2025-04-01 21:46:55', '2025-04-03 14:46:55', '2025-04-03 14:46:55'),
(856, 856, 'store', '0.00', '2025-03-31 21:46:55', '2025-04-06 21:46:55', '2025-04-03 14:46:55', '2025-04-03 14:46:55'),
(857, 857, 'store', '0.00', '2025-03-11 21:46:55', '2025-03-17 21:46:55', '2025-04-03 14:46:55', '2025-04-03 14:46:55'),
(858, 858, 'free', '0.00', '2025-03-19 21:46:55', '2025-03-25 21:46:55', '2025-04-03 14:46:55', '2025-04-03 14:46:55'),
(859, 859, 'free', '0.00', '2025-03-29 21:46:55', '2025-04-03 21:46:55', '2025-04-03 14:46:55', '2025-04-03 14:46:55'),
(860, 860, 'free', '0.00', '2025-03-18 21:46:55', '2025-03-23 21:46:55', '2025-04-03 14:46:55', '2025-04-03 14:46:55'),
(861, 861, 'free', '0.00', '2025-03-20 21:46:55', '2025-03-25 21:46:55', '2025-04-03 14:46:55', '2025-04-03 14:46:55'),
(862, 862, 'store', '0.00', '2025-03-30 21:46:55', '2025-04-05 21:46:55', '2025-04-03 14:46:55', '2025-04-03 14:46:55'),
(863, 863, 'fixed', '10000.00', '2025-03-30 21:46:55', '2025-04-02 21:46:55', '2025-04-03 14:46:55', '2025-04-03 14:46:55'),
(864, 864, 'free', '0.00', '2025-03-10 21:46:55', '2025-03-13 21:46:55', '2025-04-03 14:46:55', '2025-04-03 14:46:55'),
(865, 865, 'free', '0.00', '2025-03-13 21:46:55', '2025-03-17 21:46:55', '2025-04-03 14:46:55', '2025-04-03 14:46:55'),
(866, 866, 'free', '0.00', '2025-03-22 21:46:55', '2025-03-26 21:46:55', '2025-04-03 14:46:55', '2025-04-03 14:46:55'),
(867, 867, 'store', '0.00', '2025-03-12 21:46:55', '2025-03-19 21:46:55', '2025-04-03 14:46:55', '2025-04-03 14:46:55'),
(868, 868, 'fixed', '10000.00', '2025-03-05 21:46:55', '2025-03-08 21:46:55', '2025-04-03 14:46:55', '2025-04-03 14:46:55'),
(869, 869, 'free', '0.00', '2025-03-13 21:46:55', '2025-03-16 21:46:55', '2025-04-03 14:46:55', '2025-04-03 14:46:55'),
(870, 870, 'fixed', '10000.00', '2025-03-05 21:46:55', '2025-03-10 21:46:55', '2025-04-03 14:46:55', '2025-04-03 14:46:55'),
(871, 871, 'store', '0.00', '2025-03-15 21:46:55', '2025-03-20 21:46:55', '2025-04-03 14:46:55', '2025-04-03 14:46:55'),
(872, 872, 'fixed', '10000.00', '2025-03-20 21:46:55', '2025-03-25 21:46:55', '2025-04-03 14:46:55', '2025-04-03 14:46:55'),
(873, 873, 'store', '0.00', '2025-03-12 21:46:55', '2025-03-18 21:46:55', '2025-04-03 14:46:55', '2025-04-03 14:46:55'),
(874, 874, 'free', '0.00', '2025-03-07 21:46:55', '2025-03-11 21:46:55', '2025-04-03 14:46:55', '2025-04-03 14:46:55'),
(875, 875, 'fixed', '10000.00', '2025-03-16 21:46:55', '2025-03-23 21:46:55', '2025-04-03 14:46:55', '2025-04-03 14:46:55'),
(876, 876, 'fixed', '10000.00', '2025-03-07 21:46:55', '2025-03-14 21:46:55', '2025-04-03 14:46:55', '2025-04-03 14:46:55'),
(877, 877, 'store', '0.00', '2025-03-21 21:46:55', '2025-03-25 21:46:55', '2025-04-03 14:46:55', '2025-04-03 14:46:55'),
(878, 878, 'store', '0.00', '2025-03-31 21:46:55', '2025-04-07 21:46:55', '2025-04-03 14:46:55', '2025-04-03 14:46:55'),
(879, 879, 'fixed', '10000.00', '2025-03-12 21:46:55', '2025-03-19 21:46:55', '2025-04-03 14:46:55', '2025-04-03 14:46:55'),
(880, 880, 'store', '0.00', '2025-03-09 21:46:55', '2025-03-16 21:46:55', '2025-04-03 14:46:55', '2025-04-03 14:46:55'),
(881, 881, 'free', '0.00', '2025-03-19 21:46:55', '2025-03-24 21:46:55', '2025-04-03 14:46:55', '2025-04-03 14:46:55'),
(882, 882, 'store', '0.00', '2025-03-14 21:46:55', '2025-03-20 21:46:55', '2025-04-03 14:46:55', '2025-04-03 14:46:55'),
(883, 883, 'free', '0.00', '2025-03-12 21:46:55', '2025-03-18 21:46:55', '2025-04-03 14:46:55', '2025-04-03 14:46:55'),
(884, 884, 'free', '0.00', '2025-03-21 21:46:55', '2025-03-24 21:46:55', '2025-04-03 14:46:55', '2025-04-03 14:46:55'),
(885, 885, 'store', '0.00', '2025-03-14 21:46:55', '2025-03-20 21:46:55', '2025-04-03 14:46:55', '2025-04-03 14:46:55'),
(886, 886, 'free', '0.00', '2025-03-04 21:46:55', '2025-03-11 21:46:55', '2025-04-03 14:46:55', '2025-04-03 14:46:55'),
(887, 887, 'store', '0.00', '2025-03-21 21:46:55', '2025-03-28 21:46:55', '2025-04-03 14:46:55', '2025-04-03 14:46:55'),
(888, 888, 'fixed', '10000.00', '2025-03-28 21:46:55', '2025-04-03 21:46:55', '2025-04-03 14:46:55', '2025-04-03 14:46:55'),
(889, 889, 'store', '0.00', '2025-03-09 21:46:55', '2025-03-16 21:46:55', '2025-04-03 14:46:55', '2025-04-03 14:46:55'),
(890, 890, 'fixed', '10000.00', '2025-03-05 21:46:55', '2025-03-10 21:46:55', '2025-04-03 14:46:55', '2025-04-03 14:46:55'),
(891, 891, 'fixed', '10000.00', '2025-04-01 21:46:55', '2025-04-08 21:46:55', '2025-04-03 14:46:55', '2025-04-03 14:46:55'),
(892, 892, 'store', '0.00', '2025-03-25 21:46:55', '2025-04-01 21:46:55', '2025-04-03 14:46:55', '2025-04-03 14:46:55'),
(893, 893, 'free', '0.00', '2025-03-11 21:46:55', '2025-03-15 21:46:55', '2025-04-03 14:46:55', '2025-04-03 14:46:55'),
(894, 894, 'free', '0.00', '2025-03-06 21:46:55', '2025-03-11 21:46:55', '2025-04-03 14:46:55', '2025-04-03 14:46:55'),
(895, 895, 'store', '0.00', '2025-03-20 21:46:55', '2025-03-26 21:46:55', '2025-04-03 14:46:55', '2025-04-03 14:46:55'),
(896, 896, 'fixed', '10000.00', '2025-03-22 21:46:55', '2025-03-27 21:46:55', '2025-04-03 14:46:55', '2025-04-03 14:46:55'),
(897, 897, 'fixed', '10000.00', '2025-03-11 21:46:55', '2025-03-15 21:46:55', '2025-04-03 14:46:55', '2025-04-03 14:46:55'),
(898, 898, 'store', '0.00', '2025-03-12 21:46:55', '2025-03-15 21:46:55', '2025-04-03 14:46:55', '2025-04-03 14:46:55'),
(899, 899, 'fixed', '10000.00', '2025-03-16 21:46:55', '2025-03-21 21:46:55', '2025-04-03 14:46:55', '2025-04-03 14:46:55'),
(900, 900, 'fixed', '10000.00', '2025-03-06 21:46:55', '2025-03-13 21:46:55', '2025-04-03 14:46:55', '2025-04-03 14:46:55'),
(901, 901, 'store', '0.00', '2025-03-05 21:46:55', '2025-03-11 21:46:55', '2025-04-03 14:46:55', '2025-04-03 14:46:55'),
(902, 902, 'store', '0.00', '2025-03-15 21:46:55', '2025-03-19 21:46:55', '2025-04-03 14:46:55', '2025-04-03 14:46:55'),
(903, 903, 'store', '0.00', '2025-03-23 21:46:55', '2025-03-29 21:46:55', '2025-04-03 14:46:55', '2025-04-03 14:46:55'),
(904, 904, 'free', '0.00', '2025-04-01 21:46:55', '2025-04-04 21:46:55', '2025-04-03 14:46:55', '2025-04-03 14:46:55'),
(905, 905, 'fixed', '10000.00', '2025-03-16 21:46:55', '2025-03-23 21:46:55', '2025-04-03 14:46:55', '2025-04-03 14:46:55'),
(906, 906, 'store', '0.00', '2025-03-06 21:46:55', '2025-03-12 21:46:55', '2025-04-03 14:46:55', '2025-04-03 14:46:55'),
(907, 907, 'fixed', '10000.00', '2025-03-29 21:46:55', '2025-04-05 21:46:55', '2025-04-03 14:46:55', '2025-04-03 14:46:55'),
(908, 908, 'free', '0.00', '2025-03-11 21:46:55', '2025-03-18 21:46:55', '2025-04-03 14:46:55', '2025-04-03 14:46:55'),
(909, 909, 'fixed', '10000.00', '2025-04-01 21:46:55', '2025-04-05 21:46:55', '2025-04-03 14:46:55', '2025-04-03 14:46:55'),
(910, 910, 'store', '0.00', '2025-03-10 21:46:55', '2025-03-17 21:46:55', '2025-04-03 14:46:55', '2025-04-03 14:46:55'),
(911, 911, 'fixed', '10000.00', '2025-04-02 21:46:55', '2025-04-07 21:46:55', '2025-04-03 14:46:55', '2025-04-03 14:46:55'),
(912, 912, 'fixed', '10000.00', '2025-03-10 21:46:55', '2025-03-14 21:46:55', '2025-04-03 14:46:55', '2025-04-03 14:46:55'),
(913, 913, 'fixed', '10000.00', '2025-03-09 21:46:55', '2025-03-16 21:46:55', '2025-04-03 14:46:55', '2025-04-03 14:46:55'),
(914, 914, 'store', '0.00', '2025-03-23 21:46:55', '2025-03-28 21:46:55', '2025-04-03 14:46:55', '2025-04-03 14:46:55'),
(915, 915, 'store', '0.00', '2025-03-21 21:46:55', '2025-03-25 21:46:55', '2025-04-03 14:46:55', '2025-04-03 14:46:55'),
(916, 916, 'store', '0.00', '2025-03-20 21:46:55', '2025-03-27 21:46:55', '2025-04-03 14:46:55', '2025-04-03 14:46:55'),
(917, 917, 'store', '0.00', '2025-03-14 21:46:55', '2025-03-18 21:46:55', '2025-04-03 14:46:55', '2025-04-03 14:46:55'),
(918, 918, 'fixed', '10000.00', '2025-03-06 21:46:55', '2025-03-10 21:46:55', '2025-04-03 14:46:55', '2025-04-03 14:46:55'),
(919, 919, 'fixed', '10000.00', '2025-03-14 21:46:55', '2025-03-19 21:46:55', '2025-04-03 14:46:55', '2025-04-03 14:46:55'),
(920, 920, 'store', '0.00', '2025-03-25 21:46:55', '2025-03-29 21:46:55', '2025-04-03 14:46:55', '2025-04-03 14:46:55'),
(921, 921, 'fixed', '10000.00', '2025-03-24 21:46:55', '2025-03-31 21:46:55', '2025-04-03 14:46:55', '2025-04-03 14:46:55'),
(922, 922, 'store', '0.00', '2025-03-29 21:46:55', '2025-04-02 21:46:55', '2025-04-03 14:46:55', '2025-04-03 14:46:55'),
(923, 923, 'fixed', '10000.00', '2025-03-30 21:46:55', '2025-04-02 21:46:55', '2025-04-03 14:46:55', '2025-04-03 14:46:55'),
(924, 924, 'store', '0.00', '2025-03-11 21:46:55', '2025-03-18 21:46:55', '2025-04-03 14:46:55', '2025-04-03 14:46:55'),
(925, 925, 'fixed', '10000.00', '2025-03-06 21:46:55', '2025-03-09 21:46:55', '2025-04-03 14:46:55', '2025-04-03 14:46:55'),
(926, 926, 'store', '0.00', '2025-03-28 21:46:55', '2025-04-02 21:46:55', '2025-04-03 14:46:55', '2025-04-03 14:46:55'),
(927, 927, 'fixed', '10000.00', '2025-03-26 21:46:55', '2025-04-02 21:46:55', '2025-04-03 14:46:55', '2025-04-03 14:46:55'),
(928, 928, 'fixed', '10000.00', '2025-03-11 21:46:55', '2025-03-14 21:46:55', '2025-04-03 14:46:55', '2025-04-03 14:46:55'),
(929, 929, 'store', '0.00', '2025-03-28 21:46:55', '2025-04-02 21:46:55', '2025-04-03 14:46:55', '2025-04-03 14:46:55'),
(930, 930, 'store', '0.00', '2025-03-15 21:46:55', '2025-03-19 21:46:55', '2025-04-03 14:46:55', '2025-04-03 14:46:55'),
(931, 931, 'fixed', '10000.00', '2025-03-15 21:46:55', '2025-03-21 21:46:55', '2025-04-03 14:46:55', '2025-04-03 14:46:55'),
(932, 932, 'fixed', '10000.00', '2025-03-04 21:46:55', '2025-03-11 21:46:55', '2025-04-03 14:46:55', '2025-04-03 14:46:55'),
(933, 933, 'fixed', '10000.00', '2025-03-24 21:46:55', '2025-03-28 21:46:55', '2025-04-03 14:46:55', '2025-04-03 14:46:55'),
(934, 934, 'store', '0.00', '2025-03-07 21:46:55', '2025-03-10 21:46:55', '2025-04-03 14:46:55', '2025-04-03 14:46:55'),
(935, 935, 'store', '0.00', '2025-03-11 21:46:55', '2025-03-16 21:46:55', '2025-04-03 14:46:55', '2025-04-03 14:46:55'),
(936, 936, 'free', '0.00', '2025-03-17 21:46:55', '2025-03-23 21:46:55', '2025-04-03 14:46:55', '2025-04-03 14:46:55'),
(937, 937, 'fixed', '10000.00', '2025-03-18 21:46:55', '2025-03-24 21:46:55', '2025-04-03 14:46:55', '2025-04-03 14:46:55'),
(938, 938, 'fixed', '10000.00', '2025-04-02 21:46:55', '2025-04-08 21:46:55', '2025-04-03 14:46:55', '2025-04-03 14:46:55'),
(939, 939, 'free', '0.00', '2025-03-29 21:46:55', '2025-04-04 21:46:55', '2025-04-03 14:46:55', '2025-04-03 14:46:55'),
(940, 940, 'store', '0.00', '2025-03-28 21:46:55', '2025-04-03 21:46:55', '2025-04-03 14:46:55', '2025-04-03 14:46:55'),
(941, 941, 'fixed', '10000.00', '2025-04-02 21:46:55', '2025-04-09 21:46:55', '2025-04-03 14:46:55', '2025-04-03 14:46:55'),
(942, 942, 'fixed', '10000.00', '2025-03-23 21:46:55', '2025-03-28 21:46:55', '2025-04-03 14:46:55', '2025-04-03 14:46:55'),
(943, 943, 'store', '0.00', '2025-03-04 21:46:55', '2025-03-10 21:46:55', '2025-04-03 14:46:55', '2025-04-03 14:46:55'),
(944, 944, 'free', '0.00', '2025-03-28 21:46:55', '2025-03-31 21:46:55', '2025-04-03 14:46:55', '2025-04-03 14:46:55'),
(945, 945, 'store', '0.00', '2025-03-30 21:46:55', '2025-04-06 21:46:55', '2025-04-03 14:46:55', '2025-04-03 14:46:55'),
(946, 946, 'free', '0.00', '2025-03-21 21:46:55', '2025-03-25 21:46:55', '2025-04-03 14:46:55', '2025-04-03 14:46:55'),
(947, 947, 'fixed', '10000.00', '2025-04-02 21:46:55', '2025-04-08 21:46:55', '2025-04-03 14:46:55', '2025-04-03 14:46:55'),
(948, 948, 'store', '0.00', '2025-03-05 21:46:55', '2025-03-12 21:46:55', '2025-04-03 14:46:55', '2025-04-03 14:46:55'),
(949, 949, 'free', '0.00', '2025-03-16 21:46:55', '2025-03-19 21:46:55', '2025-04-03 14:46:55', '2025-04-03 14:46:55'),
(950, 950, 'free', '0.00', '2025-03-28 21:46:55', '2025-04-03 21:46:55', '2025-04-03 14:46:55', '2025-04-03 14:46:55'),
(951, 951, 'free', '0.00', '2025-03-14 21:46:55', '2025-03-19 21:46:55', '2025-04-03 14:46:55', '2025-04-03 14:46:55'),
(952, 952, 'store', '0.00', '2025-03-28 21:46:55', '2025-04-03 21:46:55', '2025-04-03 14:46:55', '2025-04-03 14:46:55'),
(953, 953, 'store', '0.00', '2025-03-17 21:46:55', '2025-03-23 21:46:55', '2025-04-03 14:46:55', '2025-04-03 14:46:55'),
(954, 954, 'fixed', '10000.00', '2025-03-18 21:46:55', '2025-03-21 21:46:55', '2025-04-03 14:46:55', '2025-04-03 14:46:55'),
(955, 955, 'store', '0.00', '2025-03-20 21:46:55', '2025-03-27 21:46:55', '2025-04-03 14:46:55', '2025-04-03 14:46:55'),
(956, 956, 'fixed', '10000.00', '2025-03-09 21:46:55', '2025-03-14 21:46:55', '2025-04-03 14:46:55', '2025-04-03 14:46:55'),
(957, 957, 'free', '0.00', '2025-03-22 21:46:55', '2025-03-28 21:46:55', '2025-04-03 14:46:55', '2025-04-03 14:46:55'),
(958, 958, 'store', '0.00', '2025-03-26 21:46:55', '2025-03-30 21:46:55', '2025-04-03 14:46:55', '2025-04-03 14:46:55'),
(959, 959, 'store', '0.00', '2025-03-13 21:46:55', '2025-03-17 21:46:55', '2025-04-03 14:46:55', '2025-04-03 14:46:55'),
(960, 960, 'free', '0.00', '2025-03-20 21:46:55', '2025-03-24 21:46:55', '2025-04-03 14:46:55', '2025-04-03 14:46:55'),
(961, 961, 'store', '0.00', '2025-03-07 21:46:55', '2025-03-11 21:46:55', '2025-04-03 14:46:55', '2025-04-03 14:46:55'),
(962, 962, 'free', '0.00', '2025-03-16 21:46:55', '2025-03-21 21:46:55', '2025-04-03 14:46:55', '2025-04-03 14:46:55'),
(963, 963, 'fixed', '10000.00', '2025-04-02 21:46:55', '2025-04-07 21:46:55', '2025-04-03 14:46:55', '2025-04-03 14:46:55'),
(964, 964, 'free', '0.00', '2025-03-24 21:46:55', '2025-03-28 21:46:55', '2025-04-03 14:46:55', '2025-04-03 14:46:55'),
(965, 965, 'store', '0.00', '2025-03-05 21:46:55', '2025-03-10 21:46:55', '2025-04-03 14:46:55', '2025-04-03 14:46:55'),
(966, 966, 'fixed', '10000.00', '2025-03-26 21:46:55', '2025-03-29 21:46:55', '2025-04-03 14:46:55', '2025-04-03 14:46:55'),
(967, 967, 'free', '0.00', '2025-03-04 21:46:55', '2025-03-09 21:46:55', '2025-04-03 14:46:55', '2025-04-03 14:46:55'),
(968, 968, 'fixed', '10000.00', '2025-03-04 21:46:55', '2025-03-11 21:46:55', '2025-04-03 14:46:55', '2025-04-03 14:46:55'),
(969, 969, 'free', '0.00', '2025-03-17 21:46:55', '2025-03-21 21:46:55', '2025-04-03 14:46:55', '2025-04-03 14:46:55'),
(970, 970, 'fixed', '10000.00', '2025-03-28 21:46:55', '2025-04-02 21:46:55', '2025-04-03 14:46:55', '2025-04-03 14:46:55'),
(971, 971, 'free', '0.00', '2025-03-21 21:46:55', '2025-03-26 21:46:55', '2025-04-03 14:46:55', '2025-04-03 14:46:55'),
(972, 972, 'free', '0.00', '2025-03-10 21:46:55', '2025-03-17 21:46:55', '2025-04-03 14:46:55', '2025-04-03 14:46:55'),
(973, 973, 'store', '0.00', '2025-03-05 21:46:55', '2025-03-09 21:46:55', '2025-04-03 14:46:55', '2025-04-03 14:46:55'),
(974, 974, 'free', '0.00', '2025-03-18 21:46:55', '2025-03-22 21:46:55', '2025-04-03 14:46:55', '2025-04-03 14:46:55'),
(975, 975, 'fixed', '10000.00', '2025-03-04 21:46:55', '2025-03-10 21:46:55', '2025-04-03 14:46:55', '2025-04-03 14:46:55'),
(976, 976, 'free', '0.00', '2025-03-19 21:46:55', '2025-03-25 21:46:55', '2025-04-03 14:46:55', '2025-04-03 14:46:55'),
(977, 977, 'fixed', '10000.00', '2025-03-27 21:46:55', '2025-04-02 21:46:55', '2025-04-03 14:46:55', '2025-04-03 14:46:55'),
(978, 978, 'free', '0.00', '2025-03-13 21:46:55', '2025-03-20 21:46:55', '2025-04-03 14:46:55', '2025-04-03 14:46:55'),
(979, 979, 'free', '0.00', '2025-03-26 21:46:55', '2025-03-29 21:46:55', '2025-04-03 14:46:55', '2025-04-03 14:46:55'),
(980, 980, 'store', '0.00', '2025-03-31 21:46:55', '2025-04-04 21:46:55', '2025-04-03 14:46:55', '2025-04-03 14:46:55'),
(981, 981, 'free', '0.00', '2025-03-04 21:46:55', '2025-03-07 21:46:55', '2025-04-03 14:46:55', '2025-04-03 14:46:55'),
(982, 982, 'fixed', '10000.00', '2025-03-06 21:46:55', '2025-03-13 21:46:55', '2025-04-03 14:46:55', '2025-04-03 14:46:55'),
(983, 983, 'free', '0.00', '2025-03-13 21:46:55', '2025-03-18 21:46:55', '2025-04-03 14:46:55', '2025-04-03 14:46:55'),
(984, 984, 'free', '0.00', '2025-03-24 21:46:55', '2025-03-28 21:46:55', '2025-04-03 14:46:55', '2025-04-03 14:46:55'),
(985, 985, 'fixed', '10000.00', '2025-03-22 21:46:55', '2025-03-27 21:46:55', '2025-04-03 14:46:55', '2025-04-03 14:46:55'),
(986, 986, 'free', '0.00', '2025-03-24 21:46:55', '2025-03-29 21:46:55', '2025-04-03 14:46:55', '2025-04-03 14:46:55'),
(987, 987, 'free', '0.00', '2025-03-27 21:46:55', '2025-04-03 21:46:55', '2025-04-03 14:46:55', '2025-04-03 14:46:55'),
(988, 988, 'free', '0.00', '2025-03-24 21:46:55', '2025-03-29 21:46:55', '2025-04-03 14:46:55', '2025-04-03 14:46:55'),
(989, 989, 'free', '0.00', '2025-03-29 21:46:55', '2025-04-02 21:46:55', '2025-04-03 14:46:55', '2025-04-03 14:46:55'),
(990, 990, 'store', '0.00', '2025-03-18 21:46:55', '2025-03-21 21:46:55', '2025-04-03 14:46:55', '2025-04-03 14:46:55'),
(991, 991, 'store', '0.00', '2025-03-30 21:46:55', '2025-04-05 21:46:55', '2025-04-03 14:46:55', '2025-04-03 14:46:55'),
(992, 992, 'free', '0.00', '2025-03-07 21:46:55', '2025-03-10 21:46:55', '2025-04-03 14:46:55', '2025-04-03 14:46:55'),
(993, 993, 'store', '0.00', '2025-03-14 21:46:55', '2025-03-21 21:46:55', '2025-04-03 14:46:55', '2025-04-03 14:46:55'),
(994, 994, 'fixed', '10000.00', '2025-03-24 21:46:55', '2025-03-27 21:46:55', '2025-04-03 14:46:55', '2025-04-03 14:46:55'),
(995, 995, 'fixed', '10000.00', '2025-03-17 21:46:55', '2025-03-21 21:46:55', '2025-04-03 14:46:55', '2025-04-03 14:46:55'),
(996, 996, 'free', '0.00', '2025-03-18 21:46:55', '2025-03-23 21:46:55', '2025-04-03 14:46:55', '2025-04-03 14:46:55'),
(997, 997, 'store', '0.00', '2025-03-28 21:46:55', '2025-04-04 21:46:55', '2025-04-03 14:46:55', '2025-04-03 14:46:55'),
(998, 998, 'free', '0.00', '2025-03-28 21:46:55', '2025-04-04 21:46:55', '2025-04-03 14:46:55', '2025-04-03 14:46:55'),
(999, 999, 'free', '0.00', '2025-04-01 21:46:55', '2025-04-04 21:46:55', '2025-04-03 14:46:55', '2025-04-03 14:46:55'),
(1000, 1000, 'store', '0.00', '2025-03-23 21:46:55', '2025-03-27 21:46:55', '2025-04-03 14:46:55', '2025-04-03 14:46:55'),
(1002, 1002, 'store', '0.00', '2025-04-05 18:22:35', NULL, '2025-04-05 11:22:35', '2025-04-05 11:22:35'),
(1003, 1003, 'fixed', '100000.00', '2025-04-05 18:31:16', NULL, '2025-04-05 11:31:16', '2025-04-05 11:31:16'),
(1004, 1004, 'fixed', '100000.00', '2025-04-05 18:32:06', NULL, '2025-04-05 11:32:06', '2025-04-05 11:32:06'),
(1005, 1005, 'store', '0.00', '2025-04-05 18:36:32', NULL, '2025-04-05 11:36:32', '2025-04-05 11:36:32'),
(1006, 1006, 'fixed', '100000.00', '2025-04-05 19:50:46', NULL, '2025-04-05 12:50:46', '2025-04-05 12:50:46'),
(1011, 1011, 'free', '0.00', '2025-04-05 22:57:02', NULL, '2025-04-05 15:57:02', '2025-04-05 15:57:02'),
(1012, 1012, 'fixed', '100000.00', '2025-04-07 13:17:58', NULL, '2025-04-07 06:17:58', '2025-04-07 06:17:58'),
(1013, 1013, 'fixed', '100000.00', '2025-04-07 13:18:36', NULL, '2025-04-07 06:18:36', '2025-04-07 06:18:36'),
(1014, 1014, 'fixed', '100000.00', '2025-04-07 13:18:40', NULL, '2025-04-07 06:18:40', '2025-04-07 06:18:40'),
(1015, 1015, 'fixed', '100000.00', '2025-04-07 13:18:57', NULL, '2025-04-07 06:18:57', '2025-04-07 06:18:57'),
(1016, 1016, 'fixed', '100000.00', '2025-04-07 13:19:06', NULL, '2025-04-07 06:19:06', '2025-04-07 06:19:06'),
(1017, 1017, 'fixed', '100000.00', '2025-04-07 13:19:11', NULL, '2025-04-07 06:19:11', '2025-04-07 06:19:11'),
(1018, 1018, 'fixed', '100000.00', '2025-04-07 13:29:13', NULL, '2025-04-07 06:29:13', '2025-04-07 06:29:13'),
(1019, 1019, 'fixed', '100000.00', '2025-04-07 17:03:06', NULL, '2025-04-07 10:03:06', '2025-04-07 10:03:06'),
(1020, 1020, 'fixed', '100000.00', '2025-04-07 17:05:31', NULL, '2025-04-07 10:05:31', '2025-04-07 10:05:31'),
(1021, 1021, 'fixed', '100000.00', '2025-04-07 19:18:12', NULL, '2025-04-07 12:18:12', '2025-04-07 12:18:12');

-- --------------------------------------------------------

--
-- Table structure for table `status_history`
--

CREATE TABLE `status_history` (
  `id` bigint UNSIGNED NOT NULL,
  `entity_id` bigint UNSIGNED NOT NULL,
  `entity_type` enum('order','payment','shipment') COLLATE utf8mb4_unicode_ci NOT NULL,
  `old_status` varchar(50) COLLATE utf8mb4_unicode_ci NOT NULL,
  `new_status` varchar(50) COLLATE utf8mb4_unicode_ci NOT NULL,
  `changed_by` bigint UNSIGNED NOT NULL,
  `changed_at` timestamp NOT NULL DEFAULT CURRENT_TIMESTAMP,
  `created_at` timestamp NULL DEFAULT NULL,
  `updated_at` timestamp NULL DEFAULT NULL
) ENGINE=InnoDB DEFAULT CHARSET=utf8mb4 COLLATE=utf8mb4_unicode_ci;

--
-- Dumping data for table `status_history`
--

INSERT INTO `status_history` (`id`, `entity_id`, `entity_type`, `old_status`, `new_status`, `changed_by`, `changed_at`, `created_at`, `updated_at`) VALUES
(1, 148, 'order', 'completed', 'completed', 18, '2025-04-03 14:46:52', '2025-04-03 14:46:52', '2025-04-03 14:46:52'),
(2, 535, 'order', 'completed', 'completed', 26, '2025-04-03 14:46:52', '2025-04-03 14:46:52', '2025-04-03 14:46:52'),
(3, 108, 'order', 'pending', 'confirmed', 16, '2025-04-03 14:46:52', '2025-04-03 14:46:52', '2025-04-03 14:46:52'),
(4, 705, 'order', 'completed', 'completed', 7, '2025-04-03 14:46:52', '2025-04-03 14:46:52', '2025-04-03 14:46:52'),
(5, 294, 'order', 'completed', 'completed', 26, '2025-04-03 14:46:52', '2025-04-03 14:46:52', '2025-04-03 14:46:52'),
(6, 559, 'order', 'pending', 'confirmed', 9, '2025-04-03 14:46:53', '2025-04-03 14:46:53', '2025-04-03 14:46:53'),
(7, 905, 'order', 'completed', 'completed', 17, '2025-04-03 14:46:53', '2025-04-03 14:46:53', '2025-04-03 14:46:53'),
(8, 124, 'order', 'completed', 'completed', 30, '2025-04-03 14:46:53', '2025-04-03 14:46:53', '2025-04-03 14:46:53'),
(9, 506, 'order', 'completed', 'completed', 17, '2025-04-03 14:46:53', '2025-04-03 14:46:53', '2025-04-03 14:46:53'),
(10, 55, 'order', 'completed', 'completed', 6, '2025-04-03 14:46:53', '2025-04-03 14:46:53', '2025-04-03 14:46:53'),
(11, 674, 'order', 'completed', 'completed', 23, '2025-04-03 14:46:53', '2025-04-03 14:46:53', '2025-04-03 14:46:53'),
(12, 604, 'order', 'completed', 'completed', 26, '2025-04-03 14:46:53', '2025-04-03 14:46:53', '2025-04-03 14:46:53'),
(13, 682, 'order', 'pending', 'confirmed', 38, '2025-04-03 14:46:53', '2025-04-03 14:46:53', '2025-04-03 14:46:53'),
(14, 321, 'order', 'completed', 'completed', 31, '2025-04-03 14:46:53', '2025-04-03 14:46:53', '2025-04-03 14:46:53'),
(15, 695, 'order', 'completed', 'completed', 20, '2025-04-03 14:46:53', '2025-04-03 14:46:53', '2025-04-03 14:46:53'),
(16, 360, 'order', 'completed', 'completed', 24, '2025-04-03 14:46:53', '2025-04-03 14:46:53', '2025-04-03 14:46:53'),
(17, 526, 'order', 'completed', 'completed', 2, '2025-04-03 14:46:53', '2025-04-03 14:46:53', '2025-04-03 14:46:53'),
(18, 236, 'order', 'completed', 'completed', 1, '2025-04-03 14:46:53', '2025-04-03 14:46:53', '2025-04-03 14:46:53'),
(19, 953, 'order', 'pending', 'confirmed', 6, '2025-04-03 14:46:53', '2025-04-03 14:46:53', '2025-04-03 14:46:53'),
(20, 109, 'order', 'completed', 'completed', 40, '2025-04-03 14:46:53', '2025-04-03 14:46:53', '2025-04-03 14:46:53'),
(21, 676, 'order', 'pending', 'confirmed', 35, '2025-04-03 14:46:53', '2025-04-03 14:46:53', '2025-04-03 14:46:53'),
(22, 423, 'order', 'pending', 'confirmed', 15, '2025-04-03 14:46:53', '2025-04-03 14:46:53', '2025-04-03 14:46:53'),
(23, 579, 'order', 'completed', 'completed', 8, '2025-04-03 14:46:53', '2025-04-03 14:46:53', '2025-04-03 14:46:53'),
(24, 522, 'order', 'completed', 'completed', 28, '2025-04-03 14:46:53', '2025-04-03 14:46:53', '2025-04-03 14:46:53'),
(25, 8, 'order', 'pending', 'confirmed', 33, '2025-04-03 14:46:53', '2025-04-03 14:46:53', '2025-04-03 14:46:53'),
(26, 39, 'order', 'completed', 'completed', 25, '2025-04-03 14:46:53', '2025-04-03 14:46:53', '2025-04-03 14:46:53'),
(27, 551, 'order', 'completed', 'completed', 23, '2025-04-03 14:46:53', '2025-04-03 14:46:53', '2025-04-03 14:46:53'),
(28, 766, 'order', 'pending', 'confirmed', 19, '2025-04-03 14:46:53', '2025-04-03 14:46:53', '2025-04-03 14:46:53'),
(29, 682, 'order', 'pending', 'confirmed', 14, '2025-04-03 14:46:53', '2025-04-03 14:46:53', '2025-04-03 14:46:53'),
(30, 986, 'order', 'completed', 'completed', 38, '2025-04-03 14:46:53', '2025-04-03 14:46:53', '2025-04-03 14:46:53'),
(31, 472, 'order', 'completed', 'completed', 33, '2025-04-03 14:46:53', '2025-04-03 14:46:53', '2025-04-03 14:46:53'),
(32, 482, 'order', 'completed', 'completed', 16, '2025-04-03 14:46:53', '2025-04-03 14:46:53', '2025-04-03 14:46:53'),
(33, 490, 'order', 'completed', 'completed', 33, '2025-04-03 14:46:53', '2025-04-03 14:46:53', '2025-04-03 14:46:53'),
(34, 39, 'order', 'completed', 'completed', 35, '2025-04-03 14:46:53', '2025-04-03 14:46:53', '2025-04-03 14:46:53'),
(35, 124, 'order', 'completed', 'completed', 17, '2025-04-03 14:46:53', '2025-04-03 14:46:53', '2025-04-03 14:46:53'),
(36, 393, 'order', 'completed', 'completed', 37, '2025-04-03 14:46:53', '2025-04-03 14:46:53', '2025-04-03 14:46:53'),
(37, 576, 'order', 'completed', 'completed', 38, '2025-04-03 14:46:53', '2025-04-03 14:46:53', '2025-04-03 14:46:53'),
(38, 706, 'order', 'completed', 'completed', 29, '2025-04-03 14:46:53', '2025-04-03 14:46:53', '2025-04-03 14:46:53'),
(39, 383, 'order', 'completed', 'completed', 34, '2025-04-03 14:46:53', '2025-04-03 14:46:53', '2025-04-03 14:46:53'),
(40, 811, 'order', 'pending', 'confirmed', 2, '2025-04-03 14:46:53', '2025-04-03 14:46:53', '2025-04-03 14:46:53'),
(41, 11, 'order', 'pending', 'confirmed', 43, '2025-04-05 12:23:53', '2025-04-05 12:23:53', '2025-04-05 12:23:53'),
(42, 8, 'order', 'processing', 'completed', 43, '2025-04-05 12:53:42', '2025-04-05 12:53:42', '2025-04-05 12:53:42'),
(43, 1019, 'payment', 'pending', 'fail', 8, '2025-04-07 10:04:42', '2025-04-07 10:04:42', '2025-04-07 10:04:42'),
(44, 1019, 'payment', 'pending', 'completed', 8, '2025-04-07 10:04:42', '2025-04-07 10:04:42', '2025-04-07 10:04:42'),
(45, 1020, 'payment', 'pending', 'fail', 8, '2025-04-07 10:23:33', '2025-04-07 10:23:33', '2025-04-07 10:23:33'),
(46, 1020, 'payment', 'pending', 'completed', 8, '2025-04-07 10:23:33', '2025-04-07 10:23:33', '2025-04-07 10:23:33'),
(47, 1021, 'payment', 'pending', 'completed', 8, '2025-04-07 12:28:51', '2025-04-07 12:28:51', '2025-04-07 12:28:51'),
(48, 1021, 'payment', 'pending', 'completed', 8, '2025-04-07 12:28:51', '2025-04-07 12:28:51', '2025-04-07 12:28:51'),
(49, 1022, 'payment', 'pending', 'completed', 7, '2025-04-07 14:18:35', '2025-04-07 14:18:35', '2025-04-07 14:18:35'),
(50, 1022, 'payment', 'pending', 'completed', 7, '2025-04-07 14:18:35', '2025-04-07 14:18:35', '2025-04-07 14:18:35'),
(51, 1026, 'payment', 'pending', 'completed', 7, '2025-04-07 14:56:42', '2025-04-07 14:56:42', '2025-04-07 14:56:42'),
(52, 1026, 'payment', 'pending', 'completed', 7, '2025-04-07 14:56:42', '2025-04-07 14:56:42', '2025-04-07 14:56:42'),
(53, 1026, 'order', 'pending', 'confirmed', 43, '2025-04-07 15:04:00', '2025-04-07 15:04:00', '2025-04-07 15:04:00');

-- --------------------------------------------------------

--
-- Table structure for table `tags`
--

CREATE TABLE `tags` (
  `id` bigint UNSIGNED NOT NULL,
  `name` varchar(255) COLLATE utf8mb4_unicode_ci NOT NULL,
  `created_at` timestamp NULL DEFAULT NULL,
  `updated_at` timestamp NULL DEFAULT NULL
) ENGINE=InnoDB DEFAULT CHARSET=utf8mb4 COLLATE=utf8mb4_unicode_ci;

--
-- Dumping data for table `tags`
--

INSERT INTO `tags` (`id`, `name`, `created_at`, `updated_at`) VALUES
(1, 'Giới thiệu', '2025-04-03 14:46:33', '2025-04-03 14:46:33'),
(2, 'Tin tức', '2025-04-03 14:46:33', '2025-04-03 14:46:33'),
(3, 'Khuyến mãi', '2025-04-03 14:46:33', '2025-04-03 14:46:33'),
(4, 'Sản phẩm mới', '2025-04-03 14:46:33', '2025-04-03 14:46:33'),
(5, 'Hướng dẫn', '2025-04-03 14:46:33', '2025-04-03 14:46:33'),
(6, 'Review', '2025-04-03 14:46:33', '2025-04-03 14:46:33'),
(7, 'Công nghệ', '2025-04-03 14:46:33', '2025-04-03 14:46:33'),
(8, 'Sự kiện', '2025-04-03 14:46:33', '2025-04-03 14:46:33'),
(9, 'Phân tích', '2025-04-03 14:46:33', '2025-04-03 14:46:33'),
(10, 'Bí quyết', '2025-04-03 14:46:33', '2025-04-03 14:46:33');

-- --------------------------------------------------------

--
-- Table structure for table `users`
--

CREATE TABLE `users` (
  `id` bigint UNSIGNED NOT NULL,
  `name` varchar(255) COLLATE utf8mb4_unicode_ci NOT NULL,
  `email` varchar(255) COLLATE utf8mb4_unicode_ci NOT NULL,
  `phone` varchar(255) COLLATE utf8mb4_unicode_ci DEFAULT NULL,
  `password` varchar(255) COLLATE utf8mb4_unicode_ci NOT NULL,
  `gender` enum('male','female','other') COLLATE utf8mb4_unicode_ci DEFAULT NULL,
  `avatar` varchar(255) COLLATE utf8mb4_unicode_ci DEFAULT NULL,
  `note` text COLLATE utf8mb4_unicode_ci,
  `role_id` bigint UNSIGNED DEFAULT NULL,
  `status` enum('active','inactive','banned') COLLATE utf8mb4_unicode_ci NOT NULL DEFAULT 'active',
  `email_verified_at` timestamp NULL DEFAULT NULL,
  `remember_token` varchar(100) COLLATE utf8mb4_unicode_ci DEFAULT NULL,
  `created_at` timestamp NULL DEFAULT NULL,
  `updated_at` timestamp NULL DEFAULT NULL
) ENGINE=InnoDB DEFAULT CHARSET=utf8mb4 COLLATE=utf8mb4_unicode_ci;

--
-- Dumping data for table `users`
--

INSERT INTO `users` (`id`, `name`, `email`, `phone`, `password`, `gender`, `avatar`, `note`, `role_id`, `status`, `email_verified_at`, `remember_token`, `created_at`, `updated_at`) VALUES
(1, 'Elian Bednar', 'hermiston.magdalena@example.org', '757-794-7566', '$2y$12$IEHXSCV268FyR7rPV0KSAOr3Fsi5.rTV5gTIMoxzFSD2fnX9CVJvG', 'other', 'avatar/avatar6.jpeg', 'Eum adipisci ad accusantium ut eum. Adipisci vel ad repudiandae saepe similique et est commodi. Occaecati ea minus quis.', 3, 'banned', '2025-04-03 14:46:21', NULL, '2023-10-01 03:53:10', '2025-04-03 14:46:21'),
(2, 'Greg Padberg', 'babbott@example.com', '1-478-476-0018', '$2y$12$/ZoFSItFFbuFJBRceAci6Or2wJOmN03bv8mSgQDlww9Ev7lMFslcm', 'other', 'avatar/avatar12.jpeg', 'Nam libero molestias nulla illum. Tempore nam quia quia voluptas modi animi exercitationem nemo. Est et voluptas aut quis maiores. Autem error quisquam asperiores corporis sed eum earum.', 3, 'inactive', '2025-04-03 14:46:21', NULL, '2021-01-01 12:18:41', '2025-04-03 14:46:21'),
(3, 'Dr. Nora Klocko', 'alayna.okon@example.org', '586-506-7319', '$2y$12$OJCpY1tOa1QvDVpcYg4QSOPMuB1kD10loV6DhiU.NH61SCixPNv7y', 'female', 'avatar/avatar10.jpeg', 'Voluptatibus molestiae quidem porro in voluptas. Temporibus deleniti repudiandae laborum quia. Et voluptas tenetur labore sit accusamus dignissimos sit.', 3, 'banned', '2025-04-03 14:46:22', NULL, '2022-06-19 17:54:09', '2025-04-05 10:21:46'),
(4, 'August Watsica', 'barney88@example.org', '+1-440-870-4480', '$2y$12$TuXjoMnK7du64.QdMn9Wo.lUC6OmWN2PwF7I.GtIGTMZImynmLG7u', 'male', 'avatar/avatar3.jpeg', 'Consectetur ducimus est voluptates ut praesentium aspernatur. Eum nostrum voluptates voluptatem doloremque. Quaerat aut quis officiis accusantium consequatur placeat dolorum.', 3, 'inactive', '2025-04-03 14:46:22', NULL, '2020-05-24 06:54:44', '2025-04-03 14:46:22'),
(5, 'Dorthy Herzog', 'mittie.ryan@example.org', '(540) 566-3783', '$2y$12$6U94p8ryYQ5VSdQhHgorDuqr4DnhFi1cJUooxv83LJVyk43ggy2fW', 'male', 'avatar/avatar12.jpeg', 'Qui deserunt facilis ut voluptatibus perspiciatis. Culpa maiores modi tempore modi. Et dolor est recusandae ut illum. Sequi laboriosam et numquam temporibus vel.', 3, 'inactive', '2025-04-03 14:46:22', NULL, '2021-06-15 13:45:07', '2025-04-03 14:46:22'),
(6, 'Dr. Candace Johns', 'clementina.conroy@example.com', '479.817.4235', '$2y$12$xQsKt8MGDsGuRlugYHO2k.0zN3z1HyTCGcHrLT3aS16XcJKtYE6MO', 'male', 'avatar/avatar2.jpeg', 'Et exercitationem corrupti rerum ut autem qui. Sit architecto sed molestias rem suscipit reprehenderit sapiente. Placeat modi laboriosam itaque perferendis.', 3, 'active', '2025-04-03 14:46:22', NULL, '2022-06-21 07:19:45', '2025-04-03 14:46:22'),
(7, 'Prof. Patricia Durgan II', 'rex22@example.net', '(346) 482-7586', '$2y$12$RAV2cNzofc97bP18U10tpuY8feFshlrbYBdL7xpUbTOMqFUJOUIpK', 'female', 'avatar/avatar6.jpeg', 'Nulla vel voluptas nemo in quia laboriosam adipisci. Ducimus tempora aut repellat atque omnis voluptatem. Autem nesciunt ullam porro enim cum.', 3, 'banned', '2025-04-03 14:46:23', NULL, '2022-01-02 09:53:43', '2025-04-03 14:46:23'),
(8, 'Annabel Friesen', 'orn.theodore@example.com', '+1-520-291-9402', '$2y$12$Kx9yVp6pPNXIgGV2o5NEZe7gLwAnuaF1i4cvEITK/LjMnpBOuuRe6', 'other', 'avatar/avatar13.jpeg', 'Cum dolore odit dolorum perspiciatis. Sapiente sunt reiciendis commodi quo ut iste. Iste hic dicta sunt optio. Odio odit praesentium omnis quos.', 3, 'banned', '2025-04-03 14:46:23', NULL, '2023-09-02 00:55:44', '2025-04-03 14:46:23'),
(9, 'Kraig Walter', 'qreynolds@example.com', '1-352-518-6102', '$2y$12$FXkpy79gR8oyC3ybfOfum.gb6A8SKGUMBxOneDCxx5msJvsxCYw6a', 'other', 'avatar/avatar15.jpeg', 'Nam est temporibus consequatur sed corrupti illo tempora. Adipisci omnis libero iure rem dolorem recusandae. Ut doloremque eum ut quia.', 3, 'inactive', '2025-04-03 14:46:23', NULL, '2024-01-31 04:18:10', '2025-04-03 14:46:23'),
(10, 'Bernie Durgan', 'pierre.leffler@example.org', '+19346172783', '$2y$12$mOp5KBTIaaxEDwMCCNegf.evaMvk7mJsgG5.Z3gn6KpvNV2xbsNh2', 'other', 'avatar/avatar13.jpeg', 'Sed expedita saepe iusto nulla laboriosam beatae. Adipisci officia fugit dolorum molestiae dolore perferendis recusandae vel. Recusandae ducimus atque ut incidunt nesciunt ea. Vitae atque corporis qui cum modi culpa.', 3, 'active', '2025-04-03 14:46:23', NULL, '2021-11-08 22:54:36', '2025-04-03 14:46:23'),
(11, 'Mazie Tromp', 'eliezer80@example.org', '646.675.2938', '$2y$12$rWa8bzDQD6gJQ9HxHhdeF.Xc1oSMD3moA.kuzdG6t618sWG4bJl12', 'male', 'avatar/avatar2.jpeg', 'Et autem aut rerum voluptates aut quia praesentium. Doloremque quia tenetur beatae laudantium architecto enim temporibus. Reiciendis recusandae quisquam perspiciatis.', 3, 'inactive', '2025-04-03 14:46:23', NULL, '2021-09-11 09:39:50', '2025-04-03 14:46:23'),
(12, 'Mr. Davon Thiel Jr.', 'kamron.huels@example.net', '+1.814.357.9565', '$2y$12$zW0SRi79bAVUYVXD7ofw2O63CZuRKRMcJCImNFmjcJBNr8wRUlIu.', 'female', 'avatar/avatar13.jpeg', 'Dolores dolorem excepturi sint sed. Eos earum sed et dolorum temporibus quod. In omnis sint deleniti rem corporis ut dignissimos aut.', 3, 'banned', '2025-04-03 14:46:24', NULL, '2023-09-08 15:51:39', '2025-04-03 14:46:24'),
(13, 'Elfrieda Rath Sr.', 'mcdermott.trent@example.net', '(551) 372-0555', '$2y$12$38CS1wMWrnnnPUCzr0l/W.aQJdtUdroqp.DJfy8/m6h/FNcJ0Ei/2', 'other', 'avatar/avatar6.jpeg', 'Vero placeat ut totam qui sint. Ab est rerum inventore ipsum sapiente dolores repellendus. Corporis cumque rerum a et iusto quas magni. Quia voluptas dicta doloribus sequi.', 3, 'banned', '2025-04-03 14:46:24', NULL, '2022-06-08 19:44:51', '2025-04-03 14:46:24'),
(14, 'Dr. Dudley Tremblay', 'little.golda@example.org', '458.815.4499', '$2y$12$fB.ZdJWIA4jUxQjtBjXd8.28HvSen70lHttXTg6WHwyylZK3pDGFa', 'male', 'avatar/avatar5.jpeg', 'Atque tempore et et culpa hic fugiat. Quisquam possimus et dolores adipisci sit natus ea. Facilis occaecati est est non. Nisi sunt nemo tempore modi.', 3, 'inactive', '2025-04-03 14:46:24', NULL, '2022-03-29 23:08:09', '2025-04-03 14:46:24'),
(15, 'Mr. Durward Bernhard', 'yconn@example.com', '+1-346-520-9197', '$2y$12$Obgm6dIGNO4GG7D34xuPQeFa1Q1QR5NfCkmQe4sEPWpgjGeG5.kH6', 'male', 'avatar/avatar7.jpeg', 'Quae quod praesentium voluptatem quaerat temporibus aut sit. Accusamus architecto optio et officia. Quo id facere assumenda praesentium veritatis velit.', 3, 'banned', '2025-04-03 14:46:24', NULL, '2023-01-11 21:16:12', '2025-04-03 14:46:24'),
(16, 'Ms. Leonora Wintheiser', 'anabelle91@example.net', '952.496.7415', '$2y$12$b4s1x7jzIlProOyKMvN8.eMMu2tO9nzu00vCdJWaGd6YpzMcPHEpm', 'male', 'avatar/avatar4.jpeg', 'Similique sint vitae vero optio. In ea sapiente ut earum. Totam non odit magni necessitatibus sit. Fuga eos dolorum quidem labore repellat hic. Sequi numquam laudantium ad natus id voluptatum consectetur.', 3, 'active', '2025-04-03 14:46:24', NULL, '2023-12-17 07:38:23', '2025-04-03 14:46:24'),
(17, 'Carroll Lebsack', 'mertie46@example.org', '580-959-1480', '$2y$12$ui8H4dd4AZGcqH7kBxoylubH7ZBS6yrqqUbnndtikY9vwIOQYYppG', 'other', 'avatar/avatar5.jpeg', 'Amet et unde non maxime. Magnam ut dolore molestias architecto incidunt. Nam explicabo ipsam sint possimus. Dolores eaque temporibus autem modi.', 3, 'inactive', '2025-04-03 14:46:25', NULL, '2022-02-25 21:07:20', '2025-04-03 14:46:25'),
(18, 'Rupert Schmitt V', 'lang.jeffrey@example.net', '1-201-837-2060', '$2y$12$qXz1bgKwrbfmnrOnq1VbfOrvFdO1rheebkjhuZiV2kDFebV4GxN/C', 'male', 'avatar/avatar5.jpeg', 'In ad harum sit aut. Sequi quae sed voluptatibus provident. Quibusdam sit repudiandae laudantium expedita expedita voluptatibus. Inventore et sit vel optio vel.', 3, 'active', '2025-04-03 14:46:25', NULL, '2020-12-03 11:43:48', '2025-04-03 14:46:25'),
(19, 'Jerry Fisher', 'wjerde@example.net', '+1 (660) 324-9765', '$2y$12$VZ0VcvRNp14xjh1Gx.W2E.mJ0PACWMMN2FgO2icXIEvYm6Rb23M3K', 'other', 'avatar/avatar5.jpeg', 'Ab reprehenderit sed illum rerum. Quos voluptatem eum fugit. Minus provident illo impedit voluptatibus.', 3, 'active', '2025-04-03 14:46:25', NULL, '2024-11-23 12:39:45', '2025-04-03 14:46:25'),
(20, 'Lonzo Simonis Sr.', 'kutch.barton@example.org', '856-470-1991', '$2y$12$GF5KDfQCHWJ6acgygkOPMeA5OPLqc9K6xEVaiL3yZfCF9eC00xEhC', 'female', 'avatar/avatar9.jpeg', 'Perferendis dolorum corrupti ipsum debitis officia ducimus. Eius soluta vel consequatur. Qui velit aut vitae nisi aut dolorem.', 3, 'banned', '2025-04-03 14:46:25', NULL, '2021-03-09 07:20:37', '2025-04-03 14:46:25'),
(21, 'Wilford Von', 'edward.kreiger@example.com', '1-984-310-5369', '$2y$12$NBIL5nqPJ8hdJgHa47FflubR5ix5DMe42H5y5f2xnhE4qjEviz35m', 'female', 'avatar/avatar6.jpeg', 'Dicta quo est excepturi harum sed delectus. Et ut ducimus earum consequatur aut ut. Error reiciendis quisquam quam soluta. Fuga vel autem quaerat iure aut aut.', 3, 'active', '2025-04-03 14:46:26', NULL, '2024-07-17 01:02:13', '2025-04-03 14:46:26'),
(22, 'Miss Lurline Kunze', 'hudson24@example.net', '(838) 916-2815', '$2y$12$QpLo8/61UHzNkefRREtQ.eqKWuuseZrvR8xThg2ugmrfIaHWIguRi', 'other', 'avatar/avatar10.jpeg', 'Ducimus numquam ipsa delectus tempora aut rerum. Voluptatem recusandae dolores aspernatur consequatur tempora quas. Repellendus veritatis aut aut officiis ut atque. Placeat eaque et perferendis qui.', 3, 'active', '2025-04-03 14:46:26', NULL, '2024-08-31 11:54:28', '2025-04-03 14:46:26'),
(23, 'Dr. Kendra Stanton', 'justice87@example.com', '+1-854-242-2938', '$2y$12$sga0ZzG/8aEEXzmQDu5FIeKU/EQ8BvufJ86yGLbYfXLfIxtdwMpSG', 'male', 'avatar/avatar7.jpeg', 'Molestiae nulla est non. Itaque velit impedit voluptas doloremque. Quo quo quisquam et assumenda aut. Porro beatae ut odio accusantium ipsam alias.', 3, 'inactive', '2025-04-03 14:46:26', NULL, '2024-11-13 05:31:41', '2025-04-03 14:46:26'),
(24, 'Dee Luettgen', 'mckenna.bahringer@example.org', '321.999.6780', '$2y$12$nIt95/cyXgDIH5xoxkQsCeAA33ch/i/5CQMRaj2kF.7XwubDMAo7W', 'female', 'avatar/avatar3.jpeg', 'Ex iusto cumque eaque nihil tempore. Voluptates quibusdam cum voluptatum voluptatem. Non et est animi cupiditate nostrum vel. Minima occaecati necessitatibus voluptatem et et. Provident cumque nam omnis iste.', 3, 'active', '2025-04-03 14:46:26', NULL, '2020-03-18 08:51:25', '2025-04-03 14:46:26'),
(25, 'Miss Burnice Legros', 'borer.keshawn@example.org', '+1-818-274-6160', '$2y$12$pkVzZSQbPNsrvkjgqZ9bE.i0U6dJV00acGXagUUMDLqniKPYrTTo2', 'female', 'avatar/avatar11.jpeg', 'Qui quaerat porro quidem nihil harum qui ipsa aut. Molestias perspiciatis temporibus mollitia perspiciatis rerum eligendi. Et velit porro ut harum ut.', 3, 'banned', '2025-04-03 14:46:26', NULL, '2022-05-23 21:04:16', '2025-04-03 14:46:26'),
(26, 'Dr. Dariana Hill V', 'jan.lakin@example.com', '445-763-4259', '$2y$12$zKD/JGdf4Sj/FWFj2OKsgus7lennXmvebLer0GW8GmCjmguB/rFvG', 'female', 'avatar/avatar4.jpeg', 'Sed rerum iste reprehenderit. Dolore tenetur aut et. In voluptatibus aliquid iusto.', 3, 'inactive', '2025-04-03 14:46:27', NULL, '2025-03-16 01:04:48', '2025-04-03 14:46:27'),
(27, 'Ms. Ardella Krajcik', 'aditya.morissette@example.net', '1-845-216-6078', '$2y$12$w26ONSeHbBg5O.Hf8HQIfOKSmIKefUUr5QgkG2c.H7xUE9KBsRLEu', 'male', 'avatar/avatar9.jpeg', 'Sit dolores omnis perferendis eos possimus ex accusantium quod. Natus mollitia optio officiis provident. Vitae iusto minima sit libero. Voluptates delectus dolor in debitis magni reprehenderit voluptates.', 3, 'active', '2025-04-03 14:46:27', NULL, '2021-05-06 10:30:43', '2025-04-03 14:46:27'),
(28, 'Carlee Hermiston', 'gbarton@example.org', '+18433225574', '$2y$12$uVEluMYRn9XmHM4E1W/ZduawUmM01eZFdzP5xtv6U3UVA6NW5Om8S', 'other', 'avatar/avatar10.jpeg', 'Culpa repudiandae enim debitis totam perspiciatis soluta dignissimos. Voluptas sed enim consectetur excepturi voluptas. Dolores beatae similique totam enim eos. Et laboriosam voluptatem voluptatibus nobis sed enim voluptate. Ea eaque ea aut maiores aut neque.', 3, 'inactive', '2025-04-03 14:46:27', NULL, '2020-08-07 08:06:58', '2025-04-03 14:46:27'),
(29, 'Elinore Pouros', 'jaskolski.clotilde@example.net', '615.556.3121', '$2y$12$gplXnsGfw9ddRx5uUdTs7uglDP6IZQPJU989uozkHYxyMMlG62snS', 'male', 'avatar/avatar12.jpeg', 'Quia quaerat quia id reprehenderit assumenda temporibus. Qui autem nesciunt sunt consectetur. Rerum fuga qui temporibus voluptas.', 3, 'inactive', '2025-04-03 14:46:27', NULL, '2022-12-29 12:13:17', '2025-04-03 14:46:27'),
(30, 'Matt Wilderman', 'cziemann@example.com', '+1-425-526-4915', '$2y$12$7aawGStwOAZwoCrTai2D2uYRO3iu8/NOjZpxy4qDauw.wM/ScktUa', 'female', 'avatar/avatar5.jpeg', 'Aliquam laboriosam magnam facilis aut et atque. Saepe sit doloremque unde rerum. At aliquid et sint est assumenda est. Delectus hic nulla qui vel.', 3, 'active', '2025-04-03 14:46:27', NULL, '2024-07-18 16:43:15', '2025-04-03 14:46:27'),
(31, 'Darrion Hane', 'leone.streich@example.org', '1-252-654-2815', '$2y$12$2pTtA2ivOwwU5.rr3gJfEeXIzFw73SB6oY.1kVtv9shjhtv9swScC', 'female', 'avatar/avatar5.jpeg', 'Qui voluptatibus quia vel quia quia sunt asperiores commodi. Suscipit quo quia soluta et deleniti earum enim. Quisquam veniam assumenda voluptatem doloribus est omnis. Atque amet eos quibusdam dolores asperiores consequatur.', 3, 'active', '2025-04-03 14:46:28', NULL, '2024-04-15 14:40:16', '2025-04-03 14:46:28'),
(32, 'Prof. Simeon Effertz', 'josh.gleason@example.net', '1-281-975-3338', '$2y$12$sgadPLAHJukM1XA2n/WZkOiIwnlwqQJMYcaldWmWmIzNz3Coynwo.', 'other', 'avatar/avatar7.jpeg', 'Quasi error doloremque nam autem reiciendis sit. Tempore dolore quasi accusantium eos. Molestias et quasi amet alias.', 3, 'inactive', '2025-04-03 14:46:28', NULL, '2022-03-21 03:01:07', '2025-04-03 14:46:28'),
(33, 'Phyllis Kunde', 'sienna76@example.net', '+1-386-920-9687', '$2y$12$KNPnuMoKDjuRKshbTM5.4.UYtXT.cEMVGZOFvmyyr/CtL1nkRzzmy', 'female', 'avatar/avatar4.jpeg', 'Sint soluta qui sit et libero est possimus. Numquam quidem quis labore ab. Dolorem qui ipsam excepturi velit. Esse praesentium quas eos rerum non. Ratione voluptatum maxime maxime mollitia iste voluptate maiores.', 3, 'inactive', '2025-04-03 14:46:28', NULL, '2024-09-28 04:11:29', '2025-04-03 14:46:28'),
(34, 'Alexanne Schuppe', 'aisha.collier@example.com', '774.635.6936', '$2y$12$rOujlmELy/8sWNcxMJeyJ.W.HP5zpFNTQpOn9wa8.iduZ.GGRsRYy', 'male', 'avatar/avatar15.jpeg', 'Blanditiis quis omnis est molestiae culpa sint. Eveniet ut est qui ipsum corrupti. Atque consequatur enim eos voluptates.', 3, 'inactive', '2025-04-03 14:46:29', NULL, '2024-11-29 20:49:42', '2025-04-03 14:46:29'),
(35, 'Sherwood Champlin', 'amari.batz@example.com', '+19793532594', '$2y$12$jbOgQAQNGTWrFoduwv9.E.YKB.Lcc7wvKxYES3j2m.rmXK4EidAOq', 'male', 'avatar/avatar14.jpeg', 'Saepe nobis quisquam id omnis tempore voluptatem. Eos deserunt qui qui officia. Doloremque eum ut at neque illum et alias aut.', 3, 'banned', '2025-04-03 14:46:29', NULL, '2025-03-17 14:02:09', '2025-04-03 14:46:29'),
(36, 'Daija Ward', 'mayert.flavie@example.net', '(820) 546-9381', '$2y$12$arW7.oGiXzkiztBejIKA6OwjpsW2BzWy6fGEiVW9NdJzj9aibSXP2', 'female', 'avatar/avatar5.jpeg', 'Impedit saepe consequuntur qui ut ducimus soluta. Molestiae nostrum magnam recusandae ut illum magnam placeat alias. Molestias enim dolor at quis dolorem at. Incidunt ut odio iure.', 3, 'banned', '2025-04-03 14:46:29', NULL, '2023-03-15 04:33:07', '2025-04-03 14:46:29'),
(37, 'Louisa Kilback Jr.', 'nora30@example.net', '+1 (440) 376-2854', '$2y$12$SAjYmyKbw5wFKiIEe/TOvO7KaQ2lOmKytJMi1c89tj02VkqL7/x8u', 'male', 'avatar/avatar2.jpeg', 'Neque recusandae consequuntur enim itaque debitis necessitatibus nobis. Fuga ut nostrum impedit aliquid et qui quas.', 3, 'banned', '2025-04-03 14:46:29', NULL, '2021-11-01 22:51:13', '2025-04-03 14:46:29'),
(38, 'Will Haag', 'jakayla.flatley@example.org', '+1.864.506.9352', '$2y$12$XuGZ.agM4vFoaNyOFk8uauUhvX/jaQ83isc9UfNVNl8OAEBZG8xHm', 'other', 'avatar/avatar11.jpeg', 'Hic rem eveniet amet. Ex odit autem occaecati distinctio similique. Sed consequatur adipisci sed fugit veritatis atque a velit. Eveniet ut eligendi magnam accusantium totam necessitatibus. Amet quas consequuntur molestias.', 3, 'active', '2025-04-03 14:46:29', NULL, '2021-08-20 18:33:24', '2025-04-03 14:46:29'),
(39, 'Rosemary Legros', 'ffeeney@example.org', '+1.534.894.1514', '$2y$12$loybtFYjVzLV2xywh/pydu3VkSY2.Sos9Kfy3iUo/CN0WSgKR2XUO', 'female', 'avatar/avatar2.jpeg', 'Non totam qui debitis. Voluptatibus laboriosam quo sint in nemo sunt. Enim debitis repellat quo inventore fugit quasi.', 3, 'active', '2025-04-03 14:46:30', NULL, '2020-01-25 00:22:03', '2025-04-03 14:46:30'),
(40, 'Leilani Buckridge', 'lgoldner@example.net', '+1-412-592-2830', '$2y$12$3yNO3y5LKG9Bc8N8b0aXAe7iShDvFeJnncTu9q6C6hxPWXqCUeNfO', 'male', 'avatar/avatar13.jpeg', 'Sunt ea dolores itaque amet. Odit ipsa ab vitae sint vel. Quaerat ipsum sit vel libero fugiat quas enim quaerat. Explicabo fuga quia quam.', 3, 'banned', '2025-04-03 14:46:30', NULL, '2020-04-24 09:58:48', '2025-04-03 14:46:30'),
(43, 'nguyễn quốc việt', 'vietblog03@gmail.com', '0366042414', '$2y$12$02urx7XU5PD6zN/HZPDLVO2AcU1RQLtJUnwkp2CWKukBIJZxajLL2', 'male', 'avatar/1743760451.jpg', NULL, 1, 'active', NULL, NULL, '2025-04-03 18:00:23', '2025-04-04 09:54:11'),
(47, 'vietblog06', 'vietblog06@gmail.com', '03660422414', '$2y$12$H8IVKB.9rg41CJCAMrEDwuGYUXfCW7i/X3jmIj9dkQBos0tJropNq', NULL, 'avatar/default.jpeg', NULL, 3, 'active', '2025-04-07 14:28:35', NULL, '2025-04-07 14:28:16', '2025-04-07 14:28:35');

-- --------------------------------------------------------

--
-- Table structure for table `user_addresses`
--

CREATE TABLE `user_addresses` (
  `id` bigint UNSIGNED NOT NULL,
  `user_id` bigint UNSIGNED NOT NULL,
  `full_name` varchar(255) COLLATE utf8mb4_unicode_ci NOT NULL,
  `phone_number` varchar(15) COLLATE utf8mb4_unicode_ci NOT NULL,
  `email` varchar(255) COLLATE utf8mb4_unicode_ci DEFAULT NULL,
  `street_address` varchar(255) COLLATE utf8mb4_unicode_ci NOT NULL,
  `ward` varchar(100) COLLATE utf8mb4_unicode_ci NOT NULL,
  `district` varchar(100) COLLATE utf8mb4_unicode_ci NOT NULL,
  `city` varchar(100) COLLATE utf8mb4_unicode_ci NOT NULL,
  `country` varchar(100) COLLATE utf8mb4_unicode_ci NOT NULL DEFAULT 'Việt Nam',
  `is_default` tinyint(1) NOT NULL DEFAULT '1',
  `note` text COLLATE utf8mb4_unicode_ci,
  `created_at` timestamp NULL DEFAULT NULL,
  `updated_at` timestamp NULL DEFAULT NULL
) ENGINE=InnoDB DEFAULT CHARSET=utf8mb4 COLLATE=utf8mb4_unicode_ci;

--
-- Dumping data for table `user_addresses`
--

INSERT INTO `user_addresses` (`id`, `user_id`, `full_name`, `phone_number`, `email`, `street_address`, `ward`, `district`, `city`, `country`, `is_default`, `note`, `created_at`, `updated_at`) VALUES
(1, 35, 'Sherwood Champlin', '0901560315', 'amari.batz@example.com', '314 Phố Thạch', 'Phường 20', 'Quận 2', 'Cần Thơ', 'Vietnam', 1, 'Địa chỉ mặc định', '2025-04-03 14:46:30', '2025-04-03 14:46:30'),
(2, 35, 'Sherwood Champlin', '0962259289', 'amari.batz@example.com', '9 Phố Bá Diệu Kiếm', 'Phường 8', 'Quận 8', 'Đà Nẵng', 'Vietnam', 0, 'Địa chỉ dự phòng', '2025-04-03 14:46:30', '2025-04-03 14:46:30'),
(3, 26, 'Dr. Dariana Hill V', '0908197554', 'jan.lakin@example.com', '473 Phố Giang Phương Yến', 'Phường 19', 'Quận 6', 'Đà Nẵng', 'Vietnam', 1, 'Địa chỉ mặc định', '2025-04-03 14:46:30', '2025-04-03 14:46:30'),
(4, 26, 'Dr. Dariana Hill V', '0946434827', 'jan.lakin@example.com', '7035 Phố Nhân', 'Phường 19', 'Quận 6', 'Hồ Chí Minh', 'Vietnam', 0, 'Địa chỉ dự phòng', '2025-04-03 14:46:30', '2025-04-03 14:46:30'),
(5, 34, 'Alexanne Schuppe', '0986200791', 'aisha.collier@example.com', '98 Phố Đan Duy Xuyến', 'Phường 1', 'Quận 8', 'Cần Thơ', 'Vietnam', 1, 'Địa chỉ mặc định', '2025-04-03 14:46:30', '2025-04-03 14:46:30'),
(6, 34, 'Alexanne Schuppe', '0910522303', 'aisha.collier@example.com', '7835 Phố Lưu Thuận Phi', 'Phường 9', 'Quận 5', 'Đà Nẵng', 'Vietnam', 0, 'Địa chỉ dự phòng', '2025-04-03 14:46:30', '2025-04-03 14:46:30'),
(7, 19, 'Jerry Fisher', '0926734840', 'wjerde@example.net', '72 Phố Vũ', 'Phường 4', 'Quận 4', 'Hà Nội', 'Vietnam', 1, 'Địa chỉ mặc định', '2025-04-03 14:46:30', '2025-04-03 14:46:30'),
(8, 19, 'Jerry Fisher', '0969600527', 'wjerde@example.net', '957 Phố Hiển', 'Phường 19', 'Quận 1', 'Hà Nội', 'Vietnam', 0, 'Địa chỉ dự phòng', '2025-04-03 14:46:30', '2025-04-03 14:46:30'),
(9, 23, 'Dr. Kendra Stanton', '0998959042', 'justice87@example.com', '4 Phố Thơ', 'Phường 16', 'Quận 1', 'Cần Thơ', 'Vietnam', 1, 'Địa chỉ mặc định', '2025-04-03 14:46:30', '2025-04-03 14:46:30'),
(10, 23, 'Dr. Kendra Stanton', '0934857863', 'justice87@example.com', '2696 Phố Mã Anh Bình', 'Phường 1', 'Quận 10', 'Cần Thơ', 'Vietnam', 0, 'Địa chỉ dự phòng', '2025-04-03 14:46:30', '2025-04-03 14:46:30'),
(11, 33, 'Phyllis Kunde', '0967641787', 'sienna76@example.net', '6 Phố Giả Việt Thường', 'Phường 6', 'Quận 9', 'Cần Thơ', 'Vietnam', 1, 'Địa chỉ mặc định', '2025-04-03 14:46:30', '2025-04-03 14:46:30'),
(12, 33, 'Phyllis Kunde', '0961236578', 'sienna76@example.net', '3064 Phố Trương Nhu Bình', 'Phường 11', 'Quận 4', 'Hồ Chí Minh', 'Vietnam', 0, 'Địa chỉ dự phòng', '2025-04-03 14:46:30', '2025-04-03 14:46:30'),
(13, 22, 'Miss Lurline Kunze', '0904789548', 'hudson24@example.net', '1008 Phố Lữ Giang Thắm', 'Phường 16', 'Quận 4', 'Hồ Chí Minh', 'Vietnam', 1, 'Địa chỉ mặc định', '2025-04-03 14:46:30', '2025-04-03 14:46:30'),
(14, 22, 'Miss Lurline Kunze', '0955923446', 'hudson24@example.net', '272 Phố Bạc', 'Phường 6', 'Quận 10', 'Hà Nội', 'Vietnam', 0, 'Địa chỉ dự phòng', '2025-04-03 14:46:30', '2025-04-03 14:46:30'),
(15, 30, 'Matt Wilderman', '0975799339', 'cziemann@example.com', '99 Phố Diệp Tiên Thường', 'Phường 4', 'Quận 11', 'Đà Nẵng', 'Vietnam', 1, 'Địa chỉ mặc định', '2025-04-03 14:46:30', '2025-04-03 14:46:30'),
(16, 30, 'Matt Wilderman', '0924254973', 'cziemann@example.com', '99 Phố Kiều Vũ Văn', 'Phường 5', 'Quận 1', 'Cần Thơ', 'Vietnam', 0, 'Địa chỉ dự phòng', '2025-04-03 14:46:30', '2025-04-03 14:46:30'),
(17, 21, 'Wilford Von', '0956732422', 'edward.kreiger@example.com', '83 Phố Phan Liễu Lộ', 'Phường 19', 'Quận 9', 'Hà Nội', 'Vietnam', 1, 'Địa chỉ mặc định', '2025-04-03 14:46:30', '2025-04-03 14:46:30'),
(18, 21, 'Wilford Von', '0913160447', 'edward.kreiger@example.com', '526 Phố Trịnh Thọ Sáng', 'Phường 8', 'Quận 2', 'Cần Thơ', 'Vietnam', 0, 'Địa chỉ dự phòng', '2025-04-03 14:46:30', '2025-04-03 14:46:30'),
(19, 31, 'Darrion Hane', '0902633856', 'leone.streich@example.org', '8458 Phố Bàng', 'Phường 17', 'Quận 6', 'Hồ Chí Minh', 'Vietnam', 1, 'Địa chỉ mặc định', '2025-04-03 14:46:30', '2025-04-03 14:46:30'),
(20, 31, 'Darrion Hane', '0929661916', 'leone.streich@example.org', '1154 Phố Đỗ Trang Duệ', 'Phường 3', 'Quận 11', 'Cần Thơ', 'Vietnam', 0, 'Địa chỉ dự phòng', '2025-04-03 14:46:30', '2025-04-03 14:46:30'),
(21, 9, 'Kraig Walter', '0933092380', 'qreynolds@example.com', '932 Phố Mẫn', 'Phường 1', 'Quận 9', 'Đà Nẵng', 'Vietnam', 1, 'Địa chỉ mặc định', '2025-04-03 14:46:30', '2025-04-03 14:46:30'),
(22, 9, 'Kraig Walter', '0906680051', 'qreynolds@example.com', '74 Phố Mai Nhân Ngân', 'Phường 6', 'Quận 2', 'Cần Thơ', 'Vietnam', 0, 'Địa chỉ dự phòng', '2025-04-03 14:46:30', '2025-04-03 14:46:30'),
(23, 16, 'Ms. Leonora Wintheiser', '0966306873', 'anabelle91@example.net', '782 Phố Ma Phụng Long', 'Phường 17', 'Quận 4', 'Đà Nẵng', 'Vietnam', 1, 'Địa chỉ mặc định', '2025-04-03 14:46:30', '2025-04-03 14:46:30'),
(24, 16, 'Ms. Leonora Wintheiser', '0998561636', 'anabelle91@example.net', '483 Phố Tông', 'Phường 3', 'Quận 12', 'Hà Nội', 'Vietnam', 0, 'Địa chỉ dự phòng', '2025-04-03 14:46:30', '2025-04-03 14:46:30'),
(25, 1, 'Elian Bednar', '0949400388', 'hermiston.magdalena@example.org', '466 Phố Lỳ Quế Băng', 'Phường 7', 'Quận 2', 'Hồ Chí Minh', 'Vietnam', 1, 'Địa chỉ mặc định', '2025-04-03 14:46:30', '2025-04-03 14:46:30'),
(26, 1, 'Elian Bednar', '0918572203', 'hermiston.magdalena@example.org', '7 Phố Kha Toại Khánh', 'Phường 6', 'Quận 2', 'Hồ Chí Minh', 'Vietnam', 0, 'Địa chỉ dự phòng', '2025-04-03 14:46:30', '2025-04-03 14:46:30'),
(27, 12, 'Mr. Davon Thiel Jr.', '0903415691', 'kamron.huels@example.net', '5 Phố Ngân Công Thịnh', 'Phường 6', 'Quận 7', 'Hà Nội', 'Vietnam', 1, 'Địa chỉ mặc định', '2025-04-03 14:46:30', '2025-04-03 14:46:30'),
(28, 12, 'Mr. Davon Thiel Jr.', '0900659219', 'kamron.huels@example.net', '528 Phố Đàm Bình Thoại', 'Phường 12', 'Quận 9', 'Hồ Chí Minh', 'Vietnam', 0, 'Địa chỉ dự phòng', '2025-04-03 14:46:30', '2025-04-03 14:46:30'),
(29, 8, 'Annabel Friesen', '0984385358', 'orn.theodore@example.com', '33 Phố Tiền', 'Phường 7', 'Quận 6', 'Hà Nội', 'Vietnam', 1, 'Địa chỉ mặc định', '2025-04-03 14:46:30', '2025-04-03 14:46:30'),
(30, 8, 'Annabel Friesen', '0971780660', 'orn.theodore@example.com', '48 Phố Bàng Du Khanh', 'Phường 17', 'Quận 7', 'Cần Thơ', 'Vietnam', 0, 'Địa chỉ dự phòng', '2025-04-03 14:46:30', '2025-04-03 14:46:30'),
(31, 36, 'Daija Ward', '0975041241', 'mayert.flavie@example.net', '3011 Phố Cự Cương Kính', 'Phường 8', 'Quận 11', 'Đà Nẵng', 'Vietnam', 1, 'Địa chỉ mặc định', '2025-04-03 14:46:30', '2025-04-03 14:46:30'),
(32, 36, 'Daija Ward', '0995045138', 'mayert.flavie@example.net', '77 Phố Mai Yến Mỹ', 'Phường 11', 'Quận 9', 'Cần Thơ', 'Vietnam', 0, 'Địa chỉ dự phòng', '2025-04-03 14:46:30', '2025-04-03 14:46:30'),
(33, 15, 'Mr. Durward Bernhard', '0909519986', 'yconn@example.com', '9821 Phố Lữ Lực Hải', 'Phường 20', 'Quận 8', 'Hồ Chí Minh', 'Vietnam', 1, 'Địa chỉ mặc định', '2025-04-03 14:46:30', '2025-04-03 14:46:30'),
(34, 15, 'Mr. Durward Bernhard', '0948433264', 'yconn@example.com', '6 Phố Ấu Hưng Đôn', 'Phường 12', 'Quận 4', 'Hà Nội', 'Vietnam', 0, 'Địa chỉ dự phòng', '2025-04-03 14:46:30', '2025-04-03 14:46:30'),
(35, 29, 'Elinore Pouros', '0943183533', 'jaskolski.clotilde@example.net', '70 Phố Huỳnh', 'Phường 18', 'Quận 6', 'Đà Nẵng', 'Vietnam', 1, 'Địa chỉ mặc định', '2025-04-03 14:46:30', '2025-04-03 14:46:30'),
(36, 29, 'Elinore Pouros', '0981862235', 'jaskolski.clotilde@example.net', '405 Phố Bàng Dương Đạo', 'Phường 20', 'Quận 1', 'Hà Nội', 'Vietnam', 0, 'Địa chỉ dự phòng', '2025-04-03 14:46:30', '2025-04-03 14:46:30'),
(37, 6, 'Dr. Candace Johns', '0945238400', 'clementina.conroy@example.com', '142 Phố Bạc Giác Huy', 'Phường 19', 'Quận 7', 'Cần Thơ', 'Vietnam', 1, 'Địa chỉ mặc định', '2025-04-03 14:46:30', '2025-04-03 14:46:30'),
(38, 6, 'Dr. Candace Johns', '0975002964', 'clementina.conroy@example.com', '7 Phố Đoàn Phụng Hồng', 'Phường 19', 'Quận 8', 'Hà Nội', 'Vietnam', 0, 'Địa chỉ dự phòng', '2025-04-03 14:46:30', '2025-04-03 14:46:30'),
(39, 3, 'Dr. Nora Klocko', '0984526055', 'alayna.okon@example.org', '2 Phố Điền', 'Phường 8', 'Quận 11', 'Hồ Chí Minh', 'Vietnam', 1, 'Địa chỉ mặc định', '2025-04-03 14:46:30', '2025-04-03 14:46:30'),
(40, 3, 'Dr. Nora Klocko', '0991517686', 'alayna.okon@example.org', '72 Phố Lều Luận Long', 'Phường 15', 'Quận 8', 'Hà Nội', 'Vietnam', 0, 'Địa chỉ dự phòng', '2025-04-03 14:46:30', '2025-04-03 14:46:30'),
(41, 13, 'Elfrieda Rath Sr.', '0914441994', 'mcdermott.trent@example.net', '6 Phố Trung', 'Phường 13', 'Quận 5', 'Đà Nẵng', 'Vietnam', 1, 'Địa chỉ mặc định', '2025-04-03 14:46:30', '2025-04-03 14:46:30'),
(42, 13, 'Elfrieda Rath Sr.', '0987062552', 'mcdermott.trent@example.net', '9 Phố Tòng', 'Phường 13', 'Quận 8', 'Đà Nẵng', 'Vietnam', 0, 'Địa chỉ dự phòng', '2025-04-03 14:46:30', '2025-04-03 14:46:30'),
(43, 25, 'Miss Burnice Legros', '0980762340', 'borer.keshawn@example.org', '62 Phố Cầm Lan Cảnh', 'Phường 13', 'Quận 5', 'Hồ Chí Minh', 'Vietnam', 1, 'Địa chỉ mặc định', '2025-04-03 14:46:30', '2025-04-03 14:46:30'),
(44, 25, 'Miss Burnice Legros', '0992006531', 'borer.keshawn@example.org', '219 Phố Giao', 'Phường 13', 'Quận 6', 'Hồ Chí Minh', 'Vietnam', 0, 'Địa chỉ dự phòng', '2025-04-03 14:46:30', '2025-04-03 14:46:30'),
(45, 14, 'Dr. Dudley Tremblay', '0956906701', 'little.golda@example.org', '7006 Phố Thủy', 'Phường 18', 'Quận 11', 'Đà Nẵng', 'Vietnam', 1, 'Địa chỉ mặc định', '2025-04-03 14:46:30', '2025-04-03 14:46:30'),
(46, 14, 'Dr. Dudley Tremblay', '0938310516', 'little.golda@example.org', '33 Phố Xa Khang Hiệp', 'Phường 4', 'Quận 4', 'Cần Thơ', 'Vietnam', 0, 'Địa chỉ dự phòng', '2025-04-03 14:46:30', '2025-04-03 14:46:30'),
(47, 32, 'Prof. Simeon Effertz', '0986722234', 'josh.gleason@example.net', '3230 Phố Giáp', 'Phường 19', 'Quận 11', 'Cần Thơ', 'Vietnam', 1, 'Địa chỉ mặc định', '2025-04-03 14:46:30', '2025-04-03 14:46:30'),
(48, 32, 'Prof. Simeon Effertz', '0924277286', 'josh.gleason@example.net', '43 Phố Châu Xuân Ngà', 'Phường 1', 'Quận 11', 'Cần Thơ', 'Vietnam', 0, 'Địa chỉ dự phòng', '2025-04-03 14:46:30', '2025-04-03 14:46:30'),
(49, 17, 'Carroll Lebsack', '0948289896', 'mertie46@example.org', '559 Phố Lữ Điệp Từ', 'Phường 16', 'Quận 1', 'Đà Nẵng', 'Vietnam', 1, 'Địa chỉ mặc định', '2025-04-03 14:46:30', '2025-04-03 14:46:30'),
(50, 17, 'Carroll Lebsack', '0908321702', 'mertie46@example.org', '5 Phố Nhiên', 'Phường 16', 'Quận 9', 'Đà Nẵng', 'Vietnam', 0, 'Địa chỉ dự phòng', '2025-04-03 14:46:30', '2025-04-03 14:46:30'),
(51, 7, 'Prof. Patricia Durgan II', '0996629047', 'rex22@example.net', '2 Phố Lữ Hiệp Thoại', 'Phường 2', 'Quận 11', 'Hồ Chí Minh', 'Vietnam', 1, 'Địa chỉ mặc định', '2025-04-03 14:46:30', '2025-04-03 14:46:30'),
(52, 7, 'Prof. Patricia Durgan II', '0947522139', 'rex22@example.net', '55 Phố Dao', 'Phường 6', 'Quận 5', 'Đà Nẵng', 'Vietnam', 0, 'Địa chỉ dự phòng', '2025-04-03 14:46:30', '2025-04-03 14:46:30'),
(53, 10, 'Bernie Durgan', '0938381762', 'pierre.leffler@example.org', '1816 Phố Sơn Hồng Nhung', 'Phường 19', 'Quận 7', 'Hồ Chí Minh', 'Vietnam', 1, 'Địa chỉ mặc định', '2025-04-03 14:46:30', '2025-04-03 14:46:30'),
(54, 10, 'Bernie Durgan', '0983355825', 'pierre.leffler@example.org', '1172 Phố Đàn', 'Phường 5', 'Quận 7', 'Hà Nội', 'Vietnam', 0, 'Địa chỉ dự phòng', '2025-04-03 14:46:30', '2025-04-03 14:46:30'),
(55, 37, 'Louisa Kilback Jr.', '0958269838', 'nora30@example.net', '10 Phố Khuất', 'Phường 18', 'Quận 5', 'Hồ Chí Minh', 'Vietnam', 1, 'Địa chỉ mặc định', '2025-04-03 14:46:30', '2025-04-03 14:46:30'),
(56, 37, 'Louisa Kilback Jr.', '0996065519', 'nora30@example.net', '680 Phố Danh Khánh Kim', 'Phường 16', 'Quận 10', 'Cần Thơ', 'Vietnam', 0, 'Địa chỉ dự phòng', '2025-04-03 14:46:30', '2025-04-03 14:46:30'),
(57, 11, 'Mazie Tromp', '0947767159', 'eliezer80@example.org', '6524 Phố Trân', 'Phường 10', 'Quận 6', 'Hồ Chí Minh', 'Vietnam', 1, 'Địa chỉ mặc định', '2025-04-03 14:46:30', '2025-04-03 14:46:30'),
(58, 11, 'Mazie Tromp', '0916272379', 'eliezer80@example.org', '4 Phố Hiền', 'Phường 14', 'Quận 5', 'Đà Nẵng', 'Vietnam', 0, 'Địa chỉ dự phòng', '2025-04-03 14:46:30', '2025-04-03 14:46:30'),
(59, 38, 'Will Haag', '0988514522', 'jakayla.flatley@example.org', '467 Phố Lưu Tâm Thư', 'Phường 15', 'Quận 11', 'Đà Nẵng', 'Vietnam', 1, 'Địa chỉ mặc định', '2025-04-03 14:46:30', '2025-04-03 14:46:30'),
(60, 38, 'Will Haag', '0990907178', 'jakayla.flatley@example.org', '66 Phố Đinh Hòa Bích', 'Phường 1', 'Quận 1', 'Hà Nội', 'Vietnam', 0, 'Địa chỉ dự phòng', '2025-04-03 14:46:30', '2025-04-03 14:46:30'),
(61, 5, 'Dorthy Herzog', '0983068494', 'mittie.ryan@example.org', '825 Phố Ngô Đại Ân', 'Phường 6', 'Quận 2', 'Cần Thơ', 'Vietnam', 1, 'Địa chỉ mặc định', '2025-04-03 14:46:30', '2025-04-03 14:46:30'),
(62, 5, 'Dorthy Herzog', '0981236664', 'mittie.ryan@example.org', '1 Phố La Dao Mai', 'Phường 15', 'Quận 4', 'Hà Nội', 'Vietnam', 0, 'Địa chỉ dự phòng', '2025-04-03 14:46:30', '2025-04-03 14:46:30'),
(63, 27, 'Ms. Ardella Krajcik', '0940422518', 'aditya.morissette@example.net', '884 Phố Vinh', 'Phường 16', 'Quận 7', 'Đà Nẵng', 'Vietnam', 1, 'Địa chỉ mặc định', '2025-04-03 14:46:30', '2025-04-03 14:46:30'),
(64, 27, 'Ms. Ardella Krajcik', '0994921252', 'aditya.morissette@example.net', '702 Phố Thơ', 'Phường 18', 'Quận 4', 'Đà Nẵng', 'Vietnam', 0, 'Địa chỉ dự phòng', '2025-04-03 14:46:30', '2025-04-03 14:46:30'),
(65, 20, 'Lonzo Simonis Sr.', '0960755418', 'kutch.barton@example.org', '4444 Phố Lỳ Xuân Hiên', 'Phường 7', 'Quận 7', 'Hà Nội', 'Vietnam', 1, 'Địa chỉ mặc định', '2025-04-03 14:46:30', '2025-04-03 14:46:30'),
(66, 20, 'Lonzo Simonis Sr.', '0969736269', 'kutch.barton@example.org', '5 Phố Tòng', 'Phường 6', 'Quận 12', 'Hồ Chí Minh', 'Vietnam', 0, 'Địa chỉ dự phòng', '2025-04-03 14:46:30', '2025-04-03 14:46:30'),
(67, 2, 'Greg Padberg', '0947645247', 'babbott@example.com', '9913 Phố Mang Hỷ Hợp', 'Phường 12', 'Quận 1', 'Hồ Chí Minh', 'Vietnam', 1, 'Địa chỉ mặc định', '2025-04-03 14:46:30', '2025-04-03 14:46:30'),
(68, 2, 'Greg Padberg', '0943773847', 'babbott@example.com', '91 Phố Đoàn Cúc Nhuận', 'Phường 2', 'Quận 4', 'Hồ Chí Minh', 'Vietnam', 0, 'Địa chỉ dự phòng', '2025-04-03 14:46:30', '2025-04-03 14:46:30'),
(69, 18, 'Rupert Schmitt V', '0982200784', 'lang.jeffrey@example.net', '3 Phố Khoa Quyên Cần', 'Phường 6', 'Quận 3', 'Hồ Chí Minh', 'Vietnam', 1, 'Địa chỉ mặc định', '2025-04-03 14:46:30', '2025-04-03 14:46:30'),
(70, 18, 'Rupert Schmitt V', '0938010640', 'lang.jeffrey@example.net', '6210 Phố Nhiệm Mai Bảo', 'Phường 8', 'Quận 2', 'Cần Thơ', 'Vietnam', 0, 'Địa chỉ dự phòng', '2025-04-03 14:46:30', '2025-04-03 14:46:30'),
(71, 28, 'Carlee Hermiston', '0968298495', 'gbarton@example.org', '1 Phố Dao', 'Phường 1', 'Quận 8', 'Hà Nội', 'Vietnam', 1, 'Địa chỉ mặc định', '2025-04-03 14:46:30', '2025-04-03 14:46:30'),
(72, 28, 'Carlee Hermiston', '0924742205', 'gbarton@example.org', '90 Phố Mộc', 'Phường 10', 'Quận 6', 'Hà Nội', 'Vietnam', 0, 'Địa chỉ dự phòng', '2025-04-03 14:46:30', '2025-04-03 14:46:30'),
(73, 4, 'August Watsica', '0925361637', 'barney88@example.org', '806 Phố Kim Tiên Hiển', 'Phường 14', 'Quận 2', 'Hồ Chí Minh', 'Vietnam', 1, 'Địa chỉ mặc định', '2025-04-03 14:46:30', '2025-04-03 14:46:30'),
(74, 4, 'August Watsica', '0938561408', 'barney88@example.org', '17 Phố Kha Giang Hân', 'Phường 8', 'Quận 11', 'Hà Nội', 'Vietnam', 0, 'Địa chỉ dự phòng', '2025-04-03 14:46:30', '2025-04-03 14:46:30'),
(75, 40, 'Leilani Buckridge', '0926486203', 'lgoldner@example.net', '26 Phố Phúc', 'Phường 8', 'Quận 12', 'Hà Nội', 'Vietnam', 1, 'Địa chỉ mặc định', '2025-04-03 14:46:30', '2025-04-03 14:46:30'),
(76, 40, 'Leilani Buckridge', '0912582828', 'lgoldner@example.net', '9 Phố Võ Bạch Đào', 'Phường 7', 'Quận 2', 'Cần Thơ', 'Vietnam', 0, 'Địa chỉ dự phòng', '2025-04-03 14:46:30', '2025-04-03 14:46:30'),
(77, 24, 'Dee Luettgen', '0900913788', 'mckenna.bahringer@example.org', '7380 Phố Khuê', 'Phường 16', 'Quận 2', 'Hồ Chí Minh', 'Vietnam', 1, 'Địa chỉ mặc định', '2025-04-03 14:46:30', '2025-04-03 14:46:30'),
(78, 24, 'Dee Luettgen', '0943528360', 'mckenna.bahringer@example.org', '958 Phố Thái', 'Phường 17', 'Quận 12', 'Đà Nẵng', 'Vietnam', 0, 'Địa chỉ dự phòng', '2025-04-03 14:46:30', '2025-04-03 14:46:30'),
(79, 39, 'Rosemary Legros', '0954428064', 'ffeeney@example.org', '2 Phố Lê Trân Phượng', 'Phường 6', 'Quận 5', 'Hồ Chí Minh', 'Vietnam', 1, 'Địa chỉ mặc định', '2025-04-03 14:46:30', '2025-04-03 14:46:30'),
(80, 39, 'Rosemary Legros', '0947344686', 'ffeeney@example.org', '132 Phố Khuất Nhượng Quyết', 'Phường 3', 'Quận 8', 'Hà Nội', 'Vietnam', 0, 'Địa chỉ dự phòng', '2025-04-03 14:46:30', '2025-04-03 14:46:30'),
(82, 43, 'nguyễn quốc việt', '0366042414', 'vietblog03@gmail.com', 'Số 17, ngách 63/33/71 lê đức thọ Phường Mỹ Đình 2, Quận Nam Từ Liêm, Hà Nội', 'dsdf', 'fdsfsd', 'Hà Nội', 'Việt Nam', 1, NULL, '2025-04-03 18:00:23', '2025-04-03 18:00:23');

-- --------------------------------------------------------

--
-- Table structure for table `variant_attributes`
--

CREATE TABLE `variant_attributes` (
  `id` bigint UNSIGNED NOT NULL,
  `variant_id` bigint UNSIGNED NOT NULL,
  `attribute_value_id` bigint UNSIGNED NOT NULL
) ENGINE=InnoDB DEFAULT CHARSET=utf8mb4 COLLATE=utf8mb4_unicode_ci;

--
-- Dumping data for table `variant_attributes`
--

INSERT INTO `variant_attributes` (`id`, `variant_id`, `attribute_value_id`) VALUES
(21, 11, 11),
(22, 11, 15),
(23, 12, 11),
(24, 12, 13),
(25, 13, 12),
(26, 13, 13),
(27, 14, 10),
(28, 14, 14),
(29, 15, 12),
(30, 15, 15),
(31, 16, 2),
(32, 16, 7),
(33, 17, 3),
(34, 17, 8),
(35, 18, 3),
(36, 18, 7),
(37, 19, 1),
(38, 19, 8),
(39, 20, 3),
(40, 20, 9),
(41, 21, 12),
(42, 21, 17),
(43, 22, 10),
(44, 22, 16),
(45, 23, 11),
(46, 23, 18),
(47, 24, 10),
(48, 24, 17),
(49, 25, 11),
(50, 25, 16),
(51, 26, 7),
(52, 26, 13),
(53, 27, 8),
(54, 27, 15),
(55, 28, 9),
(56, 28, 15),
(57, 29, 9),
(58, 29, 14),
(59, 30, 7),
(60, 30, 15),
(61, 31, 4),
(62, 31, 11),
(63, 32, 6),
(64, 32, 10),
(65, 33, 6),
(66, 33, 12),
(67, 34, 5),
(68, 34, 10),
(69, 35, 5),
(70, 35, 11),
(71, 36, 2),
(72, 36, 13),
(73, 37, 2),
(74, 37, 14),
(75, 38, 2),
(76, 38, 15),
(77, 39, 3),
(78, 39, 13),
(79, 40, 1),
(80, 40, 15),
(81, 41, 3),
(82, 41, 13),
(83, 42, 2),
(84, 42, 14),
(85, 43, 3),
(86, 43, 15),
(87, 44, 3),
(88, 44, 14),
(89, 45, 2),
(90, 45, 13),
(91, 46, 2),
(92, 46, 17),
(93, 47, 3),
(94, 47, 18),
(95, 48, 2),
(96, 48, 18),
(97, 49, 3),
(98, 49, 16),
(99, 50, 2),
(100, 50, 16),
(101, 51, 10),
(102, 51, 18),
(103, 52, 12),
(104, 52, 17),
(105, 53, 10),
(106, 53, 16),
(107, 54, 11),
(108, 54, 18),
(109, 55, 12),
(110, 55, 18),
(111, 56, 10),
(112, 56, 18),
(113, 57, 10),
(114, 57, 17),
(115, 58, 12),
(116, 58, 16),
(117, 59, 12),
(118, 59, 18),
(119, 60, 12),
(120, 60, 17),
(121, 61, 11),
(122, 61, 17),
(123, 62, 10),
(124, 62, 18),
(125, 63, 10),
(126, 63, 16),
(127, 64, 11),
(128, 64, 18),
(129, 65, 12),
(130, 65, 17),
(131, 66, 2),
(132, 66, 13),
(133, 67, 3),
(134, 67, 13),
(135, 68, 1),
(136, 68, 15),
(137, 69, 2),
(138, 69, 15),
(139, 70, 1),
(140, 70, 13),
(141, 71, 4),
(142, 71, 7),
(143, 72, 6),
(144, 72, 8),
(145, 73, 6),
(146, 73, 7),
(147, 74, 5),
(148, 74, 7),
(149, 75, 6),
(150, 75, 9),
(151, 76, 3),
(152, 76, 5),
(153, 77, 2),
(154, 77, 5),
(155, 78, 3),
(156, 78, 6),
(157, 79, 1),
(158, 79, 6),
(159, 80, 2),
(160, 80, 4),
(161, 81, 2),
(162, 81, 12),
(163, 82, 3),
(164, 82, 12),
(165, 83, 3),
(166, 83, 11),
(167, 84, 1),
(168, 84, 11),
(169, 85, 1),
(170, 85, 12),
(171, 86, 9),
(172, 86, 15),
(173, 87, 7),
(174, 87, 13),
(175, 88, 8),
(176, 88, 15),
(177, 89, 9),
(178, 89, 14),
(179, 90, 8),
(180, 90, 13),
(181, 91, 14),
(182, 91, 16),
(183, 92, 13),
(184, 92, 18),
(185, 93, 14),
(186, 93, 17),
(187, 94, 15),
(188, 94, 18),
(189, 95, 15),
(190, 95, 16),
(191, 96, 11),
(192, 96, 18),
(193, 97, 10),
(194, 97, 18),
(195, 98, 12),
(196, 98, 17),
(197, 99, 11),
(198, 99, 16),
(199, 100, 10),
(200, 100, 17),
(201, 101, 5),
(202, 101, 14),
(203, 102, 6),
(204, 102, 14),
(205, 103, 5),
(206, 103, 15),
(207, 104, 4),
(208, 104, 15),
(209, 105, 4),
(210, 105, 14),
(211, 106, 1),
(212, 106, 17),
(213, 107, 3),
(214, 107, 18),
(215, 108, 2),
(216, 108, 17),
(217, 109, 3),
(218, 109, 16),
(219, 110, 2),
(220, 110, 18),
(221, 111, 7),
(222, 111, 16),
(223, 112, 8),
(224, 112, 16),
(225, 113, 8),
(226, 113, 18),
(227, 114, 9),
(228, 114, 17),
(229, 115, 9),
(230, 115, 16),
(231, 116, 15),
(232, 116, 18),
(233, 117, 13),
(234, 117, 17),
(235, 118, 14),
(236, 118, 16),
(237, 119, 13),
(238, 119, 18),
(239, 120, 13),
(240, 120, 16),
(241, 121, 2),
(242, 121, 7),
(243, 122, 3),
(244, 122, 8),
(245, 123, 2),
(246, 123, 8),
(247, 124, 1),
(248, 124, 8),
(249, 125, 1),
(250, 125, 9),
(251, 126, 1),
(252, 126, 14),
(253, 127, 2),
(254, 127, 15),
(255, 128, 1),
(256, 128, 13),
(257, 129, 1),
(258, 129, 15),
(259, 130, 3),
(260, 130, 15),
(271, 136, 2),
(272, 136, 18),
(273, 137, 3),
(274, 137, 17),
(275, 138, 1),
(276, 138, 17),
(277, 139, 3),
(278, 139, 16),
(279, 140, 1),
(280, 140, 16),
(281, 141, 2),
(282, 141, 17),
(283, 142, 3),
(284, 142, 16),
(285, 143, 2),
(286, 143, 16),
(287, 144, 1),
(288, 144, 17),
(289, 145, 3),
(290, 145, 18),
(291, 146, 11),
(292, 146, 13),
(293, 147, 10),
(294, 147, 15),
(295, 148, 11),
(296, 148, 15),
(297, 149, 12),
(298, 149, 14),
(299, 150, 12),
(300, 150, 15),
(301, 151, 13),
(302, 151, 17),
(303, 152, 14),
(304, 152, 18),
(305, 153, 13),
(306, 153, 16),
(307, 154, 15),
(308, 154, 16),
(309, 155, 13),
(310, 155, 18),
(311, 156, 5),
(312, 156, 13),
(313, 157, 6),
(314, 157, 15),
(315, 158, 6),
(316, 158, 14),
(317, 159, 5),
(318, 159, 14),
(319, 160, 5),
(320, 160, 15),
(321, 161, 5),
(322, 161, 18),
(323, 162, 6),
(324, 162, 17),
(325, 163, 4),
(326, 163, 17),
(327, 164, 4),
(328, 164, 16),
(329, 165, 6),
(330, 165, 18),
(331, 166, 1),
(332, 166, 5),
(333, 167, 2),
(334, 167, 6),
(335, 168, 2),
(336, 168, 4),
(337, 169, 3),
(338, 169, 4),
(339, 170, 1),
(340, 170, 4),
(341, 171, 5),
(342, 171, 11),
(343, 172, 6),
(344, 172, 12),
(345, 173, 5),
(346, 173, 12),
(347, 174, 6),
(348, 174, 10),
(349, 175, 4),
(350, 175, 11),
(351, 176, 13),
(352, 176, 18),
(353, 177, 13),
(354, 177, 17),
(355, 178, 13),
(356, 178, 16),
(357, 179, 14),
(358, 179, 17),
(359, 180, 15),
(360, 180, 16),
(361, 181, 3),
(362, 181, 11),
(363, 182, 2),
(364, 182, 10),
(365, 183, 1),
(366, 183, 12),
(367, 184, 3),
(368, 184, 10),
(369, 185, 2),
(370, 185, 11),
(371, 186, 10),
(372, 186, 15),
(373, 187, 11),
(374, 187, 14),
(375, 188, 12),
(376, 188, 15),
(377, 189, 10),
(378, 189, 14),
(379, 190, 10),
(380, 190, 13),
(381, 191, 3),
(382, 191, 13),
(383, 192, 2),
(384, 192, 14),
(385, 193, 3),
(386, 193, 14),
(387, 194, 1),
(388, 194, 13),
(389, 195, 3),
(390, 195, 15),
(391, 196, 3),
(392, 196, 8),
(393, 197, 2),
(394, 197, 9),
(395, 198, 3),
(396, 198, 7),
(397, 199, 1),
(398, 199, 9),
(399, 200, 1),
(400, 200, 7),
(401, 201, 3),
(402, 201, 10),
(403, 202, 3),
(404, 202, 12),
(405, 203, 1),
(406, 203, 11),
(407, 204, 2),
(408, 204, 11),
(409, 205, 2),
(410, 205, 12),
(411, 206, 1),
(412, 206, 15),
(413, 207, 3),
(414, 207, 15),
(415, 208, 2),
(416, 208, 13),
(417, 209, 2),
(418, 209, 15),
(419, 210, 3),
(420, 210, 14),
(421, 211, 12),
(422, 211, 16),
(423, 212, 10),
(424, 212, 16),
(425, 213, 11),
(426, 213, 18),
(427, 214, 12),
(428, 214, 17),
(429, 215, 10),
(430, 215, 18),
(431, 216, 6),
(432, 216, 10),
(433, 217, 5),
(434, 217, 11),
(435, 218, 6),
(436, 218, 12),
(437, 219, 4),
(438, 219, 10),
(439, 220, 5),
(440, 220, 10),
(441, 221, 9),
(442, 221, 17),
(443, 222, 7),
(444, 222, 17),
(445, 223, 9),
(446, 223, 16),
(447, 224, 7),
(448, 224, 16),
(449, 225, 8),
(450, 225, 18),
(451, 226, 6),
(452, 226, 8),
(453, 227, 5),
(454, 227, 9),
(455, 228, 4),
(456, 228, 7),
(457, 229, 5),
(458, 229, 8),
(459, 230, 6),
(460, 230, 7),
(461, 231, 2),
(462, 231, 11),
(463, 232, 1),
(464, 232, 11),
(465, 233, 3),
(466, 233, 12),
(467, 234, 3),
(468, 234, 10),
(469, 235, 2),
(470, 235, 12),
(471, 236, 3),
(472, 236, 12),
(473, 237, 1),
(474, 237, 11),
(475, 238, 2),
(476, 238, 11),
(477, 239, 3),
(478, 239, 10),
(479, 240, 1),
(480, 240, 10),
(484, 241, 2),
(485, 241, 9),
(486, 241, 16),
(487, 242, 2),
(488, 242, 9),
(489, 242, 17),
(490, 6, 3),
(491, 6, 6),
(492, 7, 2),
(493, 7, 4),
(494, 8, 2),
(495, 8, 5),
(496, 9, 1),
(497, 9, 4),
(498, 10, 1),
(499, 10, 6),
(500, 243, 5),
(501, 243, 10);

-- --------------------------------------------------------

--
-- Table structure for table `vouchers`
--

CREATE TABLE `vouchers` (
  `id` bigint UNSIGNED NOT NULL,
  `name` varchar(255) COLLATE utf8mb4_unicode_ci NOT NULL,
  `code` varchar(255) COLLATE utf8mb4_unicode_ci NOT NULL,
  `discount_type` enum('percent','fixed') COLLATE utf8mb4_unicode_ci NOT NULL,
  `discount_value` decimal(10,2) NOT NULL,
  `min_order` decimal(10,2) DEFAULT NULL,
  `max_uses` int DEFAULT NULL,
  `used_count` int NOT NULL DEFAULT '0',
  `start_date` datetime DEFAULT NULL,
  `expires_at` datetime DEFAULT NULL,
  `status` enum('active','expired') COLLATE utf8mb4_unicode_ci NOT NULL DEFAULT 'active',
  `created_at` timestamp NULL DEFAULT NULL,
  `updated_at` timestamp NULL DEFAULT NULL,
  `deleted_at` timestamp NULL DEFAULT NULL
) ENGINE=InnoDB DEFAULT CHARSET=utf8mb4 COLLATE=utf8mb4_unicode_ci;

--
-- Dumping data for table `vouchers`
--

INSERT INTO `vouchers` (`id`, `name`, `code`, `discount_type`, `discount_value`, `min_order`, `max_uses`, `used_count`, `start_date`, `expires_at`, `status`, `created_at`, `updated_at`, `deleted_at`) VALUES
(1, 'Giảm 5% Đơn Hàng Trên 2 Triệu', 'SALE5P', 'percent', '5.00', '2000000.00', 100, 1, '2025-04-03 21:46:34', '2025-05-03 21:46:34', 'active', '2025-04-03 14:46:34', '2025-04-05 12:33:22', '2025-04-05 12:33:22'),
(2, 'Giảm 5% Đơn Hàng Trên 5 Triệu', 'VIP5P', 'percent', '5.00', '5000000.00', 50, 0, '2025-04-03 21:46:34', '2025-06-02 21:46:34', 'active', '2025-04-03 14:46:34', '2025-04-03 14:46:34', NULL),
(3, 'Giảm 500K Cho Đơn Hàng Trên 3 Triệu', 'FIXED500K', 'fixed', '500000.00', '3000000.00', 80, 0, '2025-04-03 21:46:34', '2025-05-18 21:46:34', 'active', '2025-04-03 14:46:34', '2025-04-03 14:46:34', NULL),
(4, 'Giảm 1 Triệu Đơn Hàng Trên 7 Triệu', 'FIXED1M', 'fixed', '1000000.00', '7000000.00', 30, 0, '2025-04-03 21:46:34', '2025-07-02 21:46:34', 'active', '2025-04-03 14:46:34', '2025-04-03 14:46:34', NULL),
(5, 'Voucher Đặc Biệt - Giảm 5% Đơn Hàng 10 Triệu', 'SPECIAL5P', 'percent', '5.00', '10000000.00', 20, 0, '2025-04-03 21:46:34', '2025-08-01 21:46:34', 'active', '2025-04-03 14:46:34', '2025-04-03 14:46:34', NULL);

-- --------------------------------------------------------

--
-- Table structure for table `wishlists`
--

CREATE TABLE `wishlists` (
  `id` bigint UNSIGNED NOT NULL,
  `user_id` bigint UNSIGNED NOT NULL,
  `product_id` bigint UNSIGNED NOT NULL,
  `created_at` timestamp NULL DEFAULT NULL,
  `updated_at` timestamp NULL DEFAULT NULL
) ENGINE=InnoDB DEFAULT CHARSET=utf8mb4 COLLATE=utf8mb4_unicode_ci;

--
-- Indexes for dumped tables
--

--
-- Indexes for table `attributes`
--
ALTER TABLE `attributes`
  ADD PRIMARY KEY (`id`);

--
-- Indexes for table `attribute_values`
--
ALTER TABLE `attribute_values`
  ADD PRIMARY KEY (`id`),
  ADD KEY `attribute_values_attribute_id_foreign` (`attribute_id`);

--
-- Indexes for table `banners`
--
ALTER TABLE `banners`
  ADD PRIMARY KEY (`id`);

--
-- Indexes for table `brands`
--
ALTER TABLE `brands`
  ADD PRIMARY KEY (`id`),
  ADD KEY `brands_parent_id_foreign` (`parent_id`);

--
-- Indexes for table `carts`
--
ALTER TABLE `carts`
  ADD PRIMARY KEY (`id`),
  ADD KEY `carts_user_id_foreign` (`user_id`);

--
-- Indexes for table `cart_details`
--
ALTER TABLE `cart_details`
  ADD PRIMARY KEY (`id`),
  ADD KEY `cart_details_cart_id_foreign` (`cart_id`),
  ADD KEY `cart_details_variant_id_foreign` (`variant_id`);

--
-- Indexes for table `categories`
--
ALTER TABLE `categories`
  ADD PRIMARY KEY (`id`),
  ADD KEY `categories_parent_id_foreign` (`parent_id`);

--
-- Indexes for table `comments`
--
ALTER TABLE `comments`
  ADD PRIMARY KEY (`id`),
  ADD KEY `comments_user_id_foreign` (`user_id`),
  ADD KEY `comments_parent_id_foreign` (`parent_id`),
  ADD KEY `comments_entity_id_entity_type_index` (`entity_id`,`entity_type`);

--
-- Indexes for table `contacts`
--
ALTER TABLE `contacts`
  ADD PRIMARY KEY (`id`);

--
-- Indexes for table `failed_jobs`
--
ALTER TABLE `failed_jobs`
  ADD PRIMARY KEY (`id`),
  ADD UNIQUE KEY `failed_jobs_uuid_unique` (`uuid`);

--
-- Indexes for table `migrations`
--
ALTER TABLE `migrations`
  ADD PRIMARY KEY (`id`);

--
-- Indexes for table `model_has_permissions`
--
ALTER TABLE `model_has_permissions`
  ADD PRIMARY KEY (`permission_id`,`model_id`,`model_type`),
  ADD KEY `model_has_permissions_model_id_model_type_index` (`model_id`,`model_type`);

--
-- Indexes for table `model_has_roles`
--
ALTER TABLE `model_has_roles`
  ADD PRIMARY KEY (`role_id`,`model_id`,`model_type`),
  ADD KEY `model_has_roles_model_id_model_type_index` (`model_id`,`model_type`);

--
-- Indexes for table `orders`
--
ALTER TABLE `orders`
  ADD PRIMARY KEY (`id`),
  ADD UNIQUE KEY `orders_order_code_unique` (`order_code`),
  ADD KEY `orders_user_id_foreign` (`user_id`),
  ADD KEY `orders_voucher_id_foreign` (`voucher_id`);

--
-- Indexes for table `order_items`
--
ALTER TABLE `order_items`
  ADD PRIMARY KEY (`id`),
  ADD KEY `order_items_order_id_foreign` (`order_id`),
  ADD KEY `order_items_variant_id_foreign` (`variant_id`);

--
-- Indexes for table `password_reset_tokens`
--
ALTER TABLE `password_reset_tokens`
  ADD PRIMARY KEY (`email`);

--
-- Indexes for table `payments`
--
ALTER TABLE `payments`
  ADD PRIMARY KEY (`id`),
  ADD KEY `payments_order_id_foreign` (`order_id`);

--
-- Indexes for table `permissions`
--
ALTER TABLE `permissions`
  ADD PRIMARY KEY (`id`),
  ADD UNIQUE KEY `permissions_name_guard_name_unique` (`name`,`guard_name`);

--
-- Indexes for table `personal_access_tokens`
--
ALTER TABLE `personal_access_tokens`
  ADD PRIMARY KEY (`id`),
  ADD UNIQUE KEY `personal_access_tokens_token_unique` (`token`),
  ADD KEY `personal_access_tokens_tokenable_type_tokenable_id_index` (`tokenable_type`,`tokenable_id`);

--
-- Indexes for table `posts`
--
ALTER TABLE `posts`
  ADD PRIMARY KEY (`id`),
  ADD KEY `posts_user_id_foreign` (`user_id`);

--
-- Indexes for table `post_categories`
--
ALTER TABLE `post_categories`
  ADD PRIMARY KEY (`post_id`,`category_id`),
  ADD KEY `post_categories_category_id_foreign` (`category_id`);

--
-- Indexes for table `post_tag`
--
ALTER TABLE `post_tag`
  ADD PRIMARY KEY (`post_id`,`tag_id`),
  ADD UNIQUE KEY `post_tag_post_id_tag_id_unique` (`post_id`,`tag_id`),
  ADD KEY `post_tag_tag_id_foreign` (`tag_id`);

--
-- Indexes for table `products`
--
ALTER TABLE `products`
  ADD PRIMARY KEY (`id`),
  ADD KEY `products_category_id_foreign` (`category_id`),
  ADD KEY `products_brand_id_foreign` (`brand_id`);

--
-- Indexes for table `product_has_attributes`
--
ALTER TABLE `product_has_attributes`
  ADD PRIMARY KEY (`id`),
  ADD KEY `product_has_attributes_product_id_foreign` (`product_id`),
  ADD KEY `product_has_attributes_attribute_id_foreign` (`attribute_id`);

--
-- Indexes for table `product_variants`
--
ALTER TABLE `product_variants`
  ADD PRIMARY KEY (`id`),
  ADD UNIQUE KEY `product_variants_sku_unique` (`sku`),
  ADD KEY `product_variants_product_id_foreign` (`product_id`);

--
-- Indexes for table `reviews`
--
ALTER TABLE `reviews`
  ADD PRIMARY KEY (`id`),
  ADD KEY `reviews_user_id_foreign` (`user_id`),
  ADD KEY `reviews_product_id_foreign` (`product_id`);

--
-- Indexes for table `roles`
--
ALTER TABLE `roles`
  ADD PRIMARY KEY (`id`),
  ADD UNIQUE KEY `roles_name_guard_name_unique` (`name`,`guard_name`);

--
-- Indexes for table `role_has_permissions`
--
ALTER TABLE `role_has_permissions`
  ADD PRIMARY KEY (`permission_id`,`role_id`),
  ADD KEY `role_has_permissions_role_id_foreign` (`role_id`);

--
-- Indexes for table `settings`
--
ALTER TABLE `settings`
  ADD PRIMARY KEY (`id`),
  ADD UNIQUE KEY `settings_key_unique` (`key`);

--
-- Indexes for table `settings__name`
--
ALTER TABLE `settings__name`
  ADD PRIMARY KEY (`id`);

--
-- Indexes for table `shipments`
--
ALTER TABLE `shipments`
  ADD PRIMARY KEY (`id`),
  ADD KEY `shipments_order_id_foreign` (`order_id`);

--
-- Indexes for table `status_history`
--
ALTER TABLE `status_history`
  ADD PRIMARY KEY (`id`),
  ADD KEY `status_history_changed_by_foreign` (`changed_by`);

--
-- Indexes for table `tags`
--
ALTER TABLE `tags`
  ADD PRIMARY KEY (`id`),
  ADD UNIQUE KEY `tags_name_unique` (`name`);

--
-- Indexes for table `users`
--
ALTER TABLE `users`
  ADD PRIMARY KEY (`id`),
  ADD UNIQUE KEY `users_email_unique` (`email`),
  ADD UNIQUE KEY `users_phone_unique` (`phone`);

--
-- Indexes for table `user_addresses`
--
ALTER TABLE `user_addresses`
  ADD PRIMARY KEY (`id`),
  ADD KEY `user_addresses_user_id_foreign` (`user_id`);

--
-- Indexes for table `variant_attributes`
--
ALTER TABLE `variant_attributes`
  ADD PRIMARY KEY (`id`),
  ADD KEY `variant_attributes_variant_id_foreign` (`variant_id`),
  ADD KEY `variant_attributes_attribute_value_id_foreign` (`attribute_value_id`);

--
-- Indexes for table `vouchers`
--
ALTER TABLE `vouchers`
  ADD PRIMARY KEY (`id`),
  ADD UNIQUE KEY `vouchers_code_unique` (`code`);

--
-- Indexes for table `wishlists`
--
ALTER TABLE `wishlists`
  ADD PRIMARY KEY (`id`),
  ADD KEY `wishlists_user_id_foreign` (`user_id`),
  ADD KEY `wishlists_product_id_foreign` (`product_id`);

--
-- AUTO_INCREMENT for dumped tables
--

--
-- AUTO_INCREMENT for table `attributes`
--
ALTER TABLE `attributes`
  MODIFY `id` bigint UNSIGNED NOT NULL AUTO_INCREMENT, AUTO_INCREMENT=7;

--
-- AUTO_INCREMENT for table `attribute_values`
--
ALTER TABLE `attribute_values`
  MODIFY `id` bigint UNSIGNED NOT NULL AUTO_INCREMENT, AUTO_INCREMENT=19;

--
-- AUTO_INCREMENT for table `banners`
--
ALTER TABLE `banners`
  MODIFY `id` bigint UNSIGNED NOT NULL AUTO_INCREMENT, AUTO_INCREMENT=2;

--
-- AUTO_INCREMENT for table `brands`
--
ALTER TABLE `brands`
  MODIFY `id` bigint UNSIGNED NOT NULL AUTO_INCREMENT, AUTO_INCREMENT=42;

--
-- AUTO_INCREMENT for table `carts`
--
ALTER TABLE `carts`
  MODIFY `id` bigint UNSIGNED NOT NULL AUTO_INCREMENT, AUTO_INCREMENT=9;

--
-- AUTO_INCREMENT for table `cart_details`
--
ALTER TABLE `cart_details`
  MODIFY `id` bigint UNSIGNED NOT NULL AUTO_INCREMENT, AUTO_INCREMENT=19;

--
-- AUTO_INCREMENT for table `categories`
--
ALTER TABLE `categories`
  MODIFY `id` bigint UNSIGNED NOT NULL AUTO_INCREMENT, AUTO_INCREMENT=29;

--
-- AUTO_INCREMENT for table `comments`
--
ALTER TABLE `comments`
  MODIFY `id` bigint UNSIGNED NOT NULL AUTO_INCREMENT, AUTO_INCREMENT=28;

--
-- AUTO_INCREMENT for table `contacts`
--
ALTER TABLE `contacts`
  MODIFY `id` bigint UNSIGNED NOT NULL AUTO_INCREMENT, AUTO_INCREMENT=2;

--
-- AUTO_INCREMENT for table `failed_jobs`
--
ALTER TABLE `failed_jobs`
  MODIFY `id` bigint UNSIGNED NOT NULL AUTO_INCREMENT;

--
-- AUTO_INCREMENT for table `migrations`
--
ALTER TABLE `migrations`
  MODIFY `id` int UNSIGNED NOT NULL AUTO_INCREMENT, AUTO_INCREMENT=36;

--
-- AUTO_INCREMENT for table `orders`
--
ALTER TABLE `orders`
  MODIFY `id` bigint UNSIGNED NOT NULL AUTO_INCREMENT, AUTO_INCREMENT=1027;

--
-- AUTO_INCREMENT for table `order_items`
--
ALTER TABLE `order_items`
  MODIFY `id` bigint UNSIGNED NOT NULL AUTO_INCREMENT, AUTO_INCREMENT=2507;

--
-- AUTO_INCREMENT for table `payments`
--
ALTER TABLE `payments`
  MODIFY `id` bigint UNSIGNED NOT NULL AUTO_INCREMENT, AUTO_INCREMENT=64;

--
-- AUTO_INCREMENT for table `permissions`
--
ALTER TABLE `permissions`
  MODIFY `id` bigint UNSIGNED NOT NULL AUTO_INCREMENT, AUTO_INCREMENT=5;

--
-- AUTO_INCREMENT for table `personal_access_tokens`
--
ALTER TABLE `personal_access_tokens`
  MODIFY `id` bigint UNSIGNED NOT NULL AUTO_INCREMENT;

--
-- AUTO_INCREMENT for table `posts`
--
ALTER TABLE `posts`
  MODIFY `id` bigint UNSIGNED NOT NULL AUTO_INCREMENT, AUTO_INCREMENT=81;

--
-- AUTO_INCREMENT for table `products`
--
ALTER TABLE `products`
  MODIFY `id` bigint UNSIGNED NOT NULL AUTO_INCREMENT, AUTO_INCREMENT=51;

--
-- AUTO_INCREMENT for table `product_has_attributes`
--
ALTER TABLE `product_has_attributes`
  MODIFY `id` bigint UNSIGNED NOT NULL AUTO_INCREMENT, AUTO_INCREMENT=102;

--
-- AUTO_INCREMENT for table `product_variants`
--
ALTER TABLE `product_variants`
  MODIFY `id` bigint UNSIGNED NOT NULL AUTO_INCREMENT, AUTO_INCREMENT=244;

--
-- AUTO_INCREMENT for table `reviews`
--
ALTER TABLE `reviews`
  MODIFY `id` bigint UNSIGNED NOT NULL AUTO_INCREMENT;

--
-- AUTO_INCREMENT for table `roles`
--
ALTER TABLE `roles`
  MODIFY `id` bigint UNSIGNED NOT NULL AUTO_INCREMENT, AUTO_INCREMENT=4;

--
-- AUTO_INCREMENT for table `settings`
--
ALTER TABLE `settings`
  MODIFY `id` bigint UNSIGNED NOT NULL AUTO_INCREMENT, AUTO_INCREMENT=17;

--
-- AUTO_INCREMENT for table `settings__name`
--
ALTER TABLE `settings__name`
  MODIFY `id` bigint UNSIGNED NOT NULL AUTO_INCREMENT;

--
-- AUTO_INCREMENT for table `shipments`
--
ALTER TABLE `shipments`
  MODIFY `id` bigint UNSIGNED NOT NULL AUTO_INCREMENT, AUTO_INCREMENT=1022;

--
-- AUTO_INCREMENT for table `status_history`
--
ALTER TABLE `status_history`
  MODIFY `id` bigint UNSIGNED NOT NULL AUTO_INCREMENT, AUTO_INCREMENT=54;

--
-- AUTO_INCREMENT for table `tags`
--
ALTER TABLE `tags`
  MODIFY `id` bigint UNSIGNED NOT NULL AUTO_INCREMENT, AUTO_INCREMENT=11;

--
-- AUTO_INCREMENT for table `users`
--
ALTER TABLE `users`
  MODIFY `id` bigint UNSIGNED NOT NULL AUTO_INCREMENT, AUTO_INCREMENT=49;

--
-- AUTO_INCREMENT for table `user_addresses`
--
ALTER TABLE `user_addresses`
  MODIFY `id` bigint UNSIGNED NOT NULL AUTO_INCREMENT, AUTO_INCREMENT=84;

--
-- AUTO_INCREMENT for table `variant_attributes`
--
ALTER TABLE `variant_attributes`
  MODIFY `id` bigint UNSIGNED NOT NULL AUTO_INCREMENT, AUTO_INCREMENT=502;

--
-- AUTO_INCREMENT for table `vouchers`
--
ALTER TABLE `vouchers`
  MODIFY `id` bigint UNSIGNED NOT NULL AUTO_INCREMENT, AUTO_INCREMENT=6;

--
-- AUTO_INCREMENT for table `wishlists`
--
ALTER TABLE `wishlists`
  MODIFY `id` bigint UNSIGNED NOT NULL AUTO_INCREMENT;

--
-- Constraints for dumped tables
--

--
-- Constraints for table `attribute_values`
--
ALTER TABLE `attribute_values`
  ADD CONSTRAINT `attribute_values_attribute_id_foreign` FOREIGN KEY (`attribute_id`) REFERENCES `attributes` (`id`) ON DELETE CASCADE;

--
-- Constraints for table `brands`
--
ALTER TABLE `brands`
  ADD CONSTRAINT `brands_parent_id_foreign` FOREIGN KEY (`parent_id`) REFERENCES `brands` (`id`) ON DELETE SET NULL;

--
-- Constraints for table `carts`
--
ALTER TABLE `carts`
  ADD CONSTRAINT `carts_user_id_foreign` FOREIGN KEY (`user_id`) REFERENCES `users` (`id`) ON DELETE CASCADE;

--
-- Constraints for table `cart_details`
--
ALTER TABLE `cart_details`
  ADD CONSTRAINT `cart_details_cart_id_foreign` FOREIGN KEY (`cart_id`) REFERENCES `carts` (`id`) ON DELETE CASCADE,
  ADD CONSTRAINT `cart_details_variant_id_foreign` FOREIGN KEY (`variant_id`) REFERENCES `product_variants` (`id`) ON DELETE CASCADE;

--
-- Constraints for table `categories`
--
ALTER TABLE `categories`
  ADD CONSTRAINT `categories_parent_id_foreign` FOREIGN KEY (`parent_id`) REFERENCES `categories` (`id`) ON DELETE SET NULL;

--
-- Constraints for table `comments`
--
ALTER TABLE `comments`
  ADD CONSTRAINT `comments_parent_id_foreign` FOREIGN KEY (`parent_id`) REFERENCES `comments` (`id`) ON DELETE CASCADE,
  ADD CONSTRAINT `comments_user_id_foreign` FOREIGN KEY (`user_id`) REFERENCES `users` (`id`) ON DELETE CASCADE;

--
-- Constraints for table `model_has_permissions`
--
ALTER TABLE `model_has_permissions`
  ADD CONSTRAINT `model_has_permissions_permission_id_foreign` FOREIGN KEY (`permission_id`) REFERENCES `permissions` (`id`) ON DELETE CASCADE;

--
-- Constraints for table `model_has_roles`
--
ALTER TABLE `model_has_roles`
  ADD CONSTRAINT `model_has_roles_role_id_foreign` FOREIGN KEY (`role_id`) REFERENCES `roles` (`id`) ON DELETE CASCADE;

--
-- Constraints for table `orders`
--
ALTER TABLE `orders`
  ADD CONSTRAINT `orders_user_id_foreign` FOREIGN KEY (`user_id`) REFERENCES `users` (`id`) ON DELETE CASCADE,
  ADD CONSTRAINT `orders_voucher_id_foreign` FOREIGN KEY (`voucher_id`) REFERENCES `vouchers` (`id`) ON DELETE SET NULL;

--
-- Constraints for table `order_items`
--
ALTER TABLE `order_items`
  ADD CONSTRAINT `order_items_order_id_foreign` FOREIGN KEY (`order_id`) REFERENCES `orders` (`id`) ON DELETE CASCADE,
  ADD CONSTRAINT `order_items_variant_id_foreign` FOREIGN KEY (`variant_id`) REFERENCES `product_variants` (`id`) ON DELETE CASCADE;

--
-- Constraints for table `payments`
--
ALTER TABLE `payments`
  ADD CONSTRAINT `payments_order_id_foreign` FOREIGN KEY (`order_id`) REFERENCES `orders` (`id`) ON DELETE CASCADE;

--
-- Constraints for table `posts`
--
ALTER TABLE `posts`
  ADD CONSTRAINT `posts_user_id_foreign` FOREIGN KEY (`user_id`) REFERENCES `users` (`id`) ON DELETE CASCADE;

--
-- Constraints for table `post_categories`
--
ALTER TABLE `post_categories`
  ADD CONSTRAINT `post_categories_category_id_foreign` FOREIGN KEY (`category_id`) REFERENCES `categories` (`id`) ON DELETE CASCADE,
  ADD CONSTRAINT `post_categories_post_id_foreign` FOREIGN KEY (`post_id`) REFERENCES `posts` (`id`) ON DELETE CASCADE;

--
-- Constraints for table `post_tag`
--
ALTER TABLE `post_tag`
  ADD CONSTRAINT `post_tag_post_id_foreign` FOREIGN KEY (`post_id`) REFERENCES `posts` (`id`) ON DELETE CASCADE,
  ADD CONSTRAINT `post_tag_tag_id_foreign` FOREIGN KEY (`tag_id`) REFERENCES `tags` (`id`) ON DELETE CASCADE;

--
-- Constraints for table `products`
--
ALTER TABLE `products`
  ADD CONSTRAINT `products_brand_id_foreign` FOREIGN KEY (`brand_id`) REFERENCES `brands` (`id`) ON DELETE SET NULL,
  ADD CONSTRAINT `products_category_id_foreign` FOREIGN KEY (`category_id`) REFERENCES `categories` (`id`) ON DELETE CASCADE;

--
-- Constraints for table `product_has_attributes`
--
ALTER TABLE `product_has_attributes`
  ADD CONSTRAINT `product_has_attributes_attribute_id_foreign` FOREIGN KEY (`attribute_id`) REFERENCES `attributes` (`id`) ON DELETE CASCADE,
  ADD CONSTRAINT `product_has_attributes_product_id_foreign` FOREIGN KEY (`product_id`) REFERENCES `products` (`id`) ON DELETE CASCADE;

--
-- Constraints for table `product_variants`
--
ALTER TABLE `product_variants`
  ADD CONSTRAINT `product_variants_product_id_foreign` FOREIGN KEY (`product_id`) REFERENCES `products` (`id`) ON DELETE CASCADE;

--
-- Constraints for table `reviews`
--
ALTER TABLE `reviews`
  ADD CONSTRAINT `reviews_product_id_foreign` FOREIGN KEY (`product_id`) REFERENCES `products` (`id`) ON DELETE CASCADE,
  ADD CONSTRAINT `reviews_user_id_foreign` FOREIGN KEY (`user_id`) REFERENCES `users` (`id`) ON DELETE CASCADE;

--
-- Constraints for table `role_has_permissions`
--
ALTER TABLE `role_has_permissions`
  ADD CONSTRAINT `role_has_permissions_permission_id_foreign` FOREIGN KEY (`permission_id`) REFERENCES `permissions` (`id`) ON DELETE CASCADE,
  ADD CONSTRAINT `role_has_permissions_role_id_foreign` FOREIGN KEY (`role_id`) REFERENCES `roles` (`id`) ON DELETE CASCADE;

--
-- Constraints for table `shipments`
--
ALTER TABLE `shipments`
  ADD CONSTRAINT `shipments_order_id_foreign` FOREIGN KEY (`order_id`) REFERENCES `orders` (`id`) ON DELETE CASCADE;

--
-- Constraints for table `status_history`
--
ALTER TABLE `status_history`
  ADD CONSTRAINT `status_history_changed_by_foreign` FOREIGN KEY (`changed_by`) REFERENCES `users` (`id`) ON DELETE CASCADE;

--
-- Constraints for table `user_addresses`
--
ALTER TABLE `user_addresses`
  ADD CONSTRAINT `user_addresses_user_id_foreign` FOREIGN KEY (`user_id`) REFERENCES `users` (`id`) ON DELETE CASCADE;

--
-- Constraints for table `variant_attributes`
--
ALTER TABLE `variant_attributes`
  ADD CONSTRAINT `variant_attributes_attribute_value_id_foreign` FOREIGN KEY (`attribute_value_id`) REFERENCES `attribute_values` (`id`) ON DELETE CASCADE,
  ADD CONSTRAINT `variant_attributes_variant_id_foreign` FOREIGN KEY (`variant_id`) REFERENCES `product_variants` (`id`) ON DELETE CASCADE;

--
-- Constraints for table `wishlists`
--
ALTER TABLE `wishlists`
  ADD CONSTRAINT `wishlists_product_id_foreign` FOREIGN KEY (`product_id`) REFERENCES `products` (`id`) ON DELETE CASCADE,
  ADD CONSTRAINT `wishlists_user_id_foreign` FOREIGN KEY (`user_id`) REFERENCES `users` (`id`) ON DELETE CASCADE;
COMMIT;

/*!40101 SET CHARACTER_SET_CLIENT=@OLD_CHARACTER_SET_CLIENT */;
/*!40101 SET CHARACTER_SET_RESULTS=@OLD_CHARACTER_SET_RESULTS */;
/*!40101 SET COLLATION_CONNECTION=@OLD_COLLATION_CONNECTION */;
